FL26 Dugout đang chạy tại http://127.0.0.1:8770/
15:40:25 Đồng bộ xong: Arsenal FC, ngày 11/4/2026 (4.5s).
----------------------------------------
Exception occurred during processing of request from ('127.0.0.1', 60978)
Traceback (most recent call last):
  File "C:\Users\Windows\AppData\Local\Python\pythoncore-3.14-64\Lib\socketserver.py", line 697, in process_request_thread
    self.finish_request(request, client_address)
    ~~~~~~~~~~~~~~~~~~~^^^^^^^^^^^^^^^^^^^^^^^^^
  File "C:\Users\Windows\AppData\Local\Python\pythoncore-3.14-64\Lib\socketserver.py", line 362, in finish_request
    self.RequestHandlerClass(request, client_address, self)
    ~~~~~~~~~~~~~~~~~~~~~~~~^^^^^^^^^^^^^^^^^^^^^^^^^^^^^^^
  File "C:\Users\Windows\AppData\Local\Python\pythoncore-3.14-64\Lib\socketserver.py", line 766, in __init__
    self.handle()
    ~~~~~~~~~~~^^
  File "C:\Users\Windows\AppData\Local\Python\pythoncore-3.14-64\Lib\http\server.py", line 502, in handle
    self.handle_one_request()
    ~~~~~~~~~~~~~~~~~~~~~~~^^
  File "C:\Users\Windows\AppData\Local\Python\pythoncore-3.14-64\Lib\http\server.py", line 468, in handle_one_request
    self.raw_requestline = self.rfile.readline(65537)
                           ~~~~~~~~~~~~~~~~~~~^^^^^^^
  File "C:\Users\Windows\AppData\Local\Python\pythoncore-3.14-64\Lib\socket.py", line 729, in readinto
    return self._sock.recv_into(b)
           ~~~~~~~~~~~~~~~~~~~~^^^
ConnectionResetError: [WinError 10054] An existing connection was forcibly closed by the remote host
----------------------------------------
FL26 Dugout đang chạy tại http://127.0.0.1:8770/
15:41:29 Đồng bộ xong: Arsenal FC, ngày 11/4/2026 (4.5s).
----------------------------------------
Exception occurred during processing of request from ('127.0.0.1', 61392)
Traceback (most recent call last):
  File "C:\Users\Windows\AppData\Local\Python\pythoncore-3.14-64\Lib\socketserver.py", line 697, in process_request_thread
    self.finish_request(request, client_address)
    ~~~~~~~~~~~~~~~~~~~^^^^^^^^^^^^^^^^^^^^^^^^^
  File "C:\Users\Windows\AppData\Local\Python\pythoncore-3.14-64\Lib\socketserver.py", line 362, in finish_request
    self.RequestHandlerClass(request, client_address, self)
    ~~~~~~~~~~~~~~~~~~~~~~~~^^^^^^^^^^^^^^^^^^^^^^^^^^^^^^^
  File "C:\Users\Windows\AppData\Local\Python\pythoncore-3.14-64\Lib\socketserver.py", line 766, in __init__
    self.handle()
    ~~~~~~~~~~~^^
  File "C:\Users\Windows\AppData\Local\Python\pythoncore-3.14-64\Lib\http\server.py", line 502, in handle
    self.handle_one_request()
    ~~~~~~~~~~~~~~~~~~~~~~~^^
  File "C:\Users\Windows\AppData\Local\Python\pythoncore-3.14-64\Lib\http\server.py", line 468, in handle_one_request
    self.raw_requestline = self.rfile.readline(65537)
                           ~~~~~~~~~~~~~~~~~~~^^^^^^^
  File "C:\Users\Windows\AppData\Local\Python\pythoncore-3.14-64\Lib\socket.py", line 729, in readinto
    return self._sock.recv_into(b)
           ~~~~~~~~~~~~~~~~~~~~^^^
ConnectionResetError: [WinError 10054] An existing connection was forcibly closed by the remote host
----------------------------------------
FL26 Dugout đang chạy tại http://127.0.0.1:8770/
15:49:54 Đồng bộ xong: Arsenal FC, ngày 11/4/2026 (8.1s).
Cửa sổ Dugout đã đóng: tắt.
FL26 Dugout đang chạy tại http://127.0.0.1:8770/
18:56:00 Đồng bộ xong: Arsenal FC, ngày 18/4/2026 (9.2s).
Cửa sổ Dugout đã đóng: tắt.
FL26 Dugout đang chạy tại http://127.0.0.1:8770/
19:19:32 Đồng bộ xong: Arsenal FC, ngày 18/4/2026 (5.5s).
----------------------------------------
Exception occurred during processing of request from ('127.0.0.1', 51256)
Traceback (most recent call last):
  File "C:\Users\Windows\AppData\Local\Python\pythoncore-3.14-64\Lib\socketserver.py", line 697, in process_request_thread
    self.finish_request(request, client_address)
    ~~~~~~~~~~~~~~~~~~~^^^^^^^^^^^^^^^^^^^^^^^^^
  File "C:\Users\Windows\AppData\Local\Python\pythoncore-3.14-64\Lib\socketserver.py", line 362, in finish_request
    self.RequestHandlerClass(request, client_address, self)
    ~~~~~~~~~~~~~~~~~~~~~~~~^^^^^^^^^^^^^^^^^^^^^^^^^^^^^^^
  File "C:\Users\Windows\AppData\Local\Python\pythoncore-3.14-64\Lib\socketserver.py", line 766, in __init__
    self.handle()
    ~~~~~~~~~~~^^
  File "C:\Users\Windows\AppData\Local\Python\pythoncore-3.14-64\Lib\http\server.py", line 502, in handle
    self.handle_one_request()
    ~~~~~~~~~~~~~~~~~~~~~~~^^
  File "C:\Users\Windows\AppData\Local\Python\pythoncore-3.14-64\Lib\http\server.py", line 468, in handle_one_request
    self.raw_requestline = self.rfile.readline(65537)
                           ~~~~~~~~~~~~~~~~~~~^^^^^^^
  File "C:\Users\Windows\AppData\Local\Python\pythoncore-3.14-64\Lib\socket.py", line 729, in readinto
    return self._sock.recv_into(b)
           ~~~~~~~~~~~~~~~~~~~~^^^
ConnectionResetError: [WinError 10054] An existing connection was forcibly closed by the remote host
----------------------------------------
----------------------------------------
Exception occurred during processing of request from ('127.0.0.1', 65473)
Traceback (most recent call last):
  File "C:\Users\Windows\AppData\Local\Python\pythoncore-3.14-64\Lib\socketserver.py", line 697, in process_request_thread
    self.finish_request(request, client_address)
    ~~~~~~~~~~~~~~~~~~~^^^^^^^^^^^^^^^^^^^^^^^^^
  File "C:\Users\Windows\AppData\Local\Python\pythoncore-3.14-64\Lib\socketserver.py", line 362, in finish_request
    self.RequestHandlerClass(request, client_address, self)
    ~~~~~~~~~~~~~~~~~~~~~~~~^^^^^^^^^^^^^^^^^^^^^^^^^^^^^^^
  File "C:\Users\Windows\AppData\Local\Python\pythoncore-3.14-64\Lib\socketserver.py", line 766, in __init__
    self.handle()
    ~~~~~~~~~~~^^
  File "C:\Users\Windows\AppData\Local\Python\pythoncore-3.14-64\Lib\http\server.py", line 502, in handle
    self.handle_one_request()
    ~~~~~~~~~~~~~~~~~~~~~~~^^
  File "C:\Users\Windows\AppData\Local\Python\pythoncore-3.14-64\Lib\http\server.py", line 468, in handle_one_request
    self.raw_requestline = self.rfile.readline(65537)
                           ~~~~~~~~~~~~~~~~~~~^^^^^^^
  File "C:\Users\Windows\AppData\Local\Python\pythoncore-3.14-64\Lib\socket.py", line 729, in readinto
    return self._sock.recv_into(b)
           ~~~~~~~~~~~~~~~~~~~~^^^
ConnectionResetError: [WinError 10054] An existing connection was forcibly closed by the remote host
----------------------------------------
FL26 Dugout đang chạy tại http://127.0.0.1:8770/
19:21:28 Đồng bộ xong: Arsenal FC, ngày 18/4/2026 (5.1s).
FL26 Dugout đang chạy tại http://127.0.0.1:8770/
19:23:26 Đồng bộ xong: Arsenal FC, ngày 18/4/2026 (8.6s).
Cửa sổ Dugout đã đóng: tắt.
FL26 Dugout đang chạy tại http://127.0.0.1:8770/
19:52:23 Lưu trữ thêm 6.522 trận trên thế giới vào dữ liệu của AI.
19:52:23 Đồng bộ xong: Arsenal FC, ngày 18/4/2026 (6.1s).
Cửa sổ Dugout đã đóng: tắt.
FL26 Dugout đang chạy tại http://127.0.0.1:8770/
23:51:11 Đồng bộ xong: Arsenal FC, ngày 18/4/2026 (5.3s).
Cửa sổ Dugout đã đóng: tắt.
FL26 Dugout đang chạy tại http://127.0.0.1:8770/
01:56:24 Đồng bộ xong: Arsenal FC, ngày 18/4/2026 (12.5s).
01:57:01 Dò bộ nhớ game: 49 vùng, 0 bảng cầu thủ (9.1s).
02:00:03 Dò bộ nhớ game: 45 vùng, 1 bảng cầu thủ (8.8s).
02:00:08 Dò trường trong bộ nhớ game xong (4.85s): vị trí đăng ký khớp 100.0%, GK 100%, CB 100%, LB 100%, RB 100%, DMF 100%, CMF 100%, LMF 100%, RMF 100%, AMF 100%, LWF 100%, RWF 100%, SS 100%, CF 100%, style 100%, foot 100%
02:00:26 Tìm thấy bảng giá trị cầu thủ trong bộ nhớ game (381 dòng, 18.5s).
02:17:57 Lưu trữ thêm 229 trận trên thế giới vào dữ liệu của AI.
02:17:59 Đồng bộ xong: Arsenal FC, ngày 22/4/2026 (12.2s).
02:19:04 Tìm thấy bảng giá trị cầu thủ trong bộ nhớ game (540 dòng, 20.6s).
02:41:21 Lưu trữ thêm 88 trận trên thế giới vào dữ liệu của AI.
02:41:23 Đồng bộ xong: Arsenal FC, ngày 25/4/2026 (12.1s).
Cửa sổ Dugout đã đóng: tắt.
FL26 Dugout đang chạy tại http://127.0.0.1:8770/
03:11:30 Đồng bộ xong: Arsenal FC, ngày 25/4/2026 (9.0s).
Cửa sổ Dugout đã đóng: tắt.
FL26 Dugout đang chạy tại http://127.0.0.1:8770/
05:03:54 Đồng bộ xong: Arsenal FC, ngày 25/4/2026 (10.6s).
05:04:40 Dò bộ nhớ game: 47 vùng, 0 bảng cầu thủ (7.8s).
05:17:07 Dò bộ nhớ game: 40 vùng, 0 bảng cầu thủ (8.0s).
Cửa sổ Dugout đã đóng: tắt.
FL26 Dugout đang chạy tại http://127.0.0.1:8770/
05:29:26 Kết nối điện thoại qua Internet: https://thinks-science-yeast-alter.trycloudflare.com
05:29:33 Đồng bộ xong: Arsenal FC, ngày 25/4/2026 (8.6s).
05:29:37 Kết nối điện thoại qua Internet: https://sell-lowest-ignored-bonus.trycloudflare.com
05:32:47 Đồng bộ xong: Arsenal FC, ngày 25/4/2026 (4.7s).
05:40:22 Dò bộ nhớ game: 47 vùng, 0 bảng cầu thủ (8.3s).
05:43:25 Dò bộ nhớ game: 47 vùng, 0 bảng cầu thủ (9.1s).
05:46:28 Dò bộ nhớ game: 47 vùng, 0 bảng cầu thủ (10.1s).
05:55:00 Dò bộ nhớ game: 47 vùng, 0 bảng cầu thủ (8.7s).
Cửa sổ Dugout đã đóng: tắt.
FL26 Dugout đang chạy tại http://127.0.0.1:8770/
12:20:10 Kết nối điện thoại qua Internet: https://designated-challenges-attach-mine.trycloudflare.com
12:20:17 Đồng bộ xong: Arsenal FC, ngày 25/4/2026 (8.9s).
Cửa sổ Dugout đã đóng: tắt.
FL26 Dugout đang chạy tại http://127.0.0.1:8770/
12:55:45 Kết nối điện thoại qua Internet: https://anthony-combining-lodge-jerry.trycloudflare.com
12:55:52 Đồng bộ xong: Arsenal FC, ngày 25/4/2026 (8.7s).
12:58:11 Dò bộ nhớ game: 49 vùng, 0 bảng cầu thủ (8.4s).
13:01:15 Dò bộ nhớ game: 48 vùng, 1 bảng cầu thủ (10.1s).
13:01:35 Tìm thấy bảng giá trị cầu thủ trong bộ nhớ game (801 dòng, 20.8s).
13:16:49 Lưu trữ thêm 259 trận trên thế giới vào dữ liệu của AI.
13:16:49 Đồng bộ xong: Arsenal FC, ngày 2/5/2026 (11.6s).
13:25:27 Dò bộ nhớ game: 46 vùng, 1 bảng cầu thủ (10.5s).
D:\FL26\SiderAddons\Dugout\dugout\matchlive.py:173: RuntimeWarning: overflow encountered in cast
  addr, orient = addr[keep], orient[keep]
D:\FL26\SiderAddons\Dugout\dugout\matchlive.py:173: RuntimeWarning: overflow encountered in cast
  addr, orient = addr[keep], orient[keep]
13:27:21 Tìm thấy bảng giá trị cầu thủ trong bộ nhớ game (652 dòng, 32.5s).
13:28:40 Bản đồ trận: Không tìm thấy dãy vị trí cầu thủ trong bộ nhớ game. (lần 1) · báo cáo: probe-20261001-132840.json
D:\FL26\SiderAddons\Dugout\dugout\matchlive.py:173: RuntimeWarning: overflow encountered in cast
  addr, orient = addr[keep], orient[keep]
D:\FL26\SiderAddons\Dugout\dugout\matchlive.py:173: RuntimeWarning: overflow encountered in cast
  addr, orient = addr[keep], orient[keep]
13:30:56 Bản đồ trận: Không tìm thấy dãy vị trí cầu thủ trong bộ nhớ game. (lần 2)
D:\FL26\SiderAddons\Dugout\dugout\matchlive.py:173: RuntimeWarning: overflow encountered in cast
  addr, orient = addr[keep], orient[keep]
D:\FL26\SiderAddons\Dugout\dugout\matchlive.py:173: RuntimeWarning: overflow encountered in cast
  addr, orient = addr[keep], orient[keep]
13:33:31 Bản đồ trận: tìm thấy 20 vị trí cầu thủ (0 biết tên), chưa thấy bóng (135.0s).
13:34:52 Bản đồ trận: đã thấy quả bóng.
13:53:15 Bản đồ trận: đã lưu diễn biến trận Arsenal FC – Norwich City FC.
13:53:47 Dò bộ nhớ game: 50 vùng, 0 bảng cầu thủ (10.2s).
13:56:49 Dò bộ nhớ game: 50 vùng, 0 bảng cầu thủ (9.6s).
Cửa sổ Dugout đã đóng: tắt.
FL26 Dugout đang chạy tại http://127.0.0.1:8770/
14:08:09 Kết nối điện thoại qua Internet: https://make-demands-smaller-grill.trycloudflare.com
14:08:15 Đồng bộ xong: Arsenal FC, ngày 2/5/2026 (9.4s).
14:09:03 Dò bộ nhớ game: 45 vùng, 1 bảng cầu thủ (10.1s).
14:09:22 Tìm thấy bảng giá trị cầu thủ trong bộ nhớ game (510 dòng, 19.0s).
14:10:09 Bản đồ trận: thấy tờ đội hình của trận trong bộ nhớ game (27.5s).
14:10:09 Bản đồ trận: tìm thấy 27 vị trí cầu thủ (22 biết tên), chưa thấy bóng (0s).
14:10:16 Bản đồ trận: đã thấy quả bóng.
14:12:58 Bản đồ trận: đã thấy quả bóng.
14:19:28 Bản đồ trận: đã thấy quả bóng.
FL26 Dugout đang chạy tại http://127.0.0.1:8770/
Traceback (most recent call last):
  File "D:\FL26\SiderAddons\Dugout\dugout\matchlive.py", line 1173, in _run
    self._step()
    ~~~~~~~~~~^^
  File "D:\FL26\SiderAddons\Dugout\dugout\matchlive.py", line 1264, in _step
    self._search(now)
    ~~~~~~~~~~~~^^^^^
  File "D:\FL26\SiderAddons\Dugout\dugout\matchlive.py", line 1293, in _search
    if sh and all(i in roster(m.get('home')) for i in sh[2][:11]) and all(i in roster(m.get('away')) for i in sh[2][11:]):
              ^^^
  File "D:\FL26\SiderAddons\Dugout\dugout\matchlive.py", line 1293, in <genexpr>
    if sh and all(i in roster(m.get('home')) for i in sh[2][:11]) and all(i in roster(m.get('away')) for i in sh[2][11:]):
                       ~~~~~~^^^^^^^^^^^^^^^
  File "D:\FL26\SiderAddons\Dugout\dugout\matchlive.py", line 1290, in <lambda>
    roster = (lambda t: set(snap.roster.get(t, [])) if snap is not None else set())
                            ^^^^^^^^^^^
AttributeError: 'dict' object has no attribute 'roster'
Traceback (most recent call last):
  File "D:\FL26\SiderAddons\Dugout\dugout\matchlive.py", line 1173, in _run
    self._step()
    ~~~~~~~~~~^^
  File "D:\FL26\SiderAddons\Dugout\dugout\matchlive.py", line 1264, in _step
    self._search(now)
    ~~~~~~~~~~~~^^^^^
  File "D:\FL26\SiderAddons\Dugout\dugout\matchlive.py", line 1293, in _search
    if sh and all(i in roster(m.get('home')) for i in sh[2][:11]) and all(i in roster(m.get('away')) for i in sh[2][11:]):
              ^^^
  File "D:\FL26\SiderAddons\Dugout\dugout\matchlive.py", line 1293, in <genexpr>
    if sh and all(i in roster(m.get('home')) for i in sh[2][:11]) and all(i in roster(m.get('away')) for i in sh[2][11:]):
                       ~~~~~~^^^^^^^^^^^^^^^
  File "D:\FL26\SiderAddons\Dugout\dugout\matchlive.py", line 1290, in <lambda>
    roster = (lambda t: set(snap.roster.get(t, [])) if snap is not None else set())
                            ^^^^^^^^^^^
AttributeError: 'dict' object has no attribute 'roster'
14:36:06 Kết nối điện thoại qua Internet: https://wishes-committee-verbal-thumbnail.trycloudflare.com
14:36:15 Đồng bộ xong: Arsenal FC, ngày 2/5/2026 (13.6s).
FL26 Dugout đang chạy tại http://127.0.0.1:8770/
14:36:45 Kết nối điện thoại qua Internet: https://kennedy-auburn-promised-advise.trycloudflare.com
14:36:54 Đồng bộ xong: Arsenal FC, ngày 2/5/2026 (11.3s).
14:37:46 Dò bộ nhớ game: 80 vùng, 1 bảng cầu thủ (15.8s).
FL26 Dugout đang chạy tại http://127.0.0.1:8770/
14:38:12 Kết nối điện thoại qua Internet: https://forgotten-fcc-images-print.trycloudflare.com
14:38:21 Đồng bộ xong: Arsenal FC, ngày 2/5/2026 (13.3s).
14:38:22 Bản đồ trận: tìm thấy 34 vị trí cầu thủ (22 biết tên), chưa thấy bóng (0s).
14:39:12 Dò bộ nhớ game: 80 vùng, 1 bảng cầu thủ (15.5s).
FL26 Dugout đang chạy tại http://127.0.0.1:8770/
14:39:32 Kết nối điện thoại qua Internet: https://grows-signatures-responses-clara.trycloudflare.com
14:39:43 Đồng bộ xong: Arsenal FC, ngày 2/5/2026 (13.1s).
14:39:43 Bản đồ trận: tìm thấy 34 vị trí cầu thủ (22 biết tên), chưa thấy bóng (0s).
14:40:33 Dò bộ nhớ game: 80 vùng, 1 bảng cầu thủ (15.0s).
14:41:06 Tìm thấy bảng giá trị cầu thủ trong bộ nhớ game (510 dòng, 33.4s).
14:48:26 Bản đồ trận: cánh trái/phải theo trọng tài biên: đảo tên hai cánh của Arsenal FC.
FL26 Dugout đang chạy tại http://127.0.0.1:8770/
14:53:24 Kết nối điện thoại qua Internet: https://items-assistant-personals-pipe.trycloudflare.com
14:53:39 Bản đồ trận: tìm thấy 34 vị trí cầu thủ (22 biết tên), chưa thấy bóng (0s).
14:53:40 Đồng bộ xong: Arsenal FC, ngày 2/5/2026 (16.0s).
14:54:32 Dò bộ nhớ game: 82 vùng, 1 bảng cầu thủ (21.0s).
14:55:08 Tìm thấy bảng giá trị cầu thủ trong bộ nhớ game (510 dòng, 35.5s).
FL26 Dugout đang chạy tại http://127.0.0.1:8770/
15:04:52 Kết nối điện thoại qua Internet: https://give-hat-fossil-commerce.trycloudflare.com
15:05:05 Bản đồ trận: tìm thấy 34 vị trí cầu thủ (22 biết tên), chưa thấy bóng (0s).
15:05:05 Đồng bộ xong: Arsenal FC, ngày 2/5/2026 (14.3s).
15:05:55 Dò bộ nhớ game: 81 vùng, 1 bảng cầu thủ (17.4s).
15:06:37 Tìm thấy bảng giá trị cầu thủ trong bộ nhớ game (510 dòng, 42.0s).
FL26 Dugout đang chạy tại http://127.0.0.1:8770/
15:07:37 Kết nối điện thoại qua Internet: https://gas-saints-seriously-upgrades.trycloudflare.com
15:07:56 Bản đồ trận: tìm thấy 34 vị trí cầu thủ (22 biết tên), chưa thấy bóng (0s).
15:07:57 Đồng bộ xong: Arsenal FC, ngày 2/5/2026 (19.5s).
15:08:44 Dò bộ nhớ game: 82 vùng, 1 bảng cầu thủ (18.8s).
15:09:27 Tìm thấy bảng giá trị cầu thủ trong bộ nhớ game (510 dòng, 43.0s).
15:12:57 Bản đồ trận: đã lưu diễn biến trận Arsenal FC – Norwich City FC.
15:16:08 Dò bộ nhớ game: 49 vùng, 1 bảng cầu thủ (10.3s).
15:17:04 Bản đồ trận: thấy tờ đội hình của trận trong bộ nhớ game (30.3s).
D:\FL26\SiderAddons\Dugout\dugout\matchlive.py:191: RuntimeWarning: overflow encountered in cast
  out['valid'][idx], out['vmax'][idx], out['path'][idx], out['hmax'][idx] = valid, vmax, path, hmax
15:19:25 Tìm thấy bảng giá trị cầu thủ trong bộ nhớ game (1501 dòng, 35.1s).
15:19:58 Bản đồ trận: tìm thấy 25 vị trí cầu thủ (0 biết tên), chưa thấy bóng (173.8s).
15:21:17 Bản đồ trận: đã thấy quả bóng.
FL26 Dugout đang chạy tại http://127.0.0.1:8770/
15:44:14 Kết nối điện thoại qua Internet: https://resume-fishing-loan-code.trycloudflare.com
15:44:27 Đồng bộ xong: Arsenal FC, ngày 2/5/2026 (13.3s).
15:45:20 Dò bộ nhớ game: 96 vùng, 1 bảng cầu thủ (19.4s).
15:45:58 Tìm thấy bảng giá trị cầu thủ trong bộ nhớ game (1501 dòng, 37.3s).
FL26 Dugout đang chạy tại http://127.0.0.1:8770/
15:59:00 Kết nối điện thoại qua Internet: https://worm-ethnic-even-gourmet.trycloudflare.com
15:59:12 Đồng bộ xong: Arsenal FC, ngày 2/5/2026 (14.1s).
15:59:34 Bản đồ trận: tìm thấy 36 vị trí cầu thủ (22 biết tên), chưa thấy bóng (21.2s).
16:00:02 Dò bộ nhớ game: 84 vùng, 1 bảng cầu thủ (16.4s).
16:00:40 Tìm thấy bảng giá trị cầu thủ trong bộ nhớ game (1501 dòng, 37.5s).
16:04:04 Bản đồ trận: đã lưu diễn biến trận Arsenal FC – Norwich City FC.
16:04:32 Dò bộ nhớ game: 50 vùng, 1 bảng cầu thủ (9.2s).
16:07:04 Bản đồ trận: thấy tờ đội hình của trận trong bộ nhớ game (31.6s).
16:07:31 Bản đồ trận: tìm thấy 36 vị trí cầu thủ (22 biết tên), chưa thấy bóng (27.3s).
D:\FL26\SiderAddons\Dugout\dugout\liveai.py:95: RuntimeWarning: invalid value encountered in cast
  v = b.view({'f32': '<f4', 'u8': 'u1', 'u16': '<u2'}[kind])[:, :, 0].astype(np.float64)
FL26 Dugout đang chạy tại http://127.0.0.1:8770/
16:21:15 Kết nối điện thoại qua Internet: https://cycle-ricky-chan-provider.trycloudflare.com
16:21:26 Bản đồ trận: tìm thấy 36 vị trí cầu thủ (22 biết tên), chưa thấy bóng (0s).
16:21:27 Đồng bộ xong: Arsenal FC, ngày 2/5/2026 (14.1s).
16:22:14 Dò bộ nhớ game: 79 vùng, 1 bảng cầu thủ (13.0s).
D:\FL26\SiderAddons\Dugout\dugout\liveai.py:95: RuntimeWarning: invalid value encountered in cast
  v = b.view({'f32': '<f4', 'u8': 'u1', 'u16': '<u2'}[kind])[:, :, 0].astype(np.float64)
17:09:11 Bản đồ trận: đã lưu diễn biến trận Arsenal FC – Norwich City FC.
17:09:36 Lưu trữ thêm 253 trận trên thế giới vào dữ liệu của AI.
17:09:37 Đồng bộ xong: Arsenal FC, ngày 9/5/2026 (8.4s).
18:03:50 Dò bộ nhớ game: 51 vùng, 1 bảng cầu thủ (18.3s).
18:03:52 Tìm thấy bảng giá trị cầu thủ trong bộ nhớ game (27154 dòng, 1.4s).
18:07:27 Bản đồ trận: thấy tờ đội hình của trận trong bộ nhớ game (39.6s).
18:07:28 Bản đồ trận: tìm thấy 34 vị trí cầu thủ (22 biết tên), chưa thấy bóng (0.7s).
18:20:10 Bản đồ trận: đã thấy thể lực của cầu thủ trong bộ nhớ game ({'offset': 1708, 'kind': 'f32', 'scale': 1.0, 'r': 0.31}).
18:21:15 Bản đồ trận: đã lưu diễn biến trận Bristol City FC – Arsenal FC.
18:22:15 Tìm thấy bảng giá trị cầu thủ trong bộ nhớ game (27155 dòng, 2.4s).
18:23:29 Lưu trữ thêm 305 trận trên thế giới vào dữ liệu của AI.
18:23:32 Đồng bộ xong: Arsenal FC, ngày 19/5/2026 (23.9s).
FL26 Dugout đang chạy tại http://127.0.0.1:8770/
18:25:52 Kết nối điện thoại qua Internet: https://muslim-ian-character-uni.trycloudflare.com
18:26:08 Đồng bộ xong: Arsenal FC, ngày 19/5/2026 (16.2s).
18:27:02 Dò bộ nhớ game: 46 vùng, 1 bảng cầu thủ (21.9s).
18:27:05 Tìm thấy bảng giá trị cầu thủ trong bộ nhớ game (27155 dòng, 2.4s).
18:30:27 Bản đồ trận: thấy tờ đội hình của trận trong bộ nhớ game (9.7s).
FL26 Dugout đang chạy tại http://127.0.0.1:8770/
18:38:06 Kết nối điện thoại qua Internet: https://improvements-assuming-ali-contribution.trycloudflare.com
18:38:21 Bản đồ trận: tìm thấy 34 vị trí cầu thủ (0 biết tên), chưa thấy bóng (0s).
18:38:22 Đồng bộ xong: Arsenal FC, ngày 19/5/2026 (17.7s).
18:38:31 Bản đồ trận: thấy tờ đội hình của trận trong bộ nhớ game (9.4s).
18:39:02 Bản đồ trận: đã thấy quả bóng (16.6s).
18:39:29 Dò bộ nhớ game: 84 vùng, 1 bảng cầu thủ (35.1s).
18:39:32 Tìm thấy bảng giá trị cầu thủ trong bộ nhớ game (27155 dòng, 3.4s).
FL26 Dugout đang chạy tại http://127.0.0.1:8770/
18:53:56 Kết nối điện thoại qua Internet: https://evaluate-ensure-welfare-nov.trycloudflare.com
18:54:16 Đồng bộ xong: Arsenal FC, ngày 19/5/2026 (19.6s).
18:55:10 Bản đồ trận: tìm thấy 36 vị trí cầu thủ (22 biết tên), chưa thấy bóng (55.6s).
18:55:10 Dò bộ nhớ game: 86 vùng, 1 bảng cầu thủ (28.4s).
18:55:14 Tìm thấy bảng giá trị cầu thủ trong bộ nhớ game (27155 dòng, 3.2s).
FL26 Dugout đang chạy tại http://127.0.0.1:8770/
18:59:24 Kết nối điện thoại qua Internet: https://from-precisely-jones-assumed.trycloudflare.com
18:59:39 Đồng bộ xong: Arsenal FC, ngày 19/5/2026 (15.7s).
18:59:40 Bản đồ trận: tìm thấy 34 vị trí cầu thủ (22 biết tên), chưa thấy bóng (1.8s).
19:00:03 Bản đồ trận: thấy danh sách cầu thủ trên sân của hai đội (22.9s), Dugout nhận được thay người.
19:00:05 Bản đồ trận: thay người phút 42: Ayden Heaven vào thay Youri Baas.
19:00:05 Bản đồ trận: thấy cầu thủ vừa vào sân (0.6s).
FL26 Dugout đang chạy tại http://127.0.0.1:8770/
19:00:50 Kết nối điện thoại qua Internet: https://cover-additional-occasions-flash.trycloudflare.com
19:01:05 Bản đồ trận: tìm thấy 34 vị trí cầu thủ (22 biết tên), chưa thấy bóng (0s).
19:01:05 Đồng bộ xong: Arsenal FC, ngày 19/5/2026 (17.3s).
19:01:07 Bản đồ trận: thấy danh sách cầu thủ trên sân của hai đội (0.5s), Dugout nhận được thay người.
19:01:09 Bản đồ trận: thay người phút 42: Ayden Heaven vào thay Youri Baas.
19:01:10 Bản đồ trận: thấy cầu thủ vừa vào sân (0.6s).
Traceback (most recent call last):
  File "D:\FL26\SiderAddons\Dugout\dugout\matchlive.py", line 1558, in _run
    self._step()
    ~~~~~~~~~~^^
  File "D:\FL26\SiderAddons\Dugout\dugout\matchlive.py", line 1636, in _step
    self._track(now, running)
    ~~~~~~~~~~~^^^^^^^^^^^^^^
  File "D:\FL26\SiderAddons\Dugout\dugout\matchlive.py", line 1827, in _track
    lay[team][idx] = lay['count'] - 1
    ~~~^^^^^^
TypeError: cannot use 'set' as a dict key (unhashable type: 'set')
19:02:01 Dò bộ nhớ game: 86 vùng, 1 bảng cầu thủ (24.9s).
19:02:04 Tìm thấy bảng giá trị cầu thủ trong bộ nhớ game (27155 dòng, 2.8s).
FL26 Dugout đang chạy tại http://127.0.0.1:8770/
19:04:00 Kết nối điện thoại qua Internet: https://popular-realize-exposed-animated.trycloudflare.com
19:04:12 Bản đồ trận: tìm thấy 34 vị trí cầu thủ (22 biết tên), chưa thấy bóng (0s).
19:04:13 Đồng bộ xong: Arsenal FC, ngày 19/5/2026 (16.6s).
19:04:14 Bản đồ trận: thấy danh sách cầu thủ trên sân của hai đội (0.6s), Dugout nhận được thay người.
19:04:16 Bản đồ trận: thay người phút 42: Ayden Heaven vào thay Youri Baas.
19:04:16 Bản đồ trận: thấy cầu thủ vừa vào sân (0.6s).
19:05:13 Dò bộ nhớ game: 86 vùng, 1 bảng cầu thủ (27.8s).
19:05:15 Tìm thấy bảng giá trị cầu thủ trong bộ nhớ game (27155 dòng, 2.5s).
19:06:43 Bản đồ trận: đã thấy quả bóng (10.8s).
19:07:05 Bản đồ trận: thay người phút 45: Joaquin Seys vào thay Elias Baum.
19:07:06 Bản đồ trận: thấy cầu thủ vừa vào sân (0.6s).
FL26 Dugout đang chạy tại http://127.0.0.1:8770/
19:09:23 Kết nối điện thoại qua Internet: https://previews-possibilities-footage-campbell.trycloudflare.com
19:09:34 Đồng bộ xong: Arsenal FC, ngày 19/5/2026 (15.1s).
19:10:37 Dò bộ nhớ game: 92 vùng, 1 bảng cầu thủ (29.5s).
19:10:41 Tìm thấy bảng giá trị cầu thủ trong bộ nhớ game (27155 dòng, 3.7s).
FL26 Dugout đang chạy tại http://127.0.0.1:8770/
19:12:43 Kết nối điện thoại qua Internet: https://spirituality-prefer-achieved-temporal.trycloudflare.com
19:13:04 Bản đồ trận: tìm thấy 34 vị trí cầu thủ (22 biết tên), chưa thấy bóng (0s).
19:13:05 Đồng bộ xong: Arsenal FC, ngày 19/5/2026 (22.7s).
19:13:07 Bản đồ trận: thấy danh sách cầu thủ trên sân của hai đội (0.8s), Dugout nhận được thay người.
19:13:07 Bản đồ trận: thay người phút 45: Ayden Heaven vào thay Youri Baas.
19:13:07 Bản đồ trận: thay người phút 45: Joaquin Seys vào thay Elias Baum.
19:13:07 Bản đồ trận: thấy cầu thủ vừa vào sân (0.2s).
19:13:08 Bản đồ trận: thấy cầu thủ vừa vào sân (0.2s).
19:13:59 Dò bộ nhớ game: 92 vùng, 1 bảng cầu thủ (25.7s).
19:14:03 Tìm thấy bảng giá trị cầu thủ trong bộ nhớ game (27155 dòng, 4.0s).
FL26 Dugout đang chạy tại http://127.0.0.1:8770/
19:15:00 Kết nối điện thoại qua Internet: https://james-shed-designer-phase.trycloudflare.com
19:15:17 Bản đồ trận: tìm thấy 34 vị trí cầu thủ (22 biết tên), chưa thấy bóng (0s).
19:15:17 Đồng bộ xong: Arsenal FC, ngày 19/5/2026 (15.9s).
19:15:19 Bản đồ trận: thấy danh sách cầu thủ trên sân của hai đội (0.4s), Dugout nhận được thay người.
19:15:19 Bản đồ trận: thay người phút 45: Ayden Heaven vào thay Youri Baas.
19:15:19 Bản đồ trận: thay người phút 45: Joaquin Seys vào thay Elias Baum.
19:15:19 Bản đồ trận: thấy 2 cầu thủ vừa vào sân (0.2s).
19:16:10 Dò bộ nhớ game: 93 vùng, 1 bảng cầu thủ (22.5s).
19:16:13 Tìm thấy bảng giá trị cầu thủ trong bộ nhớ game (27155 dòng, 3.3s).
FL26 Dugout đang chạy tại http://127.0.0.1:8770/
19:34:08 Kết nối điện thoại qua Internet: https://spice-swimming-leo-proceeding.trycloudflare.com
19:34:24 Bản đồ trận: tìm thấy 34 vị trí cầu thủ (22 biết tên), chưa thấy bóng (0s).
19:34:25 Đồng bộ xong: Arsenal FC, ngày 19/5/2026 (17.8s).
19:34:27 Bản đồ trận: phút 64: Antonio Nusa rời sân (thay người).
19:34:27 Bản đồ trận: phút 64: Lennart Karl rời sân (thay người).
19:34:27 Bản đồ trận: thấy danh sách cầu thủ trên sân của hai đội (0.6s), Dugout nhận được thay người.
19:34:27 Bản đồ trận: thay người phút 64: Ayden Heaven vào thay Youri Baas.
19:34:27 Bản đồ trận: thay người phút 64: Joaquin Seys vào thay Elias Baum.
19:34:27 Bản đồ trận: thấy 2 cầu thủ vừa vào sân (0.2s).
19:34:28 Bản đồ trận: thấy 1 cầu thủ vừa vào sân (0.2s).
19:34:29 Bản đồ trận: thấy 1 cầu thủ vừa vào sân (0.2s).
FL26 Dugout đang chạy tại http://127.0.0.1:8770/
19:35:10 Kết nối điện thoại qua Internet: https://jam-back-accessories-remind.trycloudflare.com
19:35:23 Đồng bộ xong: Arsenal FC, ngày 19/5/2026 (15.0s).
19:35:23 Bản đồ trận: tìm thấy 34 vị trí cầu thủ (22 biết tên), chưa thấy bóng (0s).
19:35:26 Bản đồ trận: thấy danh sách cầu thủ trên sân của hai đội (0.4s), Dugout nhận được thay người.
19:35:26 Bản đồ trận: phút 64: Antonio Nusa rời sân (thay người).
19:35:26 Bản đồ trận: phút 64: Lennart Karl rời sân (thay người).
19:35:26 Bản đồ trận: thay người phút 64: Ayden Heaven vào thay Youri Baas.
19:35:26 Bản đồ trận: thay người phút 64: Joaquin Seys vào thay Elias Baum.
19:35:26 Bản đồ trận: thấy 3 cầu thủ vừa vào sân (0.2s).
19:35:27 Bản đồ trận: thấy 1 cầu thủ vừa vào sân (0.2s).
19:36:19 Dò bộ nhớ game: 80 vùng, 1 bảng cầu thủ (22.6s).
19:36:22 Tìm thấy bảng giá trị cầu thủ trong bộ nhớ game (27155 dòng, 3.2s).
FL26 Dugout đang chạy tại http://127.0.0.1:8770/
19:53:20 Kết nối điện thoại qua Internet: https://copied-civil-gospel-plot.trycloudflare.com
19:53:37 Đồng bộ xong: Arsenal FC, ngày 19/5/2026 (17.8s).
19:53:38 Bản đồ trận: tìm thấy 34 vị trí cầu thủ (22 biết tên), chưa thấy bóng (0s).
19:53:41 Bản đồ trận: phút 68: Antonio Nusa rời sân (thay người).
19:53:41 Bản đồ trận: phút 68: Lennart Karl rời sân (thay người).
19:53:41 Bản đồ trận: thấy 2 cầu thủ vừa vào sân (0.2s).
19:53:47 Bản đồ trận: thấy đội hình đang thi đấu của hai đội (7.4s): thay người được nhận ngay, cả thay nhanh lúc bóng chết.
19:53:48 Bản đồ trận: thấy danh sách cầu thủ trên sân của hai đội (0.7s), Dugout nhận được thay người.
19:54:32 Dò bộ nhớ game: 81 vùng, 1 bảng cầu thủ (24.2s).
19:54:36 Tìm thấy bảng giá trị cầu thủ trong bộ nhớ game (27155 dòng, 3.7s).
FL26 Dugout đang chạy tại http://127.0.0.1:8770/
19:55:09 Kết nối điện thoại qua Internet: https://looked-animals-connecting-register.trycloudflare.com
19:55:25 Đồng bộ xong: Arsenal FC, ngày 19/5/2026 (17.7s).
19:55:25 Bản đồ trận: tìm thấy 34 vị trí cầu thủ (22 biết tên), chưa thấy bóng (0s).
19:55:28 Bản đồ trận: phút 68: Antonio Nusa rời sân (thay người).
19:55:28 Bản đồ trận: phút 68: Lennart Karl rời sân (thay người).
19:55:29 Bản đồ trận: thấy 2 cầu thủ vừa vào sân (0.3s).
19:55:34 Bản đồ trận: thấy 2 bản đội hình của trận (6.7s): thay người được nhận ngay, cả thay nhanh lúc bóng chết.
19:55:34 Bản đồ trận: thấy danh sách cầu thủ trên sân của hai đội (0.4s), Dugout nhận được thay người.
19:56:18 Dò bộ nhớ game: 81 vùng, 1 bảng cầu thủ (21.9s).
19:56:21 Tìm thấy bảng giá trị cầu thủ trong bộ nhớ game (27155 dòng, 3.4s).
FL26 Dugout đang chạy tại http://127.0.0.1:8770/
19:58:12 Kết nối điện thoại qua Internet: https://activation-edt-injection-contracting.trycloudflare.com
19:58:27 Bản đồ trận: tìm thấy 34 vị trí cầu thủ (22 biết tên), chưa thấy bóng (0s).
19:58:27 Đồng bộ xong: Arsenal FC, ngày 19/5/2026 (18.2s).
19:58:29 Bản đồ trận: phút 68: Antonio Nusa rời sân (thay người).
19:58:29 Bản đồ trận: phút 68: Lennart Karl rời sân (thay người).
19:58:31 Bản đồ trận: thấy 2 cầu thủ vừa vào sân (0.3s).
19:58:55 Bản đồ trận: thấy 3 bản đội hình của trận (26.8s): thay người được nhận ngay, cả thay nhanh lúc bóng chết.
19:58:56 Bản đồ trận: thay người phút 68: Ayden Heaven vào thay Youri Baas.
19:58:56 Bản đồ trận: thay người phút 68: Joaquin Seys vào thay Elias Baum.
19:58:56 Bản đồ trận: thay người phút 68: Ruben van Bommel vào thay Antonio Nusa.
19:58:56 Bản đồ trận: thay người phút 68: Nico Paz vào thay Lennart Karl.
19:58:56 Bản đồ trận: thấy 1 cầu thủ vừa vào sân (0.2s).
19:58:56 Bản đồ trận: thấy danh sách cầu thủ trên sân của hai đội (0.6s), Dugout nhận được thay người.
19:58:57 Bản đồ trận: thấy 1 cầu thủ vừa vào sân (0.2s).
19:59:20 Dò bộ nhớ game: 81 vùng, 1 bảng cầu thủ (21.8s).
19:59:24 Tìm thấy bảng giá trị cầu thủ trong bộ nhớ game (27155 dòng, 3.2s).
FL26 Dugout đang chạy tại http://127.0.0.1:8770/
19:59:49 Kết nối điện thoại qua Internet: https://strike-headed-cradle-court.trycloudflare.com
20:00:01 Bản đồ trận: tìm thấy 34 vị trí cầu thủ (22 biết tên), chưa thấy bóng (0s).
20:00:02 Đồng bộ xong: Arsenal FC, ngày 19/5/2026 (17.8s).
20:00:04 Bản đồ trận: phút 68: Antonio Nusa rời sân (thay người).
20:00:04 Bản đồ trận: phút 68: Lennart Karl rời sân (thay người).
20:00:07 Bản đồ trận: thấy 2 cầu thủ vừa vào sân (0.5s).
20:00:29 Bản đồ trận: thấy 3 bản đội hình của trận (25.3s): thay người được nhận ngay, cả thay nhanh lúc bóng chết.
20:00:29 Bản đồ trận: thay người phút 68: Ayden Heaven vào thay Youri Baas.
20:00:29 Bản đồ trận: thay người phút 68: Joaquin Seys vào thay Elias Baum.
20:00:29 Bản đồ trận: thay người phút 68: Ruben van Bommel vào thay Antonio Nusa.
20:00:29 Bản đồ trận: thay người phút 68: Nico Paz vào thay Lennart Karl.
20:00:29 Bản đồ trận: thấy danh sách cầu thủ trên sân của hai đội (0.7s), Dugout nhận được thay người.
20:00:29 Bản đồ trận: thấy 1 cầu thủ vừa vào sân (0.2s).
20:00:31 Bản đồ trận: thấy 1 cầu thủ vừa vào sân (0.2s).
20:00:55 Dò bộ nhớ game: 81 vùng, 1 bảng cầu thủ (22.2s).
20:00:59 Tìm thấy bảng giá trị cầu thủ trong bộ nhớ game (27155 dòng, 4.0s).
FL26 Dugout đang chạy tại http://127.0.0.1:8770/
20:01:37 Kết nối điện thoại qua Internet: https://multiple-latin-sierra-monitoring.trycloudflare.com
20:01:51 Đồng bộ xong: Arsenal FC, ngày 19/5/2026 (16.7s).
20:01:52 Bản đồ trận: tìm thấy 34 vị trí cầu thủ (22 biết tên), chưa thấy bóng (0s).
20:01:54 Bản đồ trận: phút 68: Antonio Nusa rời sân (thay người).
20:01:54 Bản đồ trận: phút 68: Lennart Karl rời sân (thay người).
20:01:56 Bản đồ trận: thấy 2 cầu thủ vừa vào sân (0.3s).
20:02:22 Bản đồ trận: thấy 3 bản đội hình của trận (28.4s): thay người được nhận ngay, cả thay nhanh lúc bóng chết.
20:02:22 Bản đồ trận: thay người phút 68: Ayden Heaven vào thay Youri Baas.
20:02:22 Bản đồ trận: thay người phút 68: Joaquin Seys vào thay Elias Baum.
20:02:22 Bản đồ trận: thay người phút 68: Ruben van Bommel vào thay Antonio Nusa.
20:02:22 Bản đồ trận: thay người phút 68: Nico Paz vào thay Lennart Karl.
20:02:23 Bản đồ trận: thấy danh sách cầu thủ trên sân của hai đội (0.6s), Dugout nhận được thay người.
20:02:23 Bản đồ trận: thấy 1 cầu thủ vừa vào sân (0.2s).
20:02:26 Bản đồ trận: thấy 1 cầu thủ vừa vào sân (0.2s).
20:02:48 Dò bộ nhớ game: 81 vùng, 1 bảng cầu thủ (24.4s).
20:02:51 Tìm thấy bảng giá trị cầu thủ trong bộ nhớ game (27155 dòng, 2.8s).
D:\FL26\SiderAddons\Dugout\dugout\matchlive.py:1216: RuntimeWarning: All-NaN slice encountered
  good = ok & (ground >= 0.3) & (path >= 2.0) & (np.nanmax(speed, 0) <= 45)
20:07:04 Bản đồ trận: phút 77: Guillaume Restes rời sân (thay người).
20:07:04 Bản đồ trận: thấy 1 cầu thủ vừa vào sân (0.2s).
20:07:43 Bản đồ trận: thay người phút 83: David Raya vào thay Guillaume Restes.
20:07:43 Bản đồ trận: thay người phút 83: Rasmus Højlund vào thay Endrick.
20:08:16 Bản đồ trận: thấy 1 cầu thủ vừa vào sân (32.0s).
FL26 Dugout đang chạy tại http://127.0.0.1:8770/
20:45:09 Kết nối điện thoại qua Internet: https://milan-makeup-dawn-intervention.trycloudflare.com
20:45:26 Bản đồ trận: tìm thấy 34 vị trí cầu thủ (22 biết tên), chưa thấy bóng (0s).
20:45:26 Bản đồ trận: ghi dữ liệu trận vào 20261001-204526_2026-05-19_79_101_395.
20:45:26 Đồng bộ xong: Arsenal FC, ngày 19/5/2026 (21.5s).
20:45:28 Bản đồ trận: thấy 3 bản đội hình của trận (0.0s): thay người được nhận ngay, cả thay nhanh lúc bóng chết.
Traceback (most recent call last):
  File "D:\FL26\SiderAddons\Dugout\dugout\matchlive.py", line 1647, in _run
    self._step()
    ~~~~~~~~~~^^
  File "D:\FL26\SiderAddons\Dugout\dugout\matchlive.py", line 1741, in _step
    self._track(now, running)
    ~~~~~~~~~~~^^^^^^^^^^^^^^
  File "D:\FL26\SiderAddons\Dugout\dugout\matchlive.py", line 2043, in _track
    self._resolve(f, P, now, running, ball, clock)
    ~~~~~~~~~~~~~^^^^^^^^^^^^^^^^^^^^^^^^^^^^^^^^^
  File "D:\FL26\SiderAddons\Dugout\dugout\matchlive.py", line 2247, in _resolve
    self._sub_events(now, clock)
    ~~~~~~~~~~~~~~~~^^^^^^^^^^^^
  File "D:\FL26\SiderAddons\Dugout\dugout\matchlive.py", line 2349, in _sub_events
    self.rec.event(now, clock, 'sub_' + e['kind'], **e)
    ~~~~~~~~~~~~~~^^^^^^^^^^^^^^^^^^^^^^^^^^^^^^^^^^^^^
TypeError: Recorder.event() got multiple values for argument 'kind'
Traceback (most recent call last):
  File "D:\FL26\SiderAddons\Dugout\dugout\matchlive.py", line 1647, in _run
    self._step()
    ~~~~~~~~~~^^
  File "D:\FL26\SiderAddons\Dugout\dugout\matchlive.py", line 1741, in _step
    self._track(now, running)
    ~~~~~~~~~~~^^^^^^^^^^^^^^
  File "D:\FL26\SiderAddons\Dugout\dugout\matchlive.py", line 2043, in _track
    self._resolve(f, P, now, running, ball, clock)
    ~~~~~~~~~~~~~^^^^^^^^^^^^^^^^^^^^^^^^^^^^^^^^^
  File "D:\FL26\SiderAddons\Dugout\dugout\matchlive.py", line 2247, in _resolve
    self._sub_events(now, clock)
    ~~~~~~~~~~~~~~~~^^^^^^^^^^^^
  File "D:\FL26\SiderAddons\Dugout\dugout\matchlive.py", line 2349, in _sub_events
    self.rec.event(now, clock, 'sub_' + e['kind'], **e)
    ~~~~~~~~~~~~~~^^^^^^^^^^^^^^^^^^^^^^^^^^^^^^^^^^^^^
TypeError: Recorder.event() got multiple values for argument 'kind'
Traceback (most recent call last):
  File "D:\FL26\SiderAddons\Dugout\dugout\matchlive.py", line 1647, in _run
    self._step()
    ~~~~~~~~~~^^
  File "D:\FL26\SiderAddons\Dugout\dugout\matchlive.py", line 1741, in _step
    self._track(now, running)
    ~~~~~~~~~~~^^^^^^^^^^^^^^
  File "D:\FL26\SiderAddons\Dugout\dugout\matchlive.py", line 2043, in _track
    self._resolve(f, P, now, running, ball, clock)
    ~~~~~~~~~~~~~^^^^^^^^^^^^^^^^^^^^^^^^^^^^^^^^^
  File "D:\FL26\SiderAddons\Dugout\dugout\matchlive.py", line 2247, in _resolve
    self._sub_events(now, clock)
    ~~~~~~~~~~~~~~~~^^^^^^^^^^^^
  File "D:\FL26\SiderAddons\Dugout\dugout\matchlive.py", line 2349, in _sub_events
    self.rec.event(now, clock, 'sub_' + e['kind'], **e)
    ~~~~~~~~~~~~~~^^^^^^^^^^^^^^^^^^^^^^^^^^^^^^^^^^^^^
TypeError: Recorder.event() got multiple values for argument 'kind'
20:46:20 Bản đồ trận: tìm người vào sân trong toàn bộ bộ nhớ: 0 (42.5s).
FL26 Dugout đang chạy tại http://127.0.0.1:8770/
20:46:39 Kết nối điện thoại qua Internet: https://zinc-pie-clark-day.trycloudflare.com
20:46:52 Bản đồ trận: tìm thấy 34 vị trí cầu thủ (22 biết tên), chưa thấy bóng (0s).
20:46:52 Bản đồ trận: ghi dữ liệu trận vào 20261001-204526_2026-05-19_79_101_395 (tiếp tục bản ghi cũ).
20:46:52 Đồng bộ xong: Arsenal FC, ngày 19/5/2026 (18.1s).
20:46:54 Bản đồ trận: thấy 3 bản đội hình của trận (0.0s): thay người được nhận ngay, cả thay nhanh lúc bóng chết.
Traceback (most recent call last):
  File "D:\FL26\SiderAddons\Dugout\dugout\matchlive.py", line 1647, in _run
    self._step()
    ~~~~~~~~~~^^
  File "D:\FL26\SiderAddons\Dugout\dugout\matchlive.py", line 1741, in _step
    self._track(now, running)
    ~~~~~~~~~~~^^^^^^^^^^^^^^
  File "D:\FL26\SiderAddons\Dugout\dugout\matchlive.py", line 2043, in _track
    self._resolve(f, P, now, running, ball, clock)
    ~~~~~~~~~~~~~^^^^^^^^^^^^^^^^^^^^^^^^^^^^^^^^^
  File "D:\FL26\SiderAddons\Dugout\dugout\matchlive.py", line 2247, in _resolve
    self._sub_events(now, clock)
    ~~~~~~~~~~~~~~~~^^^^^^^^^^^^
  File "D:\FL26\SiderAddons\Dugout\dugout\matchlive.py", line 2349, in _sub_events
    self.rec.event(now, clock, 'sub_' + e['kind'], **{k: v for k, v in e.items() if k != 'kind'})
    ~~~~~~~~~~~~~~^^^^^^^^^^^^^^^^^^^^^^^^^^^^^^^^^^^^^^^^^^^^^^^^^^^^^^^^^^^^^^^^^^^^^^^^^^^^^^^
TypeError: Recorder.event() got multiple values for argument 'clock'
Traceback (most recent call last):
  File "D:\FL26\SiderAddons\Dugout\dugout\matchlive.py", line 1647, in _run
    self._step()
    ~~~~~~~~~~^^
  File "D:\FL26\SiderAddons\Dugout\dugout\matchlive.py", line 1741, in _step
    self._track(now, running)
    ~~~~~~~~~~~^^^^^^^^^^^^^^
  File "D:\FL26\SiderAddons\Dugout\dugout\matchlive.py", line 2043, in _track
    self._resolve(f, P, now, running, ball, clock)
    ~~~~~~~~~~~~~^^^^^^^^^^^^^^^^^^^^^^^^^^^^^^^^^
  File "D:\FL26\SiderAddons\Dugout\dugout\matchlive.py", line 2247, in _resolve
    self._sub_events(now, clock)
    ~~~~~~~~~~~~~~~~^^^^^^^^^^^^
  File "D:\FL26\SiderAddons\Dugout\dugout\matchlive.py", line 2349, in _sub_events
    self.rec.event(now, clock, 'sub_' + e['kind'], **{k: v for k, v in e.items() if k != 'kind'})
    ~~~~~~~~~~~~~~^^^^^^^^^^^^^^^^^^^^^^^^^^^^^^^^^^^^^^^^^^^^^^^^^^^^^^^^^^^^^^^^^^^^^^^^^^^^^^^
TypeError: Recorder.event() got multiple values for argument 'clock'
Traceback (most recent call last):
  File "D:\FL26\SiderAddons\Dugout\dugout\matchlive.py", line 1647, in _run
    self._step()
    ~~~~~~~~~~^^
  File "D:\FL26\SiderAddons\Dugout\dugout\matchlive.py", line 1741, in _step
    self._track(now, running)
    ~~~~~~~~~~~^^^^^^^^^^^^^^
  File "D:\FL26\SiderAddons\Dugout\dugout\matchlive.py", line 2043, in _track
    self._resolve(f, P, now, running, ball, clock)
    ~~~~~~~~~~~~~^^^^^^^^^^^^^^^^^^^^^^^^^^^^^^^^^
  File "D:\FL26\SiderAddons\Dugout\dugout\matchlive.py", line 2247, in _resolve
    self._sub_events(now, clock)
    ~~~~~~~~~~~~~~~~^^^^^^^^^^^^
  File "D:\FL26\SiderAddons\Dugout\dugout\matchlive.py", line 2349, in _sub_events
    self.rec.event(now, clock, 'sub_' + e['kind'], **{k: v for k, v in e.items() if k != 'kind'})
    ~~~~~~~~~~~~~~^^^^^^^^^^^^^^^^^^^^^^^^^^^^^^^^^^^^^^^^^^^^^^^^^^^^^^^^^^^^^^^^^^^^^^^^^^^^^^^
TypeError: Recorder.event() got multiple values for argument 'clock'
20:47:26 Bản đồ trận: tìm người vào sân trong toàn bộ bộ nhớ: 0 (22.8s).
20:47:49 Dò bộ nhớ game: 81 vùng, 1 bảng cầu thủ (25.4s).
20:47:53 Tìm thấy bảng giá trị cầu thủ trong bộ nhớ game (27155 dòng, 3.7s).
20:48:06 Bản đồ trận: tìm người vào sân trong toàn bộ bộ nhớ: 0 (17.4s).
FL26 Dugout đang chạy tại http://127.0.0.1:8770/
20:48:56 Kết nối điện thoại qua Internet: https://remainder-mating-resolutions-period.trycloudflare.com
20:49:12 Bản đồ trận: tìm thấy 34 vị trí cầu thủ (22 biết tên), chưa thấy bóng (0s).
20:49:12 Bản đồ trận: ghi dữ liệu trận vào 20261001-204526_2026-05-19_79_101_395 (tiếp tục bản ghi cũ).
20:49:12 Đồng bộ xong: Arsenal FC, ngày 19/5/2026 (16.9s).
20:49:14 Bản đồ trận: thấy 3 bản đội hình của trận (0.0s): thay người được nhận ngay, cả thay nhanh lúc bóng chết.
20:49:15 Bản đồ trận: David Raya đang đá thay Guillaume Restes (thay trước khi Dugout theo dõi).
20:49:15 Bản đồ trận: Ayden Heaven đang đá thay Youri Baas (thay trước khi Dugout theo dõi).
20:49:15 Bản đồ trận: Joaquin Seys đang đá thay Elias Baum (thay trước khi Dugout theo dõi).
20:49:15 Bản đồ trận: Ruben van Bommel đang đá thay Antonio Nusa (thay trước khi Dugout theo dõi).
20:49:15 Bản đồ trận: Nico Paz đang đá thay Lennart Karl (thay trước khi Dugout theo dõi).
20:49:15 Bản đồ trận: Rasmus Højlund đang đá thay Endrick (thay trước khi Dugout theo dõi).
20:49:15 Bản đồ trận: Đối thủ: Junior Tchamadeu rời sân 86'. (gone)
20:49:15 Bản đồ trận: người vào thay Elias Baum đã vào vị trí (đã biết tên: Joaquin Seys; known).
20:49:15 Bản đồ trận: người vào thay Guillaume Restes đã vào vị trí (đã biết tên: David Raya; known).
20:49:15 Bản đồ trận: người vào thay Endrick đã vào vị trí (đã biết tên: Rasmus Højlund; known).
20:49:15 Bản đồ trận: người vào thay Lennart Karl đã vào vị trí (đã biết tên: Nico Paz; known).
20:49:15 Bản đồ trận: người vào thay Youri Baas đã vào vị trí (đã biết tên: Ayden Heaven; known).
20:49:15 Bản đồ trận: người vào thay Antonio Nusa đã vào vị trí (đã biết tên: Ruben van Bommel; known).
20:49:39 Bản đồ trận: tìm người vào sân trong toàn bộ bộ nhớ: 0 (17.0s).
20:50:13 Dò bộ nhớ game: 81 vùng, 1 bảng cầu thủ (28.4s).
20:50:16 Tìm thấy bảng giá trị cầu thủ trong bộ nhớ game (27155 dòng, 2.9s).
20:50:27 Bản đồ trận: tìm người vào sân trong toàn bộ bộ nhớ: 0 (17.6s).
20:51:08 Bản đồ trận: tìm người vào sân trong toàn bộ bộ nhớ: 0 (14.6s).
FL26 Dugout đang chạy tại http://127.0.0.1:8770/
20:52:08 Kết nối điện thoại qua Internet: https://spatial-manufacturers-situations-relax.trycloudflare.com
20:52:24 Bản đồ trận: tìm thấy 34 vị trí cầu thủ (22 biết tên), chưa thấy bóng (0s).
20:52:24 Bản đồ trận: ghi dữ liệu trận vào 20261001-204526_2026-05-19_79_101_395 (tiếp tục bản ghi cũ).
20:52:25 Đồng bộ xong: Arsenal FC, ngày 19/5/2026 (17.7s).
20:52:26 Bản đồ trận: thấy 3 bản đội hình của trận (0.0s): thay người được nhận ngay, cả thay nhanh lúc bóng chết.
20:52:26 Bản đồ trận: David Raya đang đá thay Guillaume Restes (thay trước khi Dugout theo dõi).
20:52:26 Bản đồ trận: Ayden Heaven đang đá thay Youri Baas (thay trước khi Dugout theo dõi).
20:52:26 Bản đồ trận: Joaquin Seys đang đá thay Elias Baum (thay trước khi Dugout theo dõi).
20:52:26 Bản đồ trận: Ruben van Bommel đang đá thay Antonio Nusa (thay trước khi Dugout theo dõi).
20:52:26 Bản đồ trận: Nico Paz đang đá thay Lennart Karl (thay trước khi Dugout theo dõi).
20:52:26 Bản đồ trận: Rasmus Højlund đang đá thay Endrick (thay trước khi Dugout theo dõi).
20:52:27 Bản đồ trận: người vào thay Elias Baum đã vào vị trí (đã biết tên: Joaquin Seys; known).
20:52:27 Bản đồ trận: người vào thay Guillaume Restes đã vào vị trí (đã biết tên: David Raya; known).
20:52:27 Bản đồ trận: người vào thay Endrick đã vào vị trí (đã biết tên: Rasmus Højlund; known).
20:52:27 Bản đồ trận: người vào thay Lennart Karl đã vào vị trí (đã biết tên: Nico Paz; known).
20:52:27 Bản đồ trận: người vào thay Youri Baas đã vào vị trí (đã biết tên: Ayden Heaven; known).
20:52:27 Bản đồ trận: người vào thay Antonio Nusa đã vào vị trí (đã biết tên: Ruben van Bommel; known).
20:53:20 Dò bộ nhớ game: 81 vùng, 1 bảng cầu thủ (23.4s).
20:53:22 Tìm thấy bảng giá trị cầu thủ trong bộ nhớ game (27155 dòng, 2.5s).
FL26 Dugout đang chạy tại http://127.0.0.1:8770/
20:54:16 Kết nối điện thoại qua Internet: https://dakota-doom-implementation-congratulations.trycloudflare.com
20:54:26 Bản đồ trận: tìm thấy 34 vị trí cầu thủ (22 biết tên), chưa thấy bóng (0s).
20:54:26 Bản đồ trận: ghi dữ liệu trận vào 20261001-204526_2026-05-19_79_101_395 (tiếp tục bản ghi cũ).
20:54:28 Đồng bộ xong: Arsenal FC, ngày 19/5/2026 (16.9s).
20:54:28 Bản đồ trận: thấy 3 bản đội hình của trận (0.0s): thay người được nhận ngay, cả thay nhanh lúc bóng chết.
20:54:29 Bản đồ trận: David Raya đang đá thay Guillaume Restes (thay trước khi Dugout theo dõi).
20:54:29 Bản đồ trận: Ayden Heaven đang đá thay Youri Baas (thay trước khi Dugout theo dõi).
20:54:29 Bản đồ trận: Joaquin Seys đang đá thay Elias Baum (thay trước khi Dugout theo dõi).
20:54:29 Bản đồ trận: Ruben van Bommel đang đá thay Antonio Nusa (thay trước khi Dugout theo dõi).
20:54:29 Bản đồ trận: Nico Paz đang đá thay Lennart Karl (thay trước khi Dugout theo dõi).
20:54:29 Bản đồ trận: Rasmus Højlund đang đá thay Endrick (thay trước khi Dugout theo dõi).
20:54:29 Bản đồ trận: người vào thay Elias Baum đã vào vị trí (đã biết tên: Joaquin Seys; known).
20:54:29 Bản đồ trận: người vào thay Guillaume Restes đã vào vị trí (đã biết tên: David Raya; known).
20:54:29 Bản đồ trận: người vào thay Endrick đã vào vị trí (đã biết tên: Rasmus Højlund; known).
20:54:29 Bản đồ trận: người vào thay Lennart Karl đã vào vị trí (đã biết tên: Nico Paz; known).
20:54:29 Bản đồ trận: người vào thay Youri Baas đã vào vị trí (đã biết tên: Ayden Heaven; known).
20:54:29 Bản đồ trận: người vào thay Antonio Nusa đã vào vị trí (đã biết tên: Ruben van Bommel; known).
20:55:23 Dò bộ nhớ game: 81 vùng, 1 bảng cầu thủ (23.4s).
20:55:28 Tìm thấy bảng giá trị cầu thủ trong bộ nhớ game (27155 dòng, 4.1s).
FL26 Dugout đang chạy tại http://127.0.0.1:8770/
20:55:53 Kết nối điện thoại qua Internet: https://monte-despite-orlando-gym.trycloudflare.com
20:56:05 Bản đồ trận: tìm thấy 34 vị trí cầu thủ (22 biết tên), chưa thấy bóng (0s).
20:56:05 Bản đồ trận: ghi dữ liệu trận vào 20261001-204526_2026-05-19_79_101_395 (tiếp tục bản ghi cũ).
20:56:06 Đồng bộ xong: Arsenal FC, ngày 19/5/2026 (17.6s).
20:56:07 Bản đồ trận: thấy 3 bản đội hình của trận (0.0s): thay người được nhận ngay, cả thay nhanh lúc bóng chết.
20:56:08 Bản đồ trận: David Raya đang đá thay Guillaume Restes (thay trước khi Dugout theo dõi).
20:56:08 Bản đồ trận: Ayden Heaven đang đá thay Youri Baas (thay trước khi Dugout theo dõi).
20:56:08 Bản đồ trận: Joaquin Seys đang đá thay Elias Baum (thay trước khi Dugout theo dõi).
20:56:08 Bản đồ trận: Ruben van Bommel đang đá thay Antonio Nusa (thay trước khi Dugout theo dõi).
20:56:08 Bản đồ trận: Nico Paz đang đá thay Lennart Karl (thay trước khi Dugout theo dõi).
20:56:08 Bản đồ trận: Rasmus Højlund đang đá thay Endrick (thay trước khi Dugout theo dõi).
20:56:08 Bản đồ trận: người vào thay Elias Baum đã vào vị trí (đã biết tên: Joaquin Seys; known).
20:56:08 Bản đồ trận: người vào thay Guillaume Restes đã vào vị trí (đã biết tên: David Raya; known).
20:56:08 Bản đồ trận: người vào thay Endrick đã vào vị trí (đã biết tên: Rasmus Højlund; known).
20:56:08 Bản đồ trận: người vào thay Lennart Karl đã vào vị trí (đã biết tên: Nico Paz; known).
20:56:08 Bản đồ trận: người vào thay Youri Baas đã vào vị trí (đã biết tên: Ayden Heaven; known).
20:56:08 Bản đồ trận: người vào thay Antonio Nusa đã vào vị trí (đã biết tên: Ruben van Bommel; known).
20:56:12 Bản đồ trận: Giữ nguyên: đây là David Raya.
20:57:00 Dò bộ nhớ game: 81 vùng, 1 bảng cầu thủ (24.9s).
20:57:03 Tìm thấy bảng giá trị cầu thủ trong bộ nhớ game (27155 dòng, 3.2s).
FL26 Dugout đang chạy tại http://127.0.0.1:8770/
20:58:26 Kết nối điện thoại qua Internet: https://trains-smart-minute-edt.trycloudflare.com
20:58:40 Bản đồ trận: tìm thấy 34 vị trí cầu thủ (22 biết tên), chưa thấy bóng (0s).
20:58:40 Bản đồ trận: ghi dữ liệu trận vào 20261001-204526_2026-05-19_79_101_395 (tiếp tục bản ghi cũ).
20:58:40 Đồng bộ xong: Arsenal FC, ngày 19/5/2026 (18.0s).
20:58:42 Bản đồ trận: thấy 3 bản đội hình của trận (0.0s): thay người được nhận ngay, cả thay nhanh lúc bóng chết.
20:58:42 Bản đồ trận: David Raya đang đá thay Guillaume Restes (thay trước khi Dugout theo dõi).
20:58:42 Bản đồ trận: Ayden Heaven đang đá thay Youri Baas (thay trước khi Dugout theo dõi).
20:58:42 Bản đồ trận: Joaquin Seys đang đá thay Elias Baum (thay trước khi Dugout theo dõi).
20:58:42 Bản đồ trận: Ruben van Bommel đang đá thay Antonio Nusa (thay trước khi Dugout theo dõi).
20:58:42 Bản đồ trận: Nico Paz đang đá thay Lennart Karl (thay trước khi Dugout theo dõi).
20:58:42 Bản đồ trận: Rasmus Højlund đang đá thay Endrick (thay trước khi Dugout theo dõi).
20:58:42 Bản đồ trận: người vào thay Elias Baum đã vào vị trí (đã biết tên: Joaquin Seys; known).
20:58:42 Bản đồ trận: người vào thay Guillaume Restes đã vào vị trí (đã biết tên: David Raya; known).
20:58:42 Bản đồ trận: người vào thay Endrick đã vào vị trí (đã biết tên: Rasmus Højlund; known).
20:58:42 Bản đồ trận: người vào thay Lennart Karl đã vào vị trí (đã biết tên: Nico Paz; known).
20:58:42 Bản đồ trận: người vào thay Youri Baas đã vào vị trí (đã biết tên: Ayden Heaven; known).
20:58:42 Bản đồ trận: người vào thay Antonio Nusa đã vào vị trí (đã biết tên: Ruben van Bommel; known).
20:59:36 Dò bộ nhớ game: 81 vùng, 1 bảng cầu thủ (25.2s).
20:59:40 Tìm thấy bảng giá trị cầu thủ trong bộ nhớ game (27155 dòng, 3.9s).
21:01:44 Bản đồ trận: sửa lại người vào sân: Joaquin Seys chơi đúng vị trí này.
21:01:44 Bản đồ trận: sửa lại người vào sân: Nico Paz chơi đúng vị trí này.
21:01:57 Bản đồ trận: Bạn: Franco Mastantuono rời sân 88'. (off)
21:01:57 Bản đồ trận: Đối thủ: Sorba Thomas rời sân 88'. (off)
21:01:59 Bản đồ trận: Đối thủ: Junior Tchamadeu rời sân 88'. (off)
21:02:05 Bản đồ trận: Junior Tchamadeu trở lại sân (không phải thay người).
21:02:15 Bản đồ trận: người vào thay Franco Mastantuono đã vào vị trí (game chưa báo tên; sure).
21:02:15 Bản đồ trận: người vào thay Sorba Thomas đã vào vị trí (game chưa báo tên; sure).
21:03:03 Bản đồ trận: Bạn: Ayden Heaven rời sân 91'. (gone)
21:03:03 Bản đồ trận: Bạn: Ruben van Bommel rời sân 91'. (gone)
21:03:14 Bản đồ trận: người vào thay Ayden Heaven đã vào vị trí (game chưa báo tên; sure).
21:03:14 Bản đồ trận: người vào thay Ruben van Bommel đã vào vị trí (game chưa báo tên; sure).
21:03:25 Bản đồ trận: sửa lại người vào sân: Joaquin Seys chơi đúng vị trí này.
21:03:28 Bản đồ trận: sửa lại người vào sân: người vào thay Ruben van Bommel chơi đúng vị trí này.
21:03:28 Bản đồ trận: sửa lại người vào sân: Nico Paz chơi đúng vị trí này.
21:04:07 Bản đồ trận: đã lưu diễn biến trận Arsenal FC – Stoke City FC.
FL26 Dugout đang chạy tại http://127.0.0.1:8770/
21:18:21 Kết nối điện thoại qua Internet: https://taken-fax-vertex-arabia.trycloudflare.com
21:18:32 Đồng bộ xong: Arsenal FC, ngày 19/5/2026 (15.9s).
FL26 Dugout đang chạy tại http://127.0.0.1:8770/
21:19:18 Kết nối điện thoại qua Internet: https://leads-austin-clinics-checklist.trycloudflare.com
21:19:25 Đồng bộ xong: Arsenal FC, ngày 19/5/2026 (15.5s).
21:20:16 Dò bộ nhớ game: 46 vùng, 1 bảng cầu thủ (19.0s).
21:20:18 Tìm thấy bảng giá trị cầu thủ trong bộ nhớ game (27155 dòng, 2.4s).
21:27:18 Lưu trữ thêm 69 trận trên thế giới vào dữ liệu của AI.
21:27:20 Đồng bộ xong: Arsenal FC, ngày 23/5/2026 (21.1s).
21:30:24 Tìm thấy bảng giá trị cầu thủ trong bộ nhớ game (19186 dòng, 4.9s).
21:30:57 Bản đồ trận: thấy tờ đội hình của trận trong bộ nhớ game (14.4s).
21:31:25 Bản đồ trận: thấy 3 bản đội hình của trận (28.5s): thay người được nhận ngay, cả thay nhanh lúc bóng chết.
21:31:25 Bản đồ trận: thấy danh sách cầu thủ trên sân của hai đội (0.0s), Dugout nhận được thay người.
21:32:32 Bản đồ trận: tìm thấy 36 vị trí cầu thủ (22 biết tên), chưa thấy bóng (1.1s).
21:32:32 Bản đồ trận: ghi dữ liệu trận vào 20261001-213232_2026-05-23_79_204_101.
21:32:33 Bản đồ trận: 8 người mới cùng lúc: cảnh chuyển của game, không phải thay người.
21:32:57 Bản đồ trận: 8 người mới cùng lúc: cảnh chuyển của game, không phải thay người.
21:33:21 Bản đồ trận: Bạn: Rodrigo Mora rời sân 19'. (off)
21:33:22 Bản đồ trận: 8 người mới cùng lúc: cảnh chuyển của game, không phải thay người.
21:33:23 Bản đồ trận: Bạn: Rasmus Højlund rời sân 19'. (off)
21:33:23 Bản đồ trận: đã ghi nhớ 7422 chỗ game giữ mã cầu thủ (26s): thay nhanh lúc bóng chết sẽ được dò tên theo đó.
21:33:28 Bản đồ trận: tìm người vào sân trong toàn bộ bộ nhớ: 9 (0.2s).
21:33:42 Bản đồ trận: 9 người mới cùng lúc: cảnh chuyển của game, không phải thay người.
21:33:52 Bản đồ trận: dò bộ nhớ: Lennart Karl vào thay Rodrigo Mora (2 chỗ đổi, 28s).
21:33:52 Bản đồ trận: Bạn thay người 19': Lennart Karl vào, Rodrigo Mora ra.
21:34:02 Bản đồ trận: 10 người mới cùng lúc: cảnh chuyển của game, không phải thay người.
21:34:15 Bản đồ trận: tìm người vào sân trong toàn bộ bộ nhớ: 9 (0.2s).
21:34:23 Bản đồ trận: 9 người mới cùng lúc: cảnh chuyển của game, không phải thay người.
21:34:23 Bản đồ trận: dò bộ nhớ: chưa thấy chỗ nào đổi từ Rasmus Højlund sang cầu thủ dự bị (31s).
21:34:40 Bản đồ trận: Bạn thay người 19': Endrick vào, Rasmus Højlund ra.
21:34:43 Bản đồ trận: 10 người mới cùng lúc: cảnh chuyển của game, không phải thay người.
D:\FL26\SiderAddons\Dugout\dugout\matchlive.py:1270: RuntimeWarning: All-NaN slice encountered
  good = ok & (ground >= 0.3) & (path >= 2.0) & (np.nanmax(speed, 0) <= 45)
21:35:01 Bản đồ trận: tìm người vào sân trong toàn bộ bộ nhớ: 9 (0.2s).
21:35:04 Bản đồ trận: 10 người mới cùng lúc: cảnh chuyển của game, không phải thay người.
21:35:24 Bản đồ trận: 9 người mới cùng lúc: cảnh chuyển của game, không phải thay người.
21:35:44 Bản đồ trận: 10 người mới cùng lúc: cảnh chuyển của game, không phải thay người.
21:35:47 Bản đồ trận: tìm người vào sân trong toàn bộ bộ nhớ: 9 (0.2s).
21:36:04 Bản đồ trận: 10 người mới cùng lúc: cảnh chuyển của game, không phải thay người.
21:36:25 Bản đồ trận: 9 người mới cùng lúc: cảnh chuyển của game, không phải thay người.
21:36:33 Bản đồ trận: tìm người vào sân trong toàn bộ bộ nhớ: 10 (0.2s).
21:36:47 Bản đồ trận: 10 người mới cùng lúc: cảnh chuyển của game, không phải thay người.
21:37:07 Bản đồ trận: 9 người mới cùng lúc: cảnh chuyển của game, không phải thay người.
21:37:19 Bản đồ trận: tìm người vào sân trong toàn bộ bộ nhớ: 8 (0.2s).
21:37:28 Bản đồ trận: 8 người mới cùng lúc: cảnh chuyển của game, không phải thay người.
21:37:49 Bản đồ trận: 8 người mới cùng lúc: cảnh chuyển của game, không phải thay người.
21:38:05 Bản đồ trận: tìm người vào sân trong toàn bộ bộ nhớ: 8 (0.2s).
21:38:11 Bản đồ trận: 8 người mới cùng lúc: cảnh chuyển của game, không phải thay người.
21:38:31 Bản đồ trận: 9 người mới cùng lúc: cảnh chuyển của game, không phải thay người.
21:38:50 Bản đồ trận: tìm người vào sân trong toàn bộ bộ nhớ: 9 (0.2s).
21:38:52 Bản đồ trận: 9 người mới cùng lúc: cảnh chuyển của game, không phải thay người.
21:39:12 Bản đồ trận: 10 người mới cùng lúc: cảnh chuyển của game, không phải thay người.
21:39:33 Bản đồ trận: 10 người mới cùng lúc: cảnh chuyển của game, không phải thay người.
21:39:37 Bản đồ trận: tìm người vào sân trong toàn bộ bộ nhớ: 10 (0.2s).
21:39:53 Bản đồ trận: 10 người mới cùng lúc: cảnh chuyển của game, không phải thay người.
21:40:14 Bản đồ trận: 10 người mới cùng lúc: cảnh chuyển của game, không phải thay người.
21:40:23 Bản đồ trận: tìm người vào sân trong toàn bộ bộ nhớ: 10 (0.2s).
21:40:34 Bản đồ trận: 8 người mới cùng lúc: cảnh chuyển của game, không phải thay người.
21:40:54 Bản đồ trận: 10 người mới cùng lúc: cảnh chuyển của game, không phải thay người.
21:41:08 Bản đồ trận: tìm người vào sân trong toàn bộ bộ nhớ: 8 (0.2s).
21:41:10 Bản đồ trận: Đối thủ thay người 61': Bobby De Cordova-Reid vào, Aaron Ramsey ra.
21:41:15 Bản đồ trận: 9 người mới cùng lúc: cảnh chuyển của game, không phải thay người.
21:41:36 Bản đồ trận: 11 người mới cùng lúc: cảnh chuyển của game, không phải thay người.
21:41:54 Bản đồ trận: tìm người vào sân trong toàn bộ bộ nhớ: 12 (0.2s).
21:41:56 Bản đồ trận: 13 người mới cùng lúc: cảnh chuyển của game, không phải thay người.
21:42:08 Bản đồ trận: Bạn: Iván Fresneda rời sân 67'. (gone)
21:42:16 Bản đồ trận: 11 người mới cùng lúc: cảnh chuyển của game, không phải thay người.
21:42:36 Bản đồ trận: 13 người mới cùng lúc: cảnh chuyển của game, không phải thay người.
21:42:40 Bản đồ trận: tìm người vào sân trong toàn bộ bộ nhớ: 13 (0.2s).
21:42:48 Bản đồ trận: dò bộ nhớ: Elias Baum vào thay Iván Fresneda (2 chỗ đổi, 37s).
21:42:48 Bản đồ trận: Bạn thay người 67': Elias Baum vào, Iván Fresneda ra.
21:42:57 Bản đồ trận: 13 người mới cùng lúc: cảnh chuyển của game, không phải thay người.
21:43:12 Bản đồ trận: Bạn thay người 76': Marc Casadó vào, Jorthy Mokio ra.
21:43:18 Bản đồ trận: 11 người mới cùng lúc: cảnh chuyển của game, không phải thay người.
21:43:26 Bản đồ trận: tìm người vào sân trong toàn bộ bộ nhớ: 11 (0.2s).
21:43:40 Bản đồ trận: 12 người mới cùng lúc: cảnh chuyển của game, không phải thay người.
21:43:46 Bản đồ trận: Đối thủ thay người 78': Luke Thomas vào, Victor Kristiansen ra.
21:43:46 Bản đồ trận: Đối thủ thay người 78': Jordan Ayew vào, Stephy Mavididi ra.
21:44:01 Bản đồ trận: 13 người mới cùng lúc: cảnh chuyển của game, không phải thay người.
21:44:12 Bản đồ trận: tìm người vào sân trong toàn bộ bộ nhớ: 15 (0.2s).
21:44:22 Bản đồ trận: 15 người mới cùng lúc: cảnh chuyển của game, không phải thay người.
21:44:26 Bản đồ trận: Bạn: Hugo Larsson rời sân 80'. (gone)
21:44:33 Bản đồ trận: Bạn thay người 80': Guille Fernández vào, Hugo Larsson ra.
21:44:33 Bản đồ trận: Bạn thay người 80': Roger Fernandes vào, Franco Mastantuono ra.
21:44:42 Bản đồ trận: 13 người mới cùng lúc: cảnh chuyển của game, không phải thay người.
21:44:55 Bản đồ trận: dò bộ nhớ: chưa thấy chỗ nào đổi từ Hugo Larsson sang cầu thủ dự bị (26s).
21:44:57 Bản đồ trận: tìm người vào sân trong toàn bộ bộ nhớ: 15 (0.2s).
21:45:04 Bản đồ trận: 16 người mới cùng lúc: cảnh chuyển của game, không phải thay người.
21:45:24 Bản đồ trận: 16 người mới cùng lúc: cảnh chuyển của game, không phải thay người.
21:45:43 Bản đồ trận: tìm người vào sân trong toàn bộ bộ nhớ: 16 (0.2s).
21:45:45 Bản đồ trận: 16 người mới cùng lúc: cảnh chuyển của game, không phải thay người.
21:45:50 Bản đồ trận: Bạn: Myles Lewis-Skelly rời sân 86'. (gone)
21:46:06 Bản đồ trận: 18 người mới cùng lúc: cảnh chuyển của game, không phải thay người.
21:46:24 Bản đồ trận: dò bộ nhớ: Álex Valle vào thay Myles Lewis-Skelly (2 chỗ đổi, 31s).
21:46:24 Bản đồ trận: Bạn thay người 86': Álex Valle vào, Myles Lewis-Skelly ra.
21:46:27 Bản đồ trận: 15 người mới cùng lúc: cảnh chuyển của game, không phải thay người.
21:46:28 Bản đồ trận: tìm người vào sân trong toàn bộ bộ nhớ: 18 (0.2s).
21:46:48 Bản đồ trận: 16 người mới cùng lúc: cảnh chuyển của game, không phải thay người.
21:47:10 Bản đồ trận: 16 người mới cùng lúc: cảnh chuyển của game, không phải thay người.
21:47:14 Bản đồ trận: tìm người vào sân trong toàn bộ bộ nhớ: 16 (0.2s).
21:47:31 Bản đồ trận: 16 người mới cùng lúc: cảnh chuyển của game, không phải thay người.
21:47:37 Bản đồ trận: Đối thủ thay người 95': Hamza Choudhury vào, Ricardo Pereira ra.
21:47:51 Bản đồ trận: 21 người mới cùng lúc: cảnh chuyển của game, không phải thay người.
21:48:00 Bản đồ trận: đã lưu diễn biến trận Leicester City FC – Arsenal FC.
21:48:46 Tìm thấy bảng giá trị cầu thủ trong bộ nhớ game (25806 dòng, 5.0s).
21:48:54 Lưu trữ thêm 209 trận trên thế giới vào dữ liệu của AI.
21:48:55 Đồng bộ xong: Arsenal FC, ngày 26/5/2026 (26.0s).
FL26 Dugout đang chạy tại http://127.0.0.1:8770/
22:32:58 Đồng bộ xong: Arsenal FC, ngày 26/5/2026 (7.2s).
22:32:58 Kết nối điện thoại qua Internet: https://float-arkansas-includes-premium.trycloudflare.com
FL26 Dugout đang chạy tại http://127.0.0.1:8770/
22:41:43 Kết nối điện thoại qua Internet: https://lamp-drugs-shown-chains.trycloudflare.com
22:41:47 Đồng bộ xong: Arsenal FC, ngày 26/5/2026 (7.3s).
22:45:04 Dò bộ nhớ game: 52 vùng, 1 bảng cầu thủ (13.6s).
22:45:27 Tìm thấy bảng giá trị cầu thủ trong bộ nhớ game (593 dòng, 22.4s).
22:46:39 Bản đồ trận: chưa thấy cầu thủ ở chỗ cũ (0 chuỗi, 1 bộ xương, 0 cửa sổ thử).
22:47:19 Bản đồ trận: tìm thấy 35 vị trí cầu thủ (0 biết tên), chưa thấy bóng (40.2s).
22:47:19 Bản đồ trận: ghi dữ liệu trận vào 20261001-224719_2026-05-26_79_101_398.
22:47:19 Bản đồ trận: chỗ quả bóng đã nhớ không còn đúng (không đọc được), dò lại.
22:47:32 Bản đồ trận: thấy tờ đội hình của trận trong bộ nhớ game (52.9s).
22:47:33 Bản đồ trận: đã thấy quả bóng (14.4s).
22:47:39 Bản đồ trận: quả bóng đang đọc nhảy vị trí liên tục: không phải quả bóng thật, dò lại.
22:48:05 Bản đồ trận: đã thấy quả bóng (26.6s).
22:48:16 Bản đồ trận: quả bóng đang đọc nhảy vị trí liên tục: không phải quả bóng thật, dò lại.
D:\FL26\SiderAddons\Dugout\dugout\matchlive.py:1273: RuntimeWarning: All-NaN slice encountered
  good = ok & (ground >= 0.3) & (path >= 2.0) & (np.nanmax(speed, 0) <= 45)
22:49:07 Bản đồ trận: Bạn: David Raya rời sân 19', có lẽ Guillaume Restes vào. (gone)
22:49:07 Bản đồ trận: người vào thay David Raya đã vào vị trí (game chưa báo tên; best guess).
22:49:12 Bản đồ trận: thấy 3 bản đội hình của trận (100.4s): thay người được nhận ngay, cả thay nhanh lúc bóng chết.
22:49:45 Bản đồ trận: thấy danh sách cầu thủ trên sân của hai đội (32.7s), Dugout nhận được thay người.
22:49:45 Bản đồ trận: Bạn thay người 19': Guillaume Restes vào, David Raya ra.
22:50:01 Bản đồ trận: đã thấy quả bóng (13.6s).
D:\FL26\SiderAddons\Dugout\dugout\liveai.py:95: RuntimeWarning: invalid value encountered in cast
  v = b.view({'f32': '<f4', 'u8': 'u1', 'u16': '<u2'}[kind])[:, :, 0].astype(np.float64)
22:50:15 Bản đồ trận: đã ghi nhớ 4465 chỗ game giữ mã cầu thủ (30s): thay nhanh lúc bóng chết sẽ được dò tên theo đó.
22:50:15 Bản đồ trận: đối tượng cầu thủ của game: 22/22 cầu thủ trên sân; trỏ tới cơ thể []; vị trí [('0x610', 22), ('0x604', 22), ('0x668', 22)].
22:54:13 Bản đồ trận: đã thấy thể lực của cầu thủ trong bộ nhớ game ({'offset': 1952, 'kind': 'f32', 'scale': 1.0, 'r': 0.31}).
22:57:19 Bản đồ trận: Bạn: Iván Fresneda rời sân 66'. (off)
22:57:20 Bản đồ trận: Bạn: Myles Lewis-Skelly rời sân 66'. (off)
22:57:23 Bản đồ trận: người vào thay Iván Fresneda đã vào vị trí (game chưa báo tên; sure).
22:57:23 Bản đồ trận: người vào thay Myles Lewis-Skelly đã vào vị trí (game chưa báo tên; sure).
22:57:57 Bản đồ trận: Bạn thay người 71': Tiago Gabriel vào, Ayden Heaven ra.
22:57:57 Bản đồ trận: Bạn thay người 66': Elias Baum vào, Iván Fresneda ra.
22:58:01 Bản đồ trận: dò bộ nhớ: chưa thấy chỗ nào đổi từ Iván Fresneda sang cầu thủ dự bị (38s).
22:58:06 Bản đồ trận: người vào thay Ayden Heaven đã vào vị trí (đã biết tên: Tiago Gabriel; sure).
22:58:30 Bản đồ trận: sửa lại người vào sân: Tiago Gabriel chơi đúng vị trí này.
22:58:30 Bản đồ trận: sửa lại người vào sân: người vào thay Myles Lewis-Skelly chơi đúng vị trí này.
22:58:32 Bản đồ trận: dò bộ nhớ: chưa thấy chỗ nào đổi từ Myles Lewis-Skelly sang cầu thủ dự bị (32s).
22:59:07 Bản đồ trận: Đối thủ: Jeremy Ngakia rời sân 80'. (gone)
22:59:07 Bản đồ trận: người vào thay Jeremy Ngakia đã vào vị trí (game chưa báo tên; best guess).
22:59:32 Bản đồ trận: Đối thủ thay người 80': Jeremy Petris vào, Jeremy Ngakia ra.
22:59:32 Bản đồ trận: Đối thủ thay người 84': Saba Goglichidze vào, Marc Bola ra.
22:59:32 Bản đồ trận: Đối thủ thay người 84': Luca Kjerrumgaard vào, Mamadou Doumbia ra.
22:59:32 Bản đồ trận: người vào thay Marc Bola đã vào vị trí (đã biết tên: Saba Goglichidze; best guess).
22:59:32 Bản đồ trận: người vào thay Mamadou Doumbia đã vào vị trí (đã biết tên: Luca Kjerrumgaard; best guess).
22:59:41 Bản đồ trận: dò bộ nhớ: chưa thấy chỗ nào đổi từ Jeremy Ngakia sang cầu thủ dự bị (31s).
23:00:03 Bản đồ trận: Bạn: Christ Inao Oulaï rời sân 84'. (off)
23:00:03 Bản đồ trận: Bạn: Pau Cubarsí rời sân 84'. (off)
23:00:04 Bản đồ trận: Bạn: Lennart Karl rời sân 84'. (off)
23:00:08 Bản đồ trận: người vào thay Christ Inao Oulaï đã vào vị trí (game chưa báo tên; sure).
23:00:11 Bản đồ trận: người vào thay Lennart Karl đã vào vị trí (game chưa báo tên; sure).
23:00:14 Bản đồ trận: người vào thay Pau Cubarsí đã vào vị trí (game chưa báo tên; sure).
23:00:17 Bản đồ trận: sửa lại người vào sân: người vào thay Pau Cubarsí chơi đúng vị trí này.
23:00:17 Bản đồ trận: sửa lại người vào sân: Tiago Gabriel chơi đúng vị trí này.
23:00:17 Bản đồ trận: sửa lại người vào sân: người vào thay Myles Lewis-Skelly chơi đúng vị trí này.
23:00:17 Bản đồ trận: sửa lại người vào sân: người vào thay Christ Inao Oulaï chơi đúng vị trí này.
23:00:36 Bản đồ trận: sửa lại người vào sân: Elias Baum chơi đúng vị trí này.
23:00:36 Bản đồ trận: sửa lại người vào sân: người vào thay Christ Inao Oulaï chơi đúng vị trí này.
23:00:36 Bản đồ trận: sửa lại người vào sân: người vào thay Lennart Karl chơi đúng vị trí này.
23:00:39 Bản đồ trận: dò bộ nhớ: Guille Fernández vào thay Christ Inao Oulaï (2 chỗ đổi, 32s).
23:00:39 Bản đồ trận: Bạn thay người 84': Guille Fernández vào, Christ Inao Oulaï ra.
23:00:50 Bản đồ trận: Bạn thay người 66': Jorthy Mokio vào, Myles Lewis-Skelly ra.
23:00:50 Bản đồ trận: Bạn thay người 84': Rodrigo Mora vào, Lennart Karl ra.
23:01:10 Bản đồ trận: dò bộ nhớ: chưa thấy chỗ nào đổi từ Pau Cubarsí sang cầu thủ dự bị (31s).
23:01:10 Bản đồ trận: dò bộ nhớ: chưa thấy chỗ nào đổi từ Lennart Karl sang cầu thủ dự bị (31s).
23:01:47 Bản đồ trận: đã lưu diễn biến trận Arsenal FC – Watford FC.
23:02:20 Lưu trữ thêm 82 trận trên thế giới vào dữ liệu của AI.
23:02:22 Đồng bộ xong: Arsenal FC, ngày 29/5/2026 (16.9s).
23:02:50 Tìm thấy bảng giá trị cầu thủ trong bộ nhớ game (288 dòng, 22.0s).
FL26 Dugout đang chạy tại http://127.0.0.1:8770/
23:09:09 Kết nối điện thoại qua Internet: https://allowed-solid-planets-lesson.trycloudflare.com
23:09:22 Đồng bộ xong: Arsenal FC, ngày 29/5/2026 (13.4s).
23:10:05 Dò bộ nhớ game: 47 vùng, 1 bảng cầu thủ (10.2s).
23:10:28 Tìm thấy bảng giá trị cầu thủ trong bộ nhớ game (288 dòng, 22.5s).
FL26 Dugout đang chạy tại http://127.0.0.1:8770/
23:17:18 Kết nối điện thoại qua Internet: https://florists-robots-canberra-silk.trycloudflare.com
23:17:32 Đồng bộ xong: Arsenal FC, ngày 29/5/2026 (15.2s).
23:18:17 Dò bộ nhớ game: 47 vùng, 1 bảng cầu thủ (13.3s).
23:18:43 Tìm thấy bảng giá trị cầu thủ trong bộ nhớ game (288 dòng, 26.2s).
FL26 Dugout đang chạy tại http://127.0.0.1:8770/
23:19:19 Kết nối điện thoại qua Internet: https://boats-saver-hygiene-debug.trycloudflare.com
23:19:31 Đồng bộ xong: Arsenal FC, ngày 29/5/2026 (13.8s).
23:20:15 Dò bộ nhớ game: 47 vùng, 1 bảng cầu thủ (9.8s).
23:20:38 Tìm thấy bảng giá trị cầu thủ trong bộ nhớ game (288 dòng, 22.3s).
23:24:05 Bản đồ trận: tìm thấy 36 vị trí cầu thủ (0 biết tên), chưa thấy bóng (1.5s).
23:24:05 Bản đồ trận: ghi dữ liệu trận vào 20261001-232405_2026-05-29_79_4194_101.
23:24:05 Bản đồ trận: chỗ quả bóng đã nhớ không còn đúng (không đọc được), dò lại.
23:24:58 Bản đồ trận: thấy tờ đội hình của trận trong bộ nhớ game (54.0s).
23:25:13 Bản đồ trận: thấy 3 bản đội hình của trận (15.8s): thay người được nhận ngay, cả thay nhanh lúc bóng chết.
23:25:13 Bản đồ trận: thấy danh sách cầu thủ trên sân của hai đội (0.0s), Dugout nhận được thay người.
23:25:40 Bản đồ trận: đã ghi nhớ 4725 chỗ game giữ mã cầu thủ (26s): thay nhanh lúc bóng chết sẽ được dò tên theo đó.
23:25:40 Bản đồ trận: đọc trực tiếp đối tượng cầu thủ của game: 22 cầu thủ (tên và vị trí từ game; thay người nhận ngay).
23:25:40 Bản đồ trận: đối tượng cầu thủ của game: 22/22 cầu thủ trên sân; trỏ tới cơ thể []; vị trí [('0x604', 22), ('0x668', 22), ('0x610', 22)].
23:26:27 Bản đồ trận: Đối thủ: Djibril Soumaré rời sân 18'. (gone)
23:26:28 Bản đồ trận: người vào thay Djibril Soumaré đã vào vị trí (game chưa báo tên; game).
23:26:29 Bản đồ trận: Đối thủ: ? rời sân 18'. (gone)
23:26:30 Bản đồ trận: người vào thay ? đã vào vị trí (game chưa báo tên; game).
D:\FL26\SiderAddons\Dugout\dugout\matchlive.py:1279: RuntimeWarning: All-NaN slice encountered
  good = ok & (ground >= 0.3) & (path >= 2.0) & (np.nanmax(speed, 0) <= 45)
23:27:14 Bản đồ trận: sửa lại người vào sân: Mark McGuinness chơi đúng vị trí này.
23:27:14 Bản đồ trận: sửa lại người vào sân: Gustavo Hamer chơi đúng vị trí này.
23:27:14 Bản đồ trận: sửa lại người vào sân: Callum O'Hare chơi đúng vị trí này.
23:27:14 Bản đồ trận: sửa lại người vào sân: Patrick Bamford chơi đúng vị trí này.
23:27:15 Bản đồ trận: sửa lại người vào sân: Gustavo Hamer chơi đúng vị trí này.
23:27:15 Bản đồ trận: sửa lại người vào sân: người vào thay ? chơi đúng vị trí này.
23:27:15 Bản đồ trận: sửa lại người vào sân: Lennart Karl chơi đúng vị trí này.
23:27:15 Bản đồ trận: sửa lại người vào sân: Callum O'Hare chơi đúng vị trí này.
23:27:15 Bản đồ trận: sửa lại người vào sân: Harrison Burrows chơi đúng vị trí này.
23:27:15 Bản đồ trận: sửa lại người vào sân: Iván Fresneda chơi đúng vị trí này.
23:27:16 Bản đồ trận: sửa lại người vào sân: Ben Mee chơi đúng vị trí này.
23:27:16 Bản đồ trận: sửa lại người vào sân: Chiedozie Ogbene chơi đúng vị trí này.
23:27:16 Bản đồ trận: sửa lại người vào sân: Chiedozie Ogbene chơi đúng vị trí này.
23:27:16 Bản đồ trận: sửa lại người vào sân: Ben Mee chơi đúng vị trí này.
23:27:16 Bản đồ trận: sửa lại người vào sân: người vào thay ? chơi đúng vị trí này.
23:27:16 Bản đồ trận: sửa lại người vào sân: Mark McGuinness chơi đúng vị trí này.
23:27:16 Bản đồ trận: sửa lại người vào sân: Iván Fresneda chơi đúng vị trí này.
23:27:16 Bản đồ trận: sửa lại người vào sân: Harrison Burrows chơi đúng vị trí này.
23:27:16 Bản đồ trận: sửa lại người vào sân: Callum O'Hare chơi đúng vị trí này.
23:27:16 Bản đồ trận: sửa lại người vào sân: Lennart Karl chơi đúng vị trí này.
23:27:17 Bản đồ trận: sửa lại người vào sân: Patrick Bamford chơi đúng vị trí này.
23:27:17 Bản đồ trận: sửa lại người vào sân: Callum O'Hare chơi đúng vị trí này.
23:27:37 Bản đồ trận: sửa lại người vào sân: người vào thay ? chơi đúng vị trí này.
23:27:37 Bản đồ trận: sửa lại người vào sân: Gustavo Hamer chơi đúng vị trí này.
D:\FL26\SiderAddons\Dugout\dugout\liveai.py:95: RuntimeWarning: invalid value encountered in cast
  v = b.view({'f32': '<f4', 'u8': 'u1', 'u16': '<u2'}[kind])[:, :, 0].astype(np.float64)
23:27:44 Bản đồ trận: Bạn: Máximo Perrone rời sân 24'. (gone)
23:27:45 Bản đồ trận: người vào thay Máximo Perrone đã vào vị trí (game chưa báo tên; game).
23:27:47 Bản đồ trận: Bạn: ? rời sân 24'. (gone)
23:27:49 Bản đồ trận: người vào thay ? đã vào vị trí (game chưa báo tên; game).
23:27:55 Bản đồ trận: Bạn: ? rời sân 25'. (gone)
23:27:57 Bản đồ trận: người vào thay ? đã vào vị trí (game chưa báo tên; game).
23:29:51 Bản đồ trận: đã thấy quả bóng (12.5s).
23:30:04 Bản đồ trận: quả bóng đang đọc nhảy vị trí hoặc dính một cầu thủ: không phải quả bóng thật, dò lại.
23:30:18 Bản đồ trận: đã thấy quả bóng (13.6s).
23:30:37 Bản đồ trận: quả bóng đang đọc nhảy vị trí hoặc dính một cầu thủ: không phải quả bóng thật, dò lại.
23:33:36 Bản đồ trận: đã thấy quả bóng (13.7s).
23:33:50 Bản đồ trận: quả bóng đang đọc nhảy vị trí hoặc dính một cầu thủ: không phải quả bóng thật, dò lại.
23:34:43 Bản đồ trận: Đối thủ: Gustavo Hamer rời sân 54'. (gone)
23:34:44 Bản đồ trận: người vào thay Gustavo Hamer đã vào vị trí (game chưa báo tên; game).
23:35:03 Bản đồ trận: đã thấy quả bóng (12.6s).
23:35:07 Bản đồ trận: quả bóng đang đọc nhảy vị trí hoặc dính một cầu thủ: không phải quả bóng thật, dò lại.
23:35:12 Bản đồ trận: Bạn: ? rời sân 58'. (gone)
23:35:13 Bản đồ trận: sửa lại người vào sân: Callum O'Hare chơi đúng vị trí này.
23:35:13 Bản đồ trận: người vào thay ? đã vào vị trí (game chưa báo tên; game).
23:35:13 Bản đồ trận: sửa lại người vào sân: người vào thay ? chơi đúng vị trí này.
23:35:13 Bản đồ trận: sửa lại người vào sân: Callum O'Hare chơi đúng vị trí này.
23:35:13 Bản đồ trận: sửa lại người vào sân: Callum O'Hare chơi đúng vị trí này.
23:35:13 Bản đồ trận: người vào thay ? đã vào vị trí (game chưa báo tên; game).
23:35:13 Bản đồ trận: sửa lại người vào sân: người vào thay ? chơi đúng vị trí này.
23:35:13 Bản đồ trận: sửa lại người vào sân: Callum O'Hare chơi đúng vị trí này.
23:35:13 Bản đồ trận: sửa lại người vào sân: Callum O'Hare chơi đúng vị trí này.
23:35:13 Bản đồ trận: người vào thay ? đã vào vị trí (game chưa báo tên; game).
23:35:13 Bản đồ trận: sửa lại người vào sân: người vào thay ? chơi đúng vị trí này.
23:35:13 Bản đồ trận: sửa lại người vào sân: Callum O'Hare chơi đúng vị trí này.
23:35:13 Bản đồ trận: sửa lại người vào sân: Callum O'Hare chơi đúng vị trí này.
23:35:13 Bản đồ trận: người vào thay ? đã vào vị trí (game chưa báo tên; game).
23:35:13 Bản đồ trận: sửa lại người vào sân: người vào thay ? chơi đúng vị trí này.
23:35:13 Bản đồ trận: sửa lại người vào sân: Callum O'Hare chơi đúng vị trí này.
23:35:13 Bản đồ trận: sửa lại người vào sân: Callum O'Hare chơi đúng vị trí này.
23:35:13 Bản đồ trận: người vào thay ? đã vào vị trí (game chưa báo tên; game).
23:35:13 Bản đồ trận: sửa lại người vào sân: người vào thay ? chơi đúng vị trí này.
23:35:13 Bản đồ trận: sửa lại người vào sân: Callum O'Hare chơi đúng vị trí này.
23:35:13 Bản đồ trận: sửa lại người vào sân: Callum O'Hare chơi đúng vị trí này.
23:35:13 Bản đồ trận: người vào thay ? đã vào vị trí (game chưa báo tên; game).
23:35:13 Bản đồ trận: sửa lại người vào sân: người vào thay ? chơi đúng vị trí này.
23:35:13 Bản đồ trận: sửa lại người vào sân: Callum O'Hare chơi đúng vị trí này.
23:35:13 Bản đồ trận: sửa lại người vào sân: Callum O'Hare chơi đúng vị trí này.
23:35:13 Bản đồ trận: người vào thay ? đã vào vị trí (game chưa báo tên; game).
23:35:13 Bản đồ trận: sửa lại người vào sân: người vào thay ? chơi đúng vị trí này.
23:35:13 Bản đồ trận: sửa lại người vào sân: Callum O'Hare chơi đúng vị trí này.
23:35:13 Bản đồ trận: sửa lại người vào sân: Callum O'Hare chơi đúng vị trí này.
23:35:13 Bản đồ trận: người vào thay ? đã vào vị trí (game chưa báo tên; game).
23:35:13 Bản đồ trận: sửa lại người vào sân: người vào thay ? chơi đúng vị trí này.
23:35:13 Bản đồ trận: sửa lại người vào sân: Callum O'Hare chơi đúng vị trí này.
23:35:13 Bản đồ trận: sửa lại người vào sân: Callum O'Hare chơi đúng vị trí này.
23:35:13 Bản đồ trận: người vào thay ? đã vào vị trí (game chưa báo tên; game).
23:35:13 Bản đồ trận: sửa lại người vào sân: người vào thay ? chơi đúng vị trí này.
23:35:13 Bản đồ trận: sửa lại người vào sân: Callum O'Hare chơi đúng vị trí này.
23:35:13 Bản đồ trận: sửa lại người vào sân: Callum O'Hare chơi đúng vị trí này.
23:35:13 Bản đồ trận: người vào thay ? đã vào vị trí (game chưa báo tên; game).
23:35:13 Bản đồ trận: sửa lại người vào sân: người vào thay ? chơi đúng vị trí này.
23:35:13 Bản đồ trận: sửa lại người vào sân: Callum O'Hare chơi đúng vị trí này.
23:35:13 Bản đồ trận: sửa lại người vào sân: Callum O'Hare chơi đúng vị trí này.
23:35:13 Bản đồ trận: người vào thay ? đã vào vị trí (game chưa báo tên; game).
23:35:13 Bản đồ trận: sửa lại người vào sân: người vào thay ? chơi đúng vị trí này.
23:35:13 Bản đồ trận: sửa lại người vào sân: Callum O'Hare chơi đúng vị trí này.
23:35:13 Bản đồ trận: sửa lại người vào sân: Callum O'Hare chơi đúng vị trí này.
23:35:13 Bản đồ trận: người vào thay ? đã vào vị trí (game chưa báo tên; game).
23:35:13 Bản đồ trận: sửa lại người vào sân: người vào thay ? chơi đúng vị trí này.
23:35:13 Bản đồ trận: sửa lại người vào sân: Callum O'Hare chơi đúng vị trí này.
23:35:13 Bản đồ trận: sửa lại người vào sân: Callum O'Hare chơi đúng vị trí này.
23:35:13 Bản đồ trận: người vào thay ? đã vào vị trí (game chưa báo tên; game).
23:35:13 Bản đồ trận: sửa lại người vào sân: người vào thay ? chơi đúng vị trí này.
23:35:13 Bản đồ trận: sửa lại người vào sân: Callum O'Hare chơi đúng vị trí này.
23:35:13 Bản đồ trận: sửa lại người vào sân: Callum O'Hare chơi đúng vị trí này.
23:35:13 Bản đồ trận: người vào thay ? đã vào vị trí (game chưa báo tên; game).
23:35:13 Bản đồ trận: sửa lại người vào sân: người vào thay ? chơi đúng vị trí này.
23:35:13 Bản đồ trận: sửa lại người vào sân: Callum O'Hare chơi đúng vị trí này.
23:35:13 Bản đồ trận: sửa lại người vào sân: Callum O'Hare chơi đúng vị trí này.
23:35:13 Bản đồ trận: người vào thay ? đã vào vị trí (game chưa báo tên; game).
23:35:13 Bản đồ trận: sửa lại người vào sân: người vào thay ? chơi đúng vị trí này.
23:35:13 Bản đồ trận: sửa lại người vào sân: Callum O'Hare chơi đúng vị trí này.
23:35:14 Bản đồ trận: sửa lại người vào sân: Callum O'Hare chơi đúng vị trí này.
23:35:14 Bản đồ trận: người vào thay ? đã vào vị trí (game chưa báo tên; game).
23:35:14 Bản đồ trận: sửa lại người vào sân: người vào thay ? chơi đúng vị trí này.
23:35:14 Bản đồ trận: sửa lại người vào sân: Callum O'Hare chơi đúng vị trí này.
23:35:14 Bản đồ trận: sửa lại người vào sân: Callum O'Hare chơi đúng vị trí này.
23:35:14 Bản đồ trận: người vào thay ? đã vào vị trí (game chưa báo tên; game).
23:35:14 Bản đồ trận: sửa lại người vào sân: người vào thay ? chơi đúng vị trí này.
23:35:14 Bản đồ trận: sửa lại người vào sân: Callum O'Hare chơi đúng vị trí này.
23:35:14 Bản đồ trận: sửa lại người vào sân: Callum O'Hare chơi đúng vị trí này.
23:35:14 Bản đồ trận: người vào thay ? đã vào vị trí (game chưa báo tên; game).
23:35:14 Bản đồ trận: sửa lại người vào sân: người vào thay ? chơi đúng vị trí này.
23:35:14 Bản đồ trận: sửa lại người vào sân: Callum O'Hare chơi đúng vị trí này.
23:35:14 Bản đồ trận: sửa lại người vào sân: Callum O'Hare chơi đúng vị trí này.
23:35:14 Bản đồ trận: người vào thay ? đã vào vị trí (game chưa báo tên; game).
23:35:14 Bản đồ trận: sửa lại người vào sân: người vào thay ? chơi đúng vị trí này.
23:35:14 Bản đồ trận: sửa lại người vào sân: Callum O'Hare chơi đúng vị trí này.
23:35:14 Bản đồ trận: sửa lại người vào sân: Callum O'Hare chơi đúng vị trí này.
23:35:14 Bản đồ trận: người vào thay ? đã vào vị trí (game chưa báo tên; game).
23:35:14 Bản đồ trận: sửa lại người vào sân: người vào thay ? chơi đúng vị trí này.
23:35:14 Bản đồ trận: sửa lại người vào sân: Callum O'Hare chơi đúng vị trí này.
23:35:14 Bản đồ trận: sửa lại người vào sân: Callum O'Hare chơi đúng vị trí này.
23:35:14 Bản đồ trận: người vào thay ? đã vào vị trí (game chưa báo tên; game).
23:35:14 Bản đồ trận: sửa lại người vào sân: người vào thay ? chơi đúng vị trí này.
23:35:14 Bản đồ trận: sửa lại người vào sân: Callum O'Hare chơi đúng vị trí này.
23:35:14 Bản đồ trận: sửa lại người vào sân: Callum O'Hare chơi đúng vị trí này.
23:35:14 Bản đồ trận: người vào thay ? đã vào vị trí (game chưa báo tên; game).
23:35:14 Bản đồ trận: sửa lại người vào sân: người vào thay ? chơi đúng vị trí này.
23:35:14 Bản đồ trận: sửa lại người vào sân: Callum O'Hare chơi đúng vị trí này.
23:35:14 Bản đồ trận: sửa lại người vào sân: Callum O'Hare chơi đúng vị trí này.
23:35:14 Bản đồ trận: người vào thay ? đã vào vị trí (game chưa báo tên; game).
23:35:14 Bản đồ trận: sửa lại người vào sân: người vào thay ? chơi đúng vị trí này.
23:35:14 Bản đồ trận: sửa lại người vào sân: Callum O'Hare chơi đúng vị trí này.
23:35:14 Bản đồ trận: sửa lại người vào sân: Callum O'Hare chơi đúng vị trí này.
23:35:14 Bản đồ trận: người vào thay ? đã vào vị trí (game chưa báo tên; game).
23:35:14 Bản đồ trận: sửa lại người vào sân: người vào thay ? chơi đúng vị trí này.
23:35:14 Bản đồ trận: sửa lại người vào sân: Callum O'Hare chơi đúng vị trí này.
23:35:14 Bản đồ trận: sửa lại người vào sân: Callum O'Hare chơi đúng vị trí này.
23:35:14 Bản đồ trận: người vào thay ? đã vào vị trí (game chưa báo tên; game).
23:35:14 Bản đồ trận: sửa lại người vào sân: người vào thay ? chơi đúng vị trí này.
23:35:14 Bản đồ trận: sửa lại người vào sân: Callum O'Hare chơi đúng vị trí này.
23:35:14 Bản đồ trận: sửa lại người vào sân: Callum O'Hare chơi đúng vị trí này.
23:35:14 Bản đồ trận: người vào thay ? đã vào vị trí (game chưa báo tên; game).
23:35:14 Bản đồ trận: sửa lại người vào sân: người vào thay ? chơi đúng vị trí này.
23:35:14 Bản đồ trận: sửa lại người vào sân: Callum O'Hare chơi đúng vị trí này.
23:35:14 Bản đồ trận: sửa lại người vào sân: Callum O'Hare chơi đúng vị trí này.
23:35:14 Bản đồ trận: người vào thay ? đã vào vị trí (game chưa báo tên; game).
23:35:14 Bản đồ trận: sửa lại người vào sân: người vào thay ? chơi đúng vị trí này.
23:35:14 Bản đồ trận: sửa lại người vào sân: Callum O'Hare chơi đúng vị trí này.
23:35:14 Bản đồ trận: sửa lại người vào sân: Callum O'Hare chơi đúng vị trí này.
23:35:14 Bản đồ trận: người vào thay ? đã vào vị trí (game chưa báo tên; game).
23:35:14 Bản đồ trận: sửa lại người vào sân: người vào thay ? chơi đúng vị trí này.
23:35:14 Bản đồ trận: sửa lại người vào sân: Callum O'Hare chơi đúng vị trí này.
23:35:14 Bản đồ trận: sửa lại người vào sân: Callum O'Hare chơi đúng vị trí này.
23:35:14 Bản đồ trận: người vào thay ? đã vào vị trí (game chưa báo tên; game).
23:35:14 Bản đồ trận: sửa lại người vào sân: người vào thay ? chơi đúng vị trí này.
23:35:14 Bản đồ trận: sửa lại người vào sân: Callum O'Hare chơi đúng vị trí này.
23:35:14 Bản đồ trận: sửa lại người vào sân: Callum O'Hare chơi đúng vị trí này.
23:35:14 Bản đồ trận: người vào thay ? đã vào vị trí (game chưa báo tên; game).
23:35:14 Bản đồ trận: sửa lại người vào sân: người vào thay ? chơi đúng vị trí này.
23:35:14 Bản đồ trận: sửa lại người vào sân: Callum O'Hare chơi đúng vị trí này.
23:35:14 Bản đồ trận: sửa lại người vào sân: Callum O'Hare chơi đúng vị trí này.
23:35:14 Bản đồ trận: người vào thay ? đã vào vị trí (game chưa báo tên; game).
23:35:14 Bản đồ trận: sửa lại người vào sân: người vào thay ? chơi đúng vị trí này.
23:35:14 Bản đồ trận: sửa lại người vào sân: Callum O'Hare chơi đúng vị trí này.
23:35:14 Bản đồ trận: sửa lại người vào sân: Callum O'Hare chơi đúng vị trí này.
23:35:14 Bản đồ trận: người vào thay ? đã vào vị trí (game chưa báo tên; game).
23:35:15 Bản đồ trận: sửa lại người vào sân: người vào thay ? chơi đúng vị trí này.
23:35:15 Bản đồ trận: sửa lại người vào sân: Callum O'Hare chơi đúng vị trí này.
23:35:15 Bản đồ trận: sửa lại người vào sân: Callum O'Hare chơi đúng vị trí này.
23:35:15 Bản đồ trận: người vào thay ? đã vào vị trí (game chưa báo tên; game).
23:35:15 Bản đồ trận: sửa lại người vào sân: người vào thay ? chơi đúng vị trí này.
23:35:15 Bản đồ trận: sửa lại người vào sân: Callum O'Hare chơi đúng vị trí này.
23:35:15 Bản đồ trận: sửa lại người vào sân: Callum O'Hare chơi đúng vị trí này.
23:35:15 Bản đồ trận: người vào thay ? đã vào vị trí (game chưa báo tên; game).
23:35:15 Bản đồ trận: Bạn: ? rời sân 58'. (gone)
23:35:16 Bản đồ trận: người vào thay ? đã vào vị trí (đã biết tên: Callum O'Hare; known).
23:35:16 Bản đồ trận: người vào thay ? đã vào vị trí (game chưa báo tên; game).
23:35:23 Bản đồ trận: Đối thủ: Callum O'Hare rời sân 59'. (gone)
23:35:23 Bản đồ trận: người vào thay Callum O'Hare đã vào vị trí (game chưa báo tên; game).
23:35:55 Bản đồ trận: đã thấy quả bóng (13.0s).
23:36:04 Bản đồ trận: Bạn: Lennart Karl rời sân 66'. (gone)
23:36:06 Bản đồ trận: người vào thay Lennart Karl đã vào vị trí (game chưa báo tên; game).
23:37:05 Bản đồ trận: Đối thủ thay người 54': Sydie Peck vào, Gustavo Hamer ra.
23:37:05 Bản đồ trận: Đối thủ thay người 75': Tyrese Campbell vào, Harrison Burrows ra.
23:37:09 Bản đồ trận: Đối thủ: Sydie Peck rời sân 75'. (gone)
23:37:31 Bản đồ trận: Bạn thay người 75': Tiago Gabriel vào, Pau Cubarsí ra.
23:37:31 Bản đồ trận: Bạn thay người 75': Elias Baum vào, Iván Fresneda ra.
23:37:31 Bản đồ trận: Bạn thay người 75': Myles Lewis-Skelly vào, Joaquin Seys ra.
23:37:31 Bản đồ trận: Bạn thay người 75': Rodrigo Mora vào, Ruben van Bommel ra.
23:37:31 Bản đồ trận: Bạn thay người 75': Estevão Willian vào, Franco Mastantuono ra.
23:37:31 Bản đồ trận: Bạn thay người 66': Guille Fernández vào, Lennart Karl ra.
23:37:32 Bản đồ trận: sửa lại người vào sân: Chiedozie Ogbene chơi đúng vị trí này.
23:37:32 Bản đồ trận: người vào thay Joaquin Seys đã vào vị trí (đã biết tên: Myles Lewis-Skelly; game).
23:37:32 Bản đồ trận: sửa lại người vào sân: Myles Lewis-Skelly chơi đúng vị trí này.
23:37:32 Bản đồ trận: sửa lại người vào sân: Chiedozie Ogbene chơi đúng vị trí này.
23:37:32 Bản đồ trận: sửa lại người vào sân: Chiedozie Ogbene chơi đúng vị trí này.
23:37:32 Bản đồ trận: người vào thay Joaquin Seys đã vào vị trí (đã biết tên: Myles Lewis-Skelly; game).
23:37:32 Bản đồ trận: sửa lại người vào sân: Jamie Shackleton chơi đúng vị trí này.
23:37:32 Bản đồ trận: người vào thay Ruben van Bommel đã vào vị trí (đã biết tên: Rodrigo Mora; game).
23:37:32 Bản đồ trận: sửa lại người vào sân: Rodrigo Mora chơi đúng vị trí này.
23:37:32 Bản đồ trận: sửa lại người vào sân: Jamie Shackleton chơi đúng vị trí này.
23:37:32 Bản đồ trận: sửa lại người vào sân: Myles Lewis-Skelly chơi đúng vị trí này.
23:37:32 Bản đồ trận: sửa lại người vào sân: Chiedozie Ogbene chơi đúng vị trí này.
23:37:32 Bản đồ trận: người vào thay Iván Fresneda đã vào vị trí (đã biết tên: Elias Baum; game).
23:37:32 Bản đồ trận: sửa lại người vào sân: Chiedozie Ogbene chơi đúng vị trí này.
23:37:32 Bản đồ trận: người vào thay Joaquin Seys đã vào vị trí (đã biết tên: Myles Lewis-Skelly; game).
23:37:32 Bản đồ trận: sửa lại người vào sân: Myles Lewis-Skelly chơi đúng vị trí này.
23:37:32 Bản đồ trận: sửa lại người vào sân: Chiedozie Ogbene chơi đúng vị trí này.
23:37:35 Bản đồ trận: sửa lại người vào sân: Chiedozie Ogbene chơi đúng vị trí này.
23:37:35 Bản đồ trận: người vào thay Joaquin Seys đã vào vị trí (đã biết tên: Myles Lewis-Skelly; game).
23:37:35 Bản đồ trận: sửa lại người vào sân: Myles Lewis-Skelly chơi đúng vị trí này.
23:37:35 Bản đồ trận: sửa lại người vào sân: Chiedozie Ogbene chơi đúng vị trí này.
23:37:35 Bản đồ trận: sửa lại người vào sân: Chiedozie Ogbene chơi đúng vị trí này.
23:37:35 Bản đồ trận: người vào thay Joaquin Seys đã vào vị trí (đã biết tên: Myles Lewis-Skelly; game).
23:37:35 Bản đồ trận: sửa lại người vào sân: Myles Lewis-Skelly chơi đúng vị trí này.
23:37:35 Bản đồ trận: sửa lại người vào sân: Chiedozie Ogbene chơi đúng vị trí này.
23:37:35 Bản đồ trận: sửa lại người vào sân: Chiedozie Ogbene chơi đúng vị trí này.
23:37:35 Bản đồ trận: người vào thay Joaquin Seys đã vào vị trí (đã biết tên: Myles Lewis-Skelly; game).
23:37:35 Bản đồ trận: sửa lại người vào sân: Myles Lewis-Skelly chơi đúng vị trí này.
23:37:35 Bản đồ trận: sửa lại người vào sân: Chiedozie Ogbene chơi đúng vị trí này.
23:37:35 Bản đồ trận: sửa lại người vào sân: Chiedozie Ogbene chơi đúng vị trí này.
23:37:35 Bản đồ trận: người vào thay Joaquin Seys đã vào vị trí (đã biết tên: Myles Lewis-Skelly; game).
23:37:35 Bản đồ trận: sửa lại người vào sân: Myles Lewis-Skelly chơi đúng vị trí này.
23:37:35 Bản đồ trận: sửa lại người vào sân: Chiedozie Ogbene chơi đúng vị trí này.
23:37:35 Bản đồ trận: sửa lại người vào sân: Chiedozie Ogbene chơi đúng vị trí này.
23:37:35 Bản đồ trận: người vào thay Joaquin Seys đã vào vị trí (đã biết tên: Myles Lewis-Skelly; game).
23:37:35 Bản đồ trận: sửa lại người vào sân: Myles Lewis-Skelly chơi đúng vị trí này.
23:37:35 Bản đồ trận: sửa lại người vào sân: Chiedozie Ogbene chơi đúng vị trí này.
23:37:35 Bản đồ trận: sửa lại người vào sân: Chiedozie Ogbene chơi đúng vị trí này.
23:37:35 Bản đồ trận: người vào thay Joaquin Seys đã vào vị trí (đã biết tên: Myles Lewis-Skelly; game).
23:37:35 Bản đồ trận: sửa lại người vào sân: Myles Lewis-Skelly chơi đúng vị trí này.
23:37:35 Bản đồ trận: sửa lại người vào sân: Chiedozie Ogbene chơi đúng vị trí này.
23:37:37 Bản đồ trận: sửa lại người vào sân: Chiedozie Ogbene chơi đúng vị trí này.
23:37:37 Bản đồ trận: người vào thay Joaquin Seys đã vào vị trí (đã biết tên: Myles Lewis-Skelly; game).
23:37:37 Bản đồ trận: sửa lại người vào sân: Myles Lewis-Skelly chơi đúng vị trí này.
23:37:37 Bản đồ trận: sửa lại người vào sân: Chiedozie Ogbene chơi đúng vị trí này.
23:37:37 Bản đồ trận: sửa lại người vào sân: Chiedozie Ogbene chơi đúng vị trí này.
23:37:37 Bản đồ trận: người vào thay Joaquin Seys đã vào vị trí (đã biết tên: Myles Lewis-Skelly; game).
23:37:37 Bản đồ trận: sửa lại người vào sân: Myles Lewis-Skelly chơi đúng vị trí này.
23:37:37 Bản đồ trận: sửa lại người vào sân: Chiedozie Ogbene chơi đúng vị trí này.
23:37:37 Bản đồ trận: sửa lại người vào sân: Chiedozie Ogbene chơi đúng vị trí này.
23:37:37 Bản đồ trận: người vào thay Joaquin Seys đã vào vị trí (đã biết tên: Myles Lewis-Skelly; game).
23:37:37 Bản đồ trận: sửa lại người vào sân: Myles Lewis-Skelly chơi đúng vị trí này.
23:37:37 Bản đồ trận: sửa lại người vào sân: Chiedozie Ogbene chơi đúng vị trí này.
23:37:37 Bản đồ trận: sửa lại người vào sân: Chiedozie Ogbene chơi đúng vị trí này.
23:37:37 Bản đồ trận: người vào thay Joaquin Seys đã vào vị trí (đã biết tên: Myles Lewis-Skelly; game).
23:37:37 Bản đồ trận: sửa lại người vào sân: Myles Lewis-Skelly chơi đúng vị trí này.
23:37:37 Bản đồ trận: sửa lại người vào sân: Chiedozie Ogbene chơi đúng vị trí này.
23:37:37 Bản đồ trận: sửa lại người vào sân: Chiedozie Ogbene chơi đúng vị trí này.
23:37:37 Bản đồ trận: người vào thay Joaquin Seys đã vào vị trí (đã biết tên: Myles Lewis-Skelly; game).
23:37:37 Bản đồ trận: sửa lại người vào sân: Myles Lewis-Skelly chơi đúng vị trí này.
23:37:37 Bản đồ trận: sửa lại người vào sân: Chiedozie Ogbene chơi đúng vị trí này.
23:37:37 Bản đồ trận: sửa lại người vào sân: Chiedozie Ogbene chơi đúng vị trí này.
23:37:37 Bản đồ trận: người vào thay Joaquin Seys đã vào vị trí (đã biết tên: Myles Lewis-Skelly; game).
23:37:37 Bản đồ trận: sửa lại người vào sân: Myles Lewis-Skelly chơi đúng vị trí này.
23:37:37 Bản đồ trận: sửa lại người vào sân: Chiedozie Ogbene chơi đúng vị trí này.
23:37:37 Bản đồ trận: sửa lại người vào sân: Chiedozie Ogbene chơi đúng vị trí này.
23:37:37 Bản đồ trận: người vào thay Joaquin Seys đã vào vị trí (đã biết tên: Myles Lewis-Skelly; game).
23:37:37 Bản đồ trận: sửa lại người vào sân: Myles Lewis-Skelly chơi đúng vị trí này.
23:37:37 Bản đồ trận: sửa lại người vào sân: Chiedozie Ogbene chơi đúng vị trí này.
23:37:37 Bản đồ trận: sửa lại người vào sân: Chiedozie Ogbene chơi đúng vị trí này.
23:37:37 Bản đồ trận: người vào thay Joaquin Seys đã vào vị trí (đã biết tên: Myles Lewis-Skelly; game).
23:37:37 Bản đồ trận: sửa lại người vào sân: Myles Lewis-Skelly chơi đúng vị trí này.
23:37:37 Bản đồ trận: sửa lại người vào sân: Chiedozie Ogbene chơi đúng vị trí này.
23:37:37 Bản đồ trận: sửa lại người vào sân: Chiedozie Ogbene chơi đúng vị trí này.
23:37:37 Bản đồ trận: người vào thay Joaquin Seys đã vào vị trí (đã biết tên: Myles Lewis-Skelly; game).
23:37:37 Bản đồ trận: sửa lại người vào sân: Myles Lewis-Skelly chơi đúng vị trí này.
23:37:37 Bản đồ trận: sửa lại người vào sân: Chiedozie Ogbene chơi đúng vị trí này.
23:37:37 Bản đồ trận: sửa lại người vào sân: Chiedozie Ogbene chơi đúng vị trí này.
23:37:37 Bản đồ trận: người vào thay Joaquin Seys đã vào vị trí (đã biết tên: Myles Lewis-Skelly; game).
23:37:37 Bản đồ trận: sửa lại người vào sân: Myles Lewis-Skelly chơi đúng vị trí này.
23:37:37 Bản đồ trận: sửa lại người vào sân: Chiedozie Ogbene chơi đúng vị trí này.
23:37:37 Bản đồ trận: sửa lại người vào sân: Chiedozie Ogbene chơi đúng vị trí này.
23:37:37 Bản đồ trận: người vào thay Joaquin Seys đã vào vị trí (đã biết tên: Myles Lewis-Skelly; game).
23:37:37 Bản đồ trận: sửa lại người vào sân: Myles Lewis-Skelly chơi đúng vị trí này.
23:37:37 Bản đồ trận: sửa lại người vào sân: Chiedozie Ogbene chơi đúng vị trí này.
23:37:37 Bản đồ trận: sửa lại người vào sân: Chiedozie Ogbene chơi đúng vị trí này.
23:37:37 Bản đồ trận: người vào thay Joaquin Seys đã vào vị trí (đã biết tên: Myles Lewis-Skelly; game).
23:37:37 Bản đồ trận: sửa lại người vào sân: Myles Lewis-Skelly chơi đúng vị trí này.
23:37:37 Bản đồ trận: sửa lại người vào sân: Chiedozie Ogbene chơi đúng vị trí này.
23:37:37 Bản đồ trận: sửa lại người vào sân: Chiedozie Ogbene chơi đúng vị trí này.
23:37:37 Bản đồ trận: người vào thay Joaquin Seys đã vào vị trí (đã biết tên: Myles Lewis-Skelly; game).
23:37:37 Bản đồ trận: sửa lại người vào sân: Myles Lewis-Skelly chơi đúng vị trí này.
23:37:37 Bản đồ trận: sửa lại người vào sân: Chiedozie Ogbene chơi đúng vị trí này.
23:37:37 Bản đồ trận: sửa lại người vào sân: Chiedozie Ogbene chơi đúng vị trí này.
23:37:37 Bản đồ trận: người vào thay Joaquin Seys đã vào vị trí (đã biết tên: Myles Lewis-Skelly; game).
23:37:37 Bản đồ trận: sửa lại người vào sân: Myles Lewis-Skelly chơi đúng vị trí này.
23:37:37 Bản đồ trận: sửa lại người vào sân: Chiedozie Ogbene chơi đúng vị trí này.
23:37:37 Bản đồ trận: sửa lại người vào sân: Chiedozie Ogbene chơi đúng vị trí này.
23:37:37 Bản đồ trận: người vào thay Joaquin Seys đã vào vị trí (đã biết tên: Myles Lewis-Skelly; game).
23:37:38 Bản đồ trận: sửa lại người vào sân: Myles Lewis-Skelly chơi đúng vị trí này.
23:37:38 Bản đồ trận: sửa lại người vào sân: Chiedozie Ogbene chơi đúng vị trí này.
23:37:38 Bản đồ trận: sửa lại người vào sân: Chiedozie Ogbene chơi đúng vị trí này.
23:37:38 Bản đồ trận: người vào thay Joaquin Seys đã vào vị trí (đã biết tên: Myles Lewis-Skelly; game).
23:37:38 Bản đồ trận: sửa lại người vào sân: Myles Lewis-Skelly chơi đúng vị trí này.
23:37:38 Bản đồ trận: sửa lại người vào sân: Chiedozie Ogbene chơi đúng vị trí này.
23:37:38 Bản đồ trận: sửa lại người vào sân: Chiedozie Ogbene chơi đúng vị trí này.
23:37:38 Bản đồ trận: người vào thay Joaquin Seys đã vào vị trí (đã biết tên: Myles Lewis-Skelly; game).
23:37:38 Bản đồ trận: sửa lại người vào sân: Myles Lewis-Skelly chơi đúng vị trí này.
23:37:38 Bản đồ trận: sửa lại người vào sân: Chiedozie Ogbene chơi đúng vị trí này.
23:37:38 Bản đồ trận: sửa lại người vào sân: Chiedozie Ogbene chơi đúng vị trí này.
23:37:38 Bản đồ trận: người vào thay Joaquin Seys đã vào vị trí (đã biết tên: Myles Lewis-Skelly; game).
23:37:38 Bản đồ trận: sửa lại người vào sân: Myles Lewis-Skelly chơi đúng vị trí này.
23:37:38 Bản đồ trận: sửa lại người vào sân: Chiedozie Ogbene chơi đúng vị trí này.
23:37:38 Bản đồ trận: sửa lại người vào sân: Chiedozie Ogbene chơi đúng vị trí này.
23:37:38 Bản đồ trận: người vào thay Joaquin Seys đã vào vị trí (đã biết tên: Myles Lewis-Skelly; game).
23:37:38 Bản đồ trận: sửa lại người vào sân: Myles Lewis-Skelly chơi đúng vị trí này.
23:37:38 Bản đồ trận: sửa lại người vào sân: Chiedozie Ogbene chơi đúng vị trí này.
23:37:38 Bản đồ trận: sửa lại người vào sân: Chiedozie Ogbene chơi đúng vị trí này.
23:37:38 Bản đồ trận: người vào thay Joaquin Seys đã vào vị trí (đã biết tên: Myles Lewis-Skelly; game).
23:37:38 Bản đồ trận: sửa lại người vào sân: Myles Lewis-Skelly chơi đúng vị trí này.
23:37:38 Bản đồ trận: sửa lại người vào sân: Chiedozie Ogbene chơi đúng vị trí này.
23:37:38 Bản đồ trận: sửa lại người vào sân: Chiedozie Ogbene chơi đúng vị trí này.
23:37:38 Bản đồ trận: người vào thay Joaquin Seys đã vào vị trí (đã biết tên: Myles Lewis-Skelly; game).
23:37:38 Bản đồ trận: sửa lại người vào sân: Myles Lewis-Skelly chơi đúng vị trí này.
23:37:38 Bản đồ trận: sửa lại người vào sân: Chiedozie Ogbene chơi đúng vị trí này.
23:37:38 Bản đồ trận: sửa lại người vào sân: Chiedozie Ogbene chơi đúng vị trí này.
23:37:38 Bản đồ trận: người vào thay Joaquin Seys đã vào vị trí (đã biết tên: Myles Lewis-Skelly; game).
23:37:38 Bản đồ trận: sửa lại người vào sân: Myles Lewis-Skelly chơi đúng vị trí này.
23:37:38 Bản đồ trận: sửa lại người vào sân: Chiedozie Ogbene chơi đúng vị trí này.
23:37:38 Bản đồ trận: sửa lại người vào sân: Chiedozie Ogbene chơi đúng vị trí này.
23:37:38 Bản đồ trận: người vào thay Joaquin Seys đã vào vị trí (đã biết tên: Myles Lewis-Skelly; game).
23:37:39 Bản đồ trận: sửa lại người vào sân: Myles Lewis-Skelly chơi đúng vị trí này.
23:37:39 Bản đồ trận: sửa lại người vào sân: Chiedozie Ogbene chơi đúng vị trí này.
23:37:39 Bản đồ trận: sửa lại người vào sân: Chiedozie Ogbene chơi đúng vị trí này.
23:37:39 Bản đồ trận: người vào thay Joaquin Seys đã vào vị trí (đã biết tên: Myles Lewis-Skelly; game).
23:37:39 Bản đồ trận: sửa lại người vào sân: Myles Lewis-Skelly chơi đúng vị trí này.
23:37:39 Bản đồ trận: sửa lại người vào sân: Chiedozie Ogbene chơi đúng vị trí này.
23:37:39 Bản đồ trận: sửa lại người vào sân: Chiedozie Ogbene chơi đúng vị trí này.
23:37:39 Bản đồ trận: người vào thay Joaquin Seys đã vào vị trí (đã biết tên: Myles Lewis-Skelly; game).
23:37:39 Bản đồ trận: sửa lại người vào sân: Myles Lewis-Skelly chơi đúng vị trí này.
23:37:39 Bản đồ trận: sửa lại người vào sân: Chiedozie Ogbene chơi đúng vị trí này.
23:37:39 Bản đồ trận: sửa lại người vào sân: Chiedozie Ogbene chơi đúng vị trí này.
23:37:39 Bản đồ trận: người vào thay Joaquin Seys đã vào vị trí (đã biết tên: Myles Lewis-Skelly; game).
23:37:39 Bản đồ trận: sửa lại người vào sân: Myles Lewis-Skelly chơi đúng vị trí này.
23:37:39 Bản đồ trận: sửa lại người vào sân: Chiedozie Ogbene chơi đúng vị trí này.
23:37:39 Bản đồ trận: sửa lại người vào sân: Chiedozie Ogbene chơi đúng vị trí này.
23:37:39 Bản đồ trận: người vào thay Joaquin Seys đã vào vị trí (đã biết tên: Myles Lewis-Skelly; game).
23:37:39 Bản đồ trận: sửa lại người vào sân: Myles Lewis-Skelly chơi đúng vị trí này.
23:37:39 Bản đồ trận: sửa lại người vào sân: Chiedozie Ogbene chơi đúng vị trí này.
23:37:39 Bản đồ trận: sửa lại người vào sân: Chiedozie Ogbene chơi đúng vị trí này.
23:37:39 Bản đồ trận: người vào thay Joaquin Seys đã vào vị trí (đã biết tên: Myles Lewis-Skelly; game).
23:37:39 Bản đồ trận: sửa lại người vào sân: Myles Lewis-Skelly chơi đúng vị trí này.
23:37:39 Bản đồ trận: sửa lại người vào sân: Chiedozie Ogbene chơi đúng vị trí này.
23:37:39 Bản đồ trận: sửa lại người vào sân: Chiedozie Ogbene chơi đúng vị trí này.
23:37:39 Bản đồ trận: người vào thay Joaquin Seys đã vào vị trí (đã biết tên: Myles Lewis-Skelly; game).
23:37:39 Bản đồ trận: sửa lại người vào sân: Myles Lewis-Skelly chơi đúng vị trí này.
23:37:39 Bản đồ trận: sửa lại người vào sân: Chiedozie Ogbene chơi đúng vị trí này.
23:37:39 Bản đồ trận: sửa lại người vào sân: Chiedozie Ogbene chơi đúng vị trí này.
23:37:39 Bản đồ trận: người vào thay Joaquin Seys đã vào vị trí (đã biết tên: Myles Lewis-Skelly; game).
23:37:39 Bản đồ trận: sửa lại người vào sân: Myles Lewis-Skelly chơi đúng vị trí này.
23:37:39 Bản đồ trận: sửa lại người vào sân: Chiedozie Ogbene chơi đúng vị trí này.
23:37:39 Bản đồ trận: sửa lại người vào sân: Chiedozie Ogbene chơi đúng vị trí này.
23:37:39 Bản đồ trận: người vào thay Joaquin Seys đã vào vị trí (đã biết tên: Myles Lewis-Skelly; game).
23:37:39 Bản đồ trận: sửa lại người vào sân: Myles Lewis-Skelly chơi đúng vị trí này.
23:37:39 Bản đồ trận: sửa lại người vào sân: Chiedozie Ogbene chơi đúng vị trí này.
23:37:39 Bản đồ trận: sửa lại người vào sân: Chiedozie Ogbene chơi đúng vị trí này.
23:37:39 Bản đồ trận: người vào thay Joaquin Seys đã vào vị trí (đã biết tên: Myles Lewis-Skelly; game).
23:37:39 Bản đồ trận: sửa lại người vào sân: Myles Lewis-Skelly chơi đúng vị trí này.
23:37:39 Bản đồ trận: sửa lại người vào sân: Chiedozie Ogbene chơi đúng vị trí này.
23:37:39 Bản đồ trận: sửa lại người vào sân: Chiedozie Ogbene chơi đúng vị trí này.
23:37:39 Bản đồ trận: người vào thay Joaquin Seys đã vào vị trí (đã biết tên: Myles Lewis-Skelly; game).
23:37:39 Bản đồ trận: sửa lại người vào sân: Myles Lewis-Skelly chơi đúng vị trí này.
23:37:39 Bản đồ trận: sửa lại người vào sân: Chiedozie Ogbene chơi đúng vị trí này.
23:37:39 Bản đồ trận: sửa lại người vào sân: Chiedozie Ogbene chơi đúng vị trí này.
23:37:39 Bản đồ trận: người vào thay Joaquin Seys đã vào vị trí (đã biết tên: Myles Lewis-Skelly; game).
23:37:39 Bản đồ trận: sửa lại người vào sân: Myles Lewis-Skelly chơi đúng vị trí này.
23:37:39 Bản đồ trận: sửa lại người vào sân: Chiedozie Ogbene chơi đúng vị trí này.
23:37:39 Bản đồ trận: sửa lại người vào sân: Chiedozie Ogbene chơi đúng vị trí này.
23:37:39 Bản đồ trận: người vào thay Joaquin Seys đã vào vị trí (đã biết tên: Myles Lewis-Skelly; game).
23:37:39 Bản đồ trận: sửa lại người vào sân: Myles Lewis-Skelly chơi đúng vị trí này.
23:37:39 Bản đồ trận: sửa lại người vào sân: Chiedozie Ogbene chơi đúng vị trí này.
23:37:39 Bản đồ trận: sửa lại người vào sân: Chiedozie Ogbene chơi đúng vị trí này.
23:37:39 Bản đồ trận: người vào thay Joaquin Seys đã vào vị trí (đã biết tên: Myles Lewis-Skelly; game).
23:37:40 Bản đồ trận: sửa lại người vào sân: Myles Lewis-Skelly chơi đúng vị trí này.
23:37:40 Bản đồ trận: sửa lại người vào sân: Chiedozie Ogbene chơi đúng vị trí này.
23:37:40 Bản đồ trận: sửa lại người vào sân: Chiedozie Ogbene chơi đúng vị trí này.
23:37:40 Bản đồ trận: người vào thay Joaquin Seys đã vào vị trí (đã biết tên: Myles Lewis-Skelly; game).
23:37:40 Bản đồ trận: sửa lại người vào sân: Myles Lewis-Skelly chơi đúng vị trí này.
23:37:40 Bản đồ trận: sửa lại người vào sân: Chiedozie Ogbene chơi đúng vị trí này.
23:37:40 Bản đồ trận: người vào thay Pau Cubarsí đã vào vị trí (đã biết tên: Tiago Gabriel; game).
23:37:40 Bản đồ trận: sửa lại người vào sân: Chiedozie Ogbene chơi đúng vị trí này.
23:37:40 Bản đồ trận: người vào thay Joaquin Seys đã vào vị trí (đã biết tên: Myles Lewis-Skelly; game).
23:37:40 Bản đồ trận: sửa lại người vào sân: Myles Lewis-Skelly chơi đúng vị trí này.
23:37:40 Bản đồ trận: sửa lại người vào sân: Chiedozie Ogbene chơi đúng vị trí này.
23:37:40 Bản đồ trận: sửa lại người vào sân: Chiedozie Ogbene chơi đúng vị trí này.
23:37:40 Bản đồ trận: người vào thay Joaquin Seys đã vào vị trí (đã biết tên: Myles Lewis-Skelly; game).
23:37:40 Bản đồ trận: sửa lại người vào sân: Myles Lewis-Skelly chơi đúng vị trí này.
23:37:40 Bản đồ trận: sửa lại người vào sân: Chiedozie Ogbene chơi đúng vị trí này.
23:37:40 Bản đồ trận: sửa lại người vào sân: Chiedozie Ogbene chơi đúng vị trí này.
23:37:40 Bản đồ trận: người vào thay Joaquin Seys đã vào vị trí (đã biết tên: Myles Lewis-Skelly; game).
23:37:40 Bản đồ trận: sửa lại người vào sân: Myles Lewis-Skelly chơi đúng vị trí này.
23:37:40 Bản đồ trận: sửa lại người vào sân: Chiedozie Ogbene chơi đúng vị trí này.
23:37:40 Bản đồ trận: sửa lại người vào sân: Chiedozie Ogbene chơi đúng vị trí này.
23:37:40 Bản đồ trận: người vào thay Joaquin Seys đã vào vị trí (đã biết tên: Myles Lewis-Skelly; game).
23:37:41 Bản đồ trận: sửa lại người vào sân: Myles Lewis-Skelly chơi đúng vị trí này.
23:37:41 Bản đồ trận: sửa lại người vào sân: Chiedozie Ogbene chơi đúng vị trí này.
23:37:41 Bản đồ trận: sửa lại người vào sân: Chiedozie Ogbene chơi đúng vị trí này.
23:37:41 Bản đồ trận: người vào thay Joaquin Seys đã vào vị trí (đã biết tên: Myles Lewis-Skelly; game).
23:37:41 Bản đồ trận: sửa lại người vào sân: Myles Lewis-Skelly chơi đúng vị trí này.
23:37:41 Bản đồ trận: sửa lại người vào sân: Chiedozie Ogbene chơi đúng vị trí này.
23:37:41 Bản đồ trận: sửa lại người vào sân: Chiedozie Ogbene chơi đúng vị trí này.
23:37:41 Bản đồ trận: người vào thay Joaquin Seys đã vào vị trí (đã biết tên: Myles Lewis-Skelly; game).
23:37:41 Bản đồ trận: sửa lại người vào sân: Myles Lewis-Skelly chơi đúng vị trí này.
23:37:41 Bản đồ trận: sửa lại người vào sân: Chiedozie Ogbene chơi đúng vị trí này.
23:37:41 Bản đồ trận: sửa lại người vào sân: Chiedozie Ogbene chơi đúng vị trí này.
23:37:41 Bản đồ trận: người vào thay Joaquin Seys đã vào vị trí (đã biết tên: Myles Lewis-Skelly; game).
23:37:41 Bản đồ trận: sửa lại người vào sân: Myles Lewis-Skelly chơi đúng vị trí này.
23:37:41 Bản đồ trận: sửa lại người vào sân: Chiedozie Ogbene chơi đúng vị trí này.
23:37:41 Bản đồ trận: sửa lại người vào sân: Chiedozie Ogbene chơi đúng vị trí này.
23:37:41 Bản đồ trận: người vào thay Joaquin Seys đã vào vị trí (đã biết tên: Myles Lewis-Skelly; game).
23:37:41 Bản đồ trận: sửa lại người vào sân: Myles Lewis-Skelly chơi đúng vị trí này.
23:37:41 Bản đồ trận: sửa lại người vào sân: Chiedozie Ogbene chơi đúng vị trí này.
23:37:41 Bản đồ trận: sửa lại người vào sân: Chiedozie Ogbene chơi đúng vị trí này.
23:37:41 Bản đồ trận: người vào thay Joaquin Seys đã vào vị trí (đã biết tên: Myles Lewis-Skelly; game).
23:37:41 Bản đồ trận: sửa lại người vào sân: Myles Lewis-Skelly chơi đúng vị trí này.
23:37:41 Bản đồ trận: sửa lại người vào sân: Chiedozie Ogbene chơi đúng vị trí này.
23:37:41 Bản đồ trận: sửa lại người vào sân: Chiedozie Ogbene chơi đúng vị trí này.
23:37:41 Bản đồ trận: người vào thay Joaquin Seys đã vào vị trí (đã biết tên: Myles Lewis-Skelly; game).
23:37:41 Bản đồ trận: sửa lại người vào sân: Myles Lewis-Skelly chơi đúng vị trí này.
23:37:41 Bản đồ trận: sửa lại người vào sân: Chiedozie Ogbene chơi đúng vị trí này.
23:37:41 Bản đồ trận: sửa lại người vào sân: Chiedozie Ogbene chơi đúng vị trí này.
23:37:41 Bản đồ trận: người vào thay Joaquin Seys đã vào vị trí (đã biết tên: Myles Lewis-Skelly; game).
23:37:41 Bản đồ trận: sửa lại người vào sân: Myles Lewis-Skelly chơi đúng vị trí này.
23:37:41 Bản đồ trận: sửa lại người vào sân: Chiedozie Ogbene chơi đúng vị trí này.
23:37:41 Bản đồ trận: sửa lại người vào sân: Chiedozie Ogbene chơi đúng vị trí này.
23:37:41 Bản đồ trận: người vào thay Joaquin Seys đã vào vị trí (đã biết tên: Myles Lewis-Skelly; game).
23:37:41 Bản đồ trận: sửa lại người vào sân: Sam McCallum chơi đúng vị trí này.
23:37:41 Bản đồ trận: người vào thay Franco Mastantuono đã vào vị trí (đã biết tên: Estevão Willian; game).
23:37:41 Bản đồ trận: sửa lại người vào sân: Estevão Willian chơi đúng vị trí này.
23:37:41 Bản đồ trận: sửa lại người vào sân: Sam McCallum chơi đúng vị trí này.
23:37:41 Bản đồ trận: sửa lại người vào sân: Myles Lewis-Skelly chơi đúng vị trí này.
23:37:41 Bản đồ trận: sửa lại người vào sân: Chiedozie Ogbene chơi đúng vị trí này.
23:37:41 Bản đồ trận: sửa lại người vào sân: Sam McCallum chơi đúng vị trí này.
23:37:41 Bản đồ trận: người vào thay Franco Mastantuono đã vào vị trí (đã biết tên: Estevão Willian; game).
23:37:41 Bản đồ trận: sửa lại người vào sân: Estevão Willian chơi đúng vị trí này.
23:37:41 Bản đồ trận: sửa lại người vào sân: Sam McCallum chơi đúng vị trí này.
23:37:41 Bản đồ trận: sửa lại người vào sân: Sam McCallum chơi đúng vị trí này.
23:37:41 Bản đồ trận: người vào thay Franco Mastantuono đã vào vị trí (đã biết tên: Estevão Willian; game).
23:37:41 Bản đồ trận: sửa lại người vào sân: Estevão Willian chơi đúng vị trí này.
23:37:41 Bản đồ trận: sửa lại người vào sân: Sam McCallum chơi đúng vị trí này.
23:37:41 Bản đồ trận: sửa lại người vào sân: Sam McCallum chơi đúng vị trí này.
23:37:41 Bản đồ trận: người vào thay Franco Mastantuono đã vào vị trí (đã biết tên: Estevão Willian; game).
23:37:41 Bản đồ trận: sửa lại người vào sân: Estevão Willian chơi đúng vị trí này.
23:37:41 Bản đồ trận: sửa lại người vào sân: Sam McCallum chơi đúng vị trí này.
23:37:41 Bản đồ trận: sửa lại người vào sân: Sam McCallum chơi đúng vị trí này.
23:37:41 Bản đồ trận: người vào thay Franco Mastantuono đã vào vị trí (đã biết tên: Estevão Willian; game).
23:37:41 Bản đồ trận: sửa lại người vào sân: Estevão Willian chơi đúng vị trí này.
23:37:41 Bản đồ trận: sửa lại người vào sân: Sam McCallum chơi đúng vị trí này.
23:37:41 Bản đồ trận: sửa lại người vào sân: Sam McCallum chơi đúng vị trí này.
23:37:41 Bản đồ trận: người vào thay Franco Mastantuono đã vào vị trí (đã biết tên: Estevão Willian; game).
23:37:41 Bản đồ trận: sửa lại người vào sân: Estevão Willian chơi đúng vị trí này.
23:37:41 Bản đồ trận: sửa lại người vào sân: Sam McCallum chơi đúng vị trí này.
23:37:49 Bản đồ trận: sửa lại người vào sân: người vào thay ? chơi đúng vị trí này.
23:37:49 Bản đồ trận: sửa lại người vào sân: Guille Fernández chơi đúng vị trí này.
23:37:50 Bản đồ trận: sửa lại người vào sân: Guille Fernández chơi đúng vị trí này.
23:37:50 Bản đồ trận: sửa lại người vào sân: người vào thay ? chơi đúng vị trí này.
23:37:50 Bản đồ trận: sửa lại người vào sân: người vào thay ? chơi đúng vị trí này.
23:37:50 Bản đồ trận: sửa lại người vào sân: Guille Fernández chơi đúng vị trí này.
23:37:50 Bản đồ trận: sửa lại người vào sân: Guille Fernández chơi đúng vị trí này.
23:37:50 Bản đồ trận: sửa lại người vào sân: người vào thay ? chơi đúng vị trí này.
23:37:50 Bản đồ trận: sửa lại người vào sân: người vào thay ? chơi đúng vị trí này.
23:37:50 Bản đồ trận: sửa lại người vào sân: Guille Fernández chơi đúng vị trí này.
23:37:51 Bản đồ trận: sửa lại người vào sân: Guille Fernández chơi đúng vị trí này.
23:37:51 Bản đồ trận: sửa lại người vào sân: người vào thay ? chơi đúng vị trí này.
23:37:53 Bản đồ trận: sửa lại người vào sân: Sam McCallum chơi đúng vị trí này.
23:37:53 Bản đồ trận: người vào thay Franco Mastantuono đã vào vị trí (đã biết tên: Estevão Willian; game).
23:37:53 Bản đồ trận: sửa lại người vào sân: Estevão Willian chơi đúng vị trí này.
23:37:53 Bản đồ trận: sửa lại người vào sân: Sam McCallum chơi đúng vị trí này.
23:37:53 Bản đồ trận: sửa lại người vào sân: Sam McCallum chơi đúng vị trí này.
23:37:53 Bản đồ trận: người vào thay Franco Mastantuono đã vào vị trí (đã biết tên: Estevão Willian; game).
23:37:53 Bản đồ trận: sửa lại người vào sân: Estevão Willian chơi đúng vị trí này.
23:37:53 Bản đồ trận: sửa lại người vào sân: Sam McCallum chơi đúng vị trí này.
23:37:53 Bản đồ trận: sửa lại người vào sân: Sam McCallum chơi đúng vị trí này.
23:37:53 Bản đồ trận: người vào thay Franco Mastantuono đã vào vị trí (đã biết tên: Estevão Willian; game).
23:37:53 Bản đồ trận: sửa lại người vào sân: Estevão Willian chơi đúng vị trí này.
23:37:53 Bản đồ trận: sửa lại người vào sân: Sam McCallum chơi đúng vị trí này.
23:37:53 Bản đồ trận: sửa lại người vào sân: Sam McCallum chơi đúng vị trí này.
23:37:53 Bản đồ trận: người vào thay Franco Mastantuono đã vào vị trí (đã biết tên: Estevão Willian; game).
23:37:53 Bản đồ trận: sửa lại người vào sân: Estevão Willian chơi đúng vị trí này.
23:37:53 Bản đồ trận: sửa lại người vào sân: Sam McCallum chơi đúng vị trí này.
23:37:53 Bản đồ trận: sửa lại người vào sân: Sam McCallum chơi đúng vị trí này.
23:37:53 Bản đồ trận: người vào thay Franco Mastantuono đã vào vị trí (đã biết tên: Estevão Willian; game).
23:37:53 Bản đồ trận: sửa lại người vào sân: Estevão Willian chơi đúng vị trí này.
23:37:53 Bản đồ trận: sửa lại người vào sân: Sam McCallum chơi đúng vị trí này.
23:37:53 Bản đồ trận: sửa lại người vào sân: Sam McCallum chơi đúng vị trí này.
23:37:53 Bản đồ trận: người vào thay Franco Mastantuono đã vào vị trí (đã biết tên: Estevão Willian; game).
23:37:53 Bản đồ trận: sửa lại người vào sân: Estevão Willian chơi đúng vị trí này.
23:37:53 Bản đồ trận: sửa lại người vào sân: Sam McCallum chơi đúng vị trí này.
23:37:53 Bản đồ trận: sửa lại người vào sân: Sam McCallum chơi đúng vị trí này.
23:37:53 Bản đồ trận: người vào thay Franco Mastantuono đã vào vị trí (đã biết tên: Estevão Willian; game).
23:37:53 Bản đồ trận: sửa lại người vào sân: Estevão Willian chơi đúng vị trí này.
23:37:53 Bản đồ trận: sửa lại người vào sân: Sam McCallum chơi đúng vị trí này.
23:37:53 Bản đồ trận: sửa lại người vào sân: Sam McCallum chơi đúng vị trí này.
23:37:53 Bản đồ trận: người vào thay Franco Mastantuono đã vào vị trí (đã biết tên: Estevão Willian; game).
23:37:53 Bản đồ trận: sửa lại người vào sân: Estevão Willian chơi đúng vị trí này.
23:37:53 Bản đồ trận: sửa lại người vào sân: Sam McCallum chơi đúng vị trí này.
23:37:53 Bản đồ trận: sửa lại người vào sân: Sam McCallum chơi đúng vị trí này.
23:37:53 Bản đồ trận: người vào thay Franco Mastantuono đã vào vị trí (đã biết tên: Estevão Willian; game).
23:37:53 Bản đồ trận: sửa lại người vào sân: Estevão Willian chơi đúng vị trí này.
23:37:53 Bản đồ trận: sửa lại người vào sân: Sam McCallum chơi đúng vị trí này.
23:37:53 Bản đồ trận: sửa lại người vào sân: Sam McCallum chơi đúng vị trí này.
23:37:53 Bản đồ trận: người vào thay Franco Mastantuono đã vào vị trí (đã biết tên: Estevão Willian; game).
23:37:53 Bản đồ trận: sửa lại người vào sân: Estevão Willian chơi đúng vị trí này.
23:37:53 Bản đồ trận: sửa lại người vào sân: Sam McCallum chơi đúng vị trí này.
23:37:53 Bản đồ trận: sửa lại người vào sân: Sam McCallum chơi đúng vị trí này.
23:37:53 Bản đồ trận: người vào thay Franco Mastantuono đã vào vị trí (đã biết tên: Estevão Willian; game).
23:37:53 Bản đồ trận: sửa lại người vào sân: Estevão Willian chơi đúng vị trí này.
23:37:53 Bản đồ trận: sửa lại người vào sân: Sam McCallum chơi đúng vị trí này.
23:37:53 Bản đồ trận: sửa lại người vào sân: Sam McCallum chơi đúng vị trí này.
23:37:53 Bản đồ trận: người vào thay Franco Mastantuono đã vào vị trí (đã biết tên: Estevão Willian; game).
23:37:53 Bản đồ trận: sửa lại người vào sân: Estevão Willian chơi đúng vị trí này.
23:37:53 Bản đồ trận: sửa lại người vào sân: Sam McCallum chơi đúng vị trí này.
23:37:53 Bản đồ trận: sửa lại người vào sân: Sam McCallum chơi đúng vị trí này.
23:37:53 Bản đồ trận: người vào thay Franco Mastantuono đã vào vị trí (đã biết tên: Estevão Willian; game).
23:37:53 Bản đồ trận: sửa lại người vào sân: Estevão Willian chơi đúng vị trí này.
23:37:53 Bản đồ trận: sửa lại người vào sân: Sam McCallum chơi đúng vị trí này.
23:37:53 Bản đồ trận: sửa lại người vào sân: Sam McCallum chơi đúng vị trí này.
23:37:53 Bản đồ trận: người vào thay Franco Mastantuono đã vào vị trí (đã biết tên: Estevão Willian; game).
23:37:54 Bản đồ trận: sửa lại người vào sân: Estevão Willian chơi đúng vị trí này.
23:37:54 Bản đồ trận: sửa lại người vào sân: Sam McCallum chơi đúng vị trí này.
23:37:54 Bản đồ trận: sửa lại người vào sân: Sam McCallum chơi đúng vị trí này.
23:37:54 Bản đồ trận: người vào thay Franco Mastantuono đã vào vị trí (đã biết tên: Estevão Willian; game).
23:37:54 Bản đồ trận: sửa lại người vào sân: Estevão Willian chơi đúng vị trí này.
23:37:54 Bản đồ trận: sửa lại người vào sân: Sam McCallum chơi đúng vị trí này.
23:37:54 Bản đồ trận: sửa lại người vào sân: Sam McCallum chơi đúng vị trí này.
23:37:54 Bản đồ trận: người vào thay Franco Mastantuono đã vào vị trí (đã biết tên: Estevão Willian; game).
23:37:54 Bản đồ trận: sửa lại người vào sân: Estevão Willian chơi đúng vị trí này.
23:37:54 Bản đồ trận: sửa lại người vào sân: Sam McCallum chơi đúng vị trí này.
23:38:06 Bản đồ trận: sửa lại người vào sân: người vào thay ? chơi đúng vị trí này.
23:38:06 Bản đồ trận: người vào thay Franco Mastantuono đã vào vị trí (đã biết tên: Estevão Willian; game).
23:38:06 Bản đồ trận: sửa lại người vào sân: Estevão Willian chơi đúng vị trí này.
23:38:06 Bản đồ trận: người vào thay ? đã vào vị trí (game chưa báo tên; game).
23:38:06 Bản đồ trận: sửa lại người vào sân: người vào thay ? chơi đúng vị trí này.
23:38:06 Bản đồ trận: người vào thay Franco Mastantuono đã vào vị trí (đã biết tên: Estevão Willian; game).
23:38:06 Bản đồ trận: sửa lại người vào sân: Estevão Willian chơi đúng vị trí này.
23:38:06 Bản đồ trận: người vào thay ? đã vào vị trí (game chưa báo tên; game).
23:38:06 Bản đồ trận: sửa lại người vào sân: người vào thay ? chơi đúng vị trí này.
23:38:06 Bản đồ trận: người vào thay Franco Mastantuono đã vào vị trí (đã biết tên: Estevão Willian; game).
23:38:06 Bản đồ trận: sửa lại người vào sân: Estevão Willian chơi đúng vị trí này.
23:38:06 Bản đồ trận: người vào thay ? đã vào vị trí (game chưa báo tên; game).
23:38:06 Bản đồ trận: sửa lại người vào sân: người vào thay ? chơi đúng vị trí này.
23:38:06 Bản đồ trận: người vào thay Franco Mastantuono đã vào vị trí (đã biết tên: Estevão Willian; game).
23:38:06 Bản đồ trận: sửa lại người vào sân: Estevão Willian chơi đúng vị trí này.
23:38:06 Bản đồ trận: người vào thay ? đã vào vị trí (game chưa báo tên; game).
23:38:06 Bản đồ trận: sửa lại người vào sân: người vào thay ? chơi đúng vị trí này.
23:38:06 Bản đồ trận: người vào thay Franco Mastantuono đã vào vị trí (đã biết tên: Estevão Willian; game).
23:38:06 Bản đồ trận: sửa lại người vào sân: Estevão Willian chơi đúng vị trí này.
23:38:06 Bản đồ trận: người vào thay ? đã vào vị trí (game chưa báo tên; game).
23:38:06 Bản đồ trận: sửa lại người vào sân: người vào thay ? chơi đúng vị trí này.
23:38:06 Bản đồ trận: người vào thay Franco Mastantuono đã vào vị trí (đã biết tên: Estevão Willian; game).
23:38:07 Bản đồ trận: sửa lại người vào sân: Estevão Willian chơi đúng vị trí này.
23:38:07 Bản đồ trận: người vào thay ? đã vào vị trí (game chưa báo tên; game).
23:38:07 Bản đồ trận: sửa lại người vào sân: người vào thay ? chơi đúng vị trí này.
23:38:07 Bản đồ trận: người vào thay Franco Mastantuono đã vào vị trí (đã biết tên: Estevão Willian; game).
23:38:07 Bản đồ trận: sửa lại người vào sân: Estevão Willian chơi đúng vị trí này.
23:38:07 Bản đồ trận: người vào thay ? đã vào vị trí (game chưa báo tên; game).
23:38:07 Bản đồ trận: sửa lại người vào sân: người vào thay ? chơi đúng vị trí này.
23:38:07 Bản đồ trận: người vào thay Franco Mastantuono đã vào vị trí (đã biết tên: Estevão Willian; game).
23:38:07 Bản đồ trận: sửa lại người vào sân: Estevão Willian chơi đúng vị trí này.
23:38:07 Bản đồ trận: người vào thay ? đã vào vị trí (game chưa báo tên; game).
23:38:07 Bản đồ trận: sửa lại người vào sân: người vào thay ? chơi đúng vị trí này.
23:38:07 Bản đồ trận: người vào thay Franco Mastantuono đã vào vị trí (đã biết tên: Estevão Willian; game).
23:38:07 Bản đồ trận: sửa lại người vào sân: Estevão Willian chơi đúng vị trí này.
23:38:07 Bản đồ trận: người vào thay ? đã vào vị trí (game chưa báo tên; game).
23:38:07 Bản đồ trận: sửa lại người vào sân: người vào thay ? chơi đúng vị trí này.
23:38:07 Bản đồ trận: người vào thay Franco Mastantuono đã vào vị trí (đã biết tên: Estevão Willian; game).
23:38:07 Bản đồ trận: sửa lại người vào sân: Estevão Willian chơi đúng vị trí này.
23:38:07 Bản đồ trận: người vào thay ? đã vào vị trí (game chưa báo tên; game).
23:38:07 Bản đồ trận: sửa lại người vào sân: người vào thay ? chơi đúng vị trí này.
23:38:07 Bản đồ trận: người vào thay Franco Mastantuono đã vào vị trí (đã biết tên: Estevão Willian; game).
23:38:07 Bản đồ trận: sửa lại người vào sân: Estevão Willian chơi đúng vị trí này.
23:38:07 Bản đồ trận: người vào thay ? đã vào vị trí (game chưa báo tên; game).
23:38:07 Bản đồ trận: sửa lại người vào sân: người vào thay ? chơi đúng vị trí này.
23:38:07 Bản đồ trận: người vào thay Franco Mastantuono đã vào vị trí (đã biết tên: Estevão Willian; game).
23:38:07 Bản đồ trận: sửa lại người vào sân: Estevão Willian chơi đúng vị trí này.
23:38:07 Bản đồ trận: người vào thay ? đã vào vị trí (game chưa báo tên; game).
23:38:07 Bản đồ trận: sửa lại người vào sân: người vào thay ? chơi đúng vị trí này.
23:38:07 Bản đồ trận: người vào thay Franco Mastantuono đã vào vị trí (đã biết tên: Estevão Willian; game).
23:38:07 Bản đồ trận: sửa lại người vào sân: Estevão Willian chơi đúng vị trí này.
23:38:07 Bản đồ trận: người vào thay ? đã vào vị trí (game chưa báo tên; game).
23:38:07 Bản đồ trận: sửa lại người vào sân: người vào thay ? chơi đúng vị trí này.
23:38:07 Bản đồ trận: người vào thay Franco Mastantuono đã vào vị trí (đã biết tên: Estevão Willian; game).
23:38:07 Bản đồ trận: sửa lại người vào sân: Estevão Willian chơi đúng vị trí này.
23:38:07 Bản đồ trận: người vào thay ? đã vào vị trí (game chưa báo tên; game).
23:38:07 Bản đồ trận: sửa lại người vào sân: người vào thay ? chơi đúng vị trí này.
23:38:07 Bản đồ trận: người vào thay Franco Mastantuono đã vào vị trí (đã biết tên: Estevão Willian; game).
23:38:07 Bản đồ trận: sửa lại người vào sân: Estevão Willian chơi đúng vị trí này.
23:38:07 Bản đồ trận: người vào thay ? đã vào vị trí (game chưa báo tên; game).
23:38:07 Bản đồ trận: sửa lại người vào sân: người vào thay ? chơi đúng vị trí này.
23:38:07 Bản đồ trận: người vào thay Franco Mastantuono đã vào vị trí (đã biết tên: Estevão Willian; game).
23:38:07 Bản đồ trận: sửa lại người vào sân: Estevão Willian chơi đúng vị trí này.
23:38:07 Bản đồ trận: người vào thay ? đã vào vị trí (game chưa báo tên; game).
23:38:09 Bản đồ trận: sửa lại người vào sân: Sam McCallum chơi đúng vị trí này.
23:38:09 Bản đồ trận: người vào thay Franco Mastantuono đã vào vị trí (đã biết tên: Estevão Willian; game).
23:38:09 Bản đồ trận: sửa lại người vào sân: Estevão Willian chơi đúng vị trí này.
23:38:09 Bản đồ trận: sửa lại người vào sân: Sam McCallum chơi đúng vị trí này.
23:38:09 Bản đồ trận: sửa lại người vào sân: Sam McCallum chơi đúng vị trí này.
23:38:09 Bản đồ trận: người vào thay Franco Mastantuono đã vào vị trí (đã biết tên: Estevão Willian; game).
23:38:09 Bản đồ trận: sửa lại người vào sân: Estevão Willian chơi đúng vị trí này.
23:38:09 Bản đồ trận: sửa lại người vào sân: Sam McCallum chơi đúng vị trí này.
23:38:09 Bản đồ trận: sửa lại người vào sân: Sam McCallum chơi đúng vị trí này.
23:38:09 Bản đồ trận: người vào thay Franco Mastantuono đã vào vị trí (đã biết tên: Estevão Willian; game).
23:38:09 Bản đồ trận: sửa lại người vào sân: Estevão Willian chơi đúng vị trí này.
23:38:09 Bản đồ trận: sửa lại người vào sân: Sam McCallum chơi đúng vị trí này.
23:38:09 Bản đồ trận: sửa lại người vào sân: Sam McCallum chơi đúng vị trí này.
23:38:09 Bản đồ trận: người vào thay Franco Mastantuono đã vào vị trí (đã biết tên: Estevão Willian; game).
23:38:09 Bản đồ trận: sửa lại người vào sân: Estevão Willian chơi đúng vị trí này.
23:38:09 Bản đồ trận: sửa lại người vào sân: Sam McCallum chơi đúng vị trí này.
23:38:09 Bản đồ trận: sửa lại người vào sân: Sam McCallum chơi đúng vị trí này.
23:38:09 Bản đồ trận: người vào thay Franco Mastantuono đã vào vị trí (đã biết tên: Estevão Willian; game).
23:38:09 Bản đồ trận: sửa lại người vào sân: Estevão Willian chơi đúng vị trí này.
23:38:09 Bản đồ trận: sửa lại người vào sân: Sam McCallum chơi đúng vị trí này.
23:38:09 Bản đồ trận: sửa lại người vào sân: Sam McCallum chơi đúng vị trí này.
23:38:09 Bản đồ trận: người vào thay Franco Mastantuono đã vào vị trí (đã biết tên: Estevão Willian; game).
23:38:10 Bản đồ trận: sửa lại người vào sân: Estevão Willian chơi đúng vị trí này.
23:38:10 Bản đồ trận: sửa lại người vào sân: Sam McCallum chơi đúng vị trí này.
23:38:10 Bản đồ trận: sửa lại người vào sân: Sam McCallum chơi đúng vị trí này.
23:38:10 Bản đồ trận: người vào thay Franco Mastantuono đã vào vị trí (đã biết tên: Estevão Willian; game).
23:38:10 Bản đồ trận: sửa lại người vào sân: Estevão Willian chơi đúng vị trí này.
23:38:10 Bản đồ trận: sửa lại người vào sân: Sam McCallum chơi đúng vị trí này.
23:38:10 Bản đồ trận: sửa lại người vào sân: Sam McCallum chơi đúng vị trí này.
23:38:10 Bản đồ trận: người vào thay Franco Mastantuono đã vào vị trí (đã biết tên: Estevão Willian; game).
23:38:10 Bản đồ trận: sửa lại người vào sân: Estevão Willian chơi đúng vị trí này.
23:38:10 Bản đồ trận: sửa lại người vào sân: Sam McCallum chơi đúng vị trí này.
23:38:10 Bản đồ trận: sửa lại người vào sân: Sam McCallum chơi đúng vị trí này.
23:38:10 Bản đồ trận: người vào thay Franco Mastantuono đã vào vị trí (đã biết tên: Estevão Willian; game).
23:38:10 Bản đồ trận: sửa lại người vào sân: Estevão Willian chơi đúng vị trí này.
23:38:10 Bản đồ trận: sửa lại người vào sân: Sam McCallum chơi đúng vị trí này.
23:38:10 Bản đồ trận: sửa lại người vào sân: Sam McCallum chơi đúng vị trí này.
23:38:10 Bản đồ trận: người vào thay Franco Mastantuono đã vào vị trí (đã biết tên: Estevão Willian; game).
23:38:10 Bản đồ trận: sửa lại người vào sân: Estevão Willian chơi đúng vị trí này.
23:38:10 Bản đồ trận: sửa lại người vào sân: Sam McCallum chơi đúng vị trí này.
23:38:11 Bản đồ trận: sửa lại người vào sân: Sam McCallum chơi đúng vị trí này.
23:38:11 Bản đồ trận: người vào thay Franco Mastantuono đã vào vị trí (đã biết tên: Estevão Willian; game).
23:38:11 Bản đồ trận: sửa lại người vào sân: Estevão Willian chơi đúng vị trí này.
23:38:11 Bản đồ trận: sửa lại người vào sân: Sam McCallum chơi đúng vị trí này.
23:38:11 Bản đồ trận: sửa lại người vào sân: Sam McCallum chơi đúng vị trí này.
23:38:11 Bản đồ trận: người vào thay Franco Mastantuono đã vào vị trí (đã biết tên: Estevão Willian; game).
23:38:11 Bản đồ trận: sửa lại người vào sân: Estevão Willian chơi đúng vị trí này.
23:38:11 Bản đồ trận: sửa lại người vào sân: Sam McCallum chơi đúng vị trí này.
23:38:11 Bản đồ trận: sửa lại người vào sân: Sam McCallum chơi đúng vị trí này.
23:38:11 Bản đồ trận: người vào thay Franco Mastantuono đã vào vị trí (đã biết tên: Estevão Willian; game).
23:38:11 Bản đồ trận: sửa lại người vào sân: Estevão Willian chơi đúng vị trí này.
23:38:11 Bản đồ trận: sửa lại người vào sân: Sam McCallum chơi đúng vị trí này.
23:38:11 Bản đồ trận: sửa lại người vào sân: Sam McCallum chơi đúng vị trí này.
23:38:11 Bản đồ trận: người vào thay Franco Mastantuono đã vào vị trí (đã biết tên: Estevão Willian; game).
23:38:11 Bản đồ trận: sửa lại người vào sân: Estevão Willian chơi đúng vị trí này.
23:38:11 Bản đồ trận: sửa lại người vào sân: Sam McCallum chơi đúng vị trí này.
23:38:11 Bản đồ trận: sửa lại người vào sân: Sam McCallum chơi đúng vị trí này.
23:38:11 Bản đồ trận: người vào thay Franco Mastantuono đã vào vị trí (đã biết tên: Estevão Willian; game).
23:38:11 Bản đồ trận: sửa lại người vào sân: Estevão Willian chơi đúng vị trí này.
23:38:11 Bản đồ trận: sửa lại người vào sân: Sam McCallum chơi đúng vị trí này.
23:38:11 Bản đồ trận: sửa lại người vào sân: Sam McCallum chơi đúng vị trí này.
23:38:11 Bản đồ trận: người vào thay Franco Mastantuono đã vào vị trí (đã biết tên: Estevão Willian; game).
23:38:11 Bản đồ trận: sửa lại người vào sân: Estevão Willian chơi đúng vị trí này.
23:38:11 Bản đồ trận: sửa lại người vào sân: Sam McCallum chơi đúng vị trí này.
23:38:11 Bản đồ trận: sửa lại người vào sân: Sam McCallum chơi đúng vị trí này.
23:38:11 Bản đồ trận: người vào thay Franco Mastantuono đã vào vị trí (đã biết tên: Estevão Willian; game).
23:38:11 Bản đồ trận: sửa lại người vào sân: Estevão Willian chơi đúng vị trí này.
23:38:11 Bản đồ trận: sửa lại người vào sân: Sam McCallum chơi đúng vị trí này.
23:38:11 Bản đồ trận: sửa lại người vào sân: Sam McCallum chơi đúng vị trí này.
23:38:11 Bản đồ trận: người vào thay Franco Mastantuono đã vào vị trí (đã biết tên: Estevão Willian; game).
23:38:11 Bản đồ trận: sửa lại người vào sân: Estevão Willian chơi đúng vị trí này.
23:38:11 Bản đồ trận: sửa lại người vào sân: Sam McCallum chơi đúng vị trí này.
23:38:11 Bản đồ trận: sửa lại người vào sân: Sam McCallum chơi đúng vị trí này.
23:38:11 Bản đồ trận: người vào thay Franco Mastantuono đã vào vị trí (đã biết tên: Estevão Willian; game).
23:38:11 Bản đồ trận: sửa lại người vào sân: Estevão Willian chơi đúng vị trí này.
23:38:11 Bản đồ trận: sửa lại người vào sân: Sam McCallum chơi đúng vị trí này.
23:38:11 Bản đồ trận: sửa lại người vào sân: Sam McCallum chơi đúng vị trí này.
23:38:11 Bản đồ trận: người vào thay Franco Mastantuono đã vào vị trí (đã biết tên: Estevão Willian; game).
23:38:11 Bản đồ trận: sửa lại người vào sân: Estevão Willian chơi đúng vị trí này.
23:38:11 Bản đồ trận: sửa lại người vào sân: Sam McCallum chơi đúng vị trí này.
23:38:11 Bản đồ trận: sửa lại người vào sân: Sam McCallum chơi đúng vị trí này.
23:38:11 Bản đồ trận: người vào thay Franco Mastantuono đã vào vị trí (đã biết tên: Estevão Willian; game).
23:38:11 Bản đồ trận: sửa lại người vào sân: Estevão Willian chơi đúng vị trí này.
23:38:11 Bản đồ trận: sửa lại người vào sân: Sam McCallum chơi đúng vị trí này.
23:38:11 Bản đồ trận: sửa lại người vào sân: Sam McCallum chơi đúng vị trí này.
23:38:11 Bản đồ trận: người vào thay Franco Mastantuono đã vào vị trí (đã biết tên: Estevão Willian; game).
23:38:11 Bản đồ trận: sửa lại người vào sân: Estevão Willian chơi đúng vị trí này.
23:38:11 Bản đồ trận: sửa lại người vào sân: Sam McCallum chơi đúng vị trí này.
23:38:11 Bản đồ trận: sửa lại người vào sân: Declan Rice chơi đúng vị trí này.
23:38:11 Bản đồ trận: người vào thay Sydie Peck đã vào vị trí (game chưa báo tên; game).
23:38:11 Bản đồ trận: sửa lại người vào sân: người vào thay Sydie Peck chơi đúng vị trí này.
23:38:11 Bản đồ trận: sửa lại người vào sân: Declan Rice chơi đúng vị trí này.
23:38:11 Bản đồ trận: sửa lại người vào sân: Sam McCallum chơi đúng vị trí này.
23:38:11 Bản đồ trận: người vào thay Franco Mastantuono đã vào vị trí (đã biết tên: Estevão Willian; game).
23:38:11 Bản đồ trận: sửa lại người vào sân: Estevão Willian chơi đúng vị trí này.
23:38:11 Bản đồ trận: sửa lại người vào sân: Sam McCallum chơi đúng vị trí này.
23:38:11 Bản đồ trận: sửa lại người vào sân: Declan Rice chơi đúng vị trí này.
23:38:11 Bản đồ trận: người vào thay Sydie Peck đã vào vị trí (game chưa báo tên; game).
23:38:11 Bản đồ trận: sửa lại người vào sân: người vào thay Sydie Peck chơi đúng vị trí này.
23:38:11 Bản đồ trận: sửa lại người vào sân: Declan Rice chơi đúng vị trí này.
23:38:11 Bản đồ trận: sửa lại người vào sân: Sam McCallum chơi đúng vị trí này.
23:38:11 Bản đồ trận: người vào thay Franco Mastantuono đã vào vị trí (đã biết tên: Estevão Willian; game).
23:38:12 Bản đồ trận: sửa lại người vào sân: Estevão Willian chơi đúng vị trí này.
23:38:12 Bản đồ trận: sửa lại người vào sân: Sam McCallum chơi đúng vị trí này.
23:38:12 Bản đồ trận: sửa lại người vào sân: Declan Rice chơi đúng vị trí này.
23:38:12 Bản đồ trận: người vào thay Sydie Peck đã vào vị trí (game chưa báo tên; game).
23:38:12 Bản đồ trận: sửa lại người vào sân: người vào thay Sydie Peck chơi đúng vị trí này.
23:38:12 Bản đồ trận: sửa lại người vào sân: Declan Rice chơi đúng vị trí này.
23:38:12 Bản đồ trận: sửa lại người vào sân: Sam McCallum chơi đúng vị trí này.
23:38:12 Bản đồ trận: người vào thay Franco Mastantuono đã vào vị trí (đã biết tên: Estevão Willian; game).
23:38:12 Bản đồ trận: sửa lại người vào sân: Estevão Willian chơi đúng vị trí này.
23:38:12 Bản đồ trận: sửa lại người vào sân: Sam McCallum chơi đúng vị trí này.
23:38:12 Bản đồ trận: sửa lại người vào sân: Declan Rice chơi đúng vị trí này.
23:38:12 Bản đồ trận: người vào thay Sydie Peck đã vào vị trí (game chưa báo tên; game).
23:38:12 Bản đồ trận: sửa lại người vào sân: người vào thay Sydie Peck chơi đúng vị trí này.
23:38:12 Bản đồ trận: sửa lại người vào sân: Declan Rice chơi đúng vị trí này.
23:38:12 Bản đồ trận: sửa lại người vào sân: Declan Rice chơi đúng vị trí này.
23:38:12 Bản đồ trận: người vào thay Sydie Peck đã vào vị trí (game chưa báo tên; game).
23:38:12 Bản đồ trận: sửa lại người vào sân: người vào thay Sydie Peck chơi đúng vị trí này.
23:38:12 Bản đồ trận: sửa lại người vào sân: Declan Rice chơi đúng vị trí này.
23:38:12 Bản đồ trận: sửa lại người vào sân: Declan Rice chơi đúng vị trí này.
23:38:12 Bản đồ trận: người vào thay Sydie Peck đã vào vị trí (game chưa báo tên; game).
23:38:12 Bản đồ trận: sửa lại người vào sân: người vào thay Sydie Peck chơi đúng vị trí này.
23:38:12 Bản đồ trận: sửa lại người vào sân: Declan Rice chơi đúng vị trí này.
23:38:12 Bản đồ trận: sửa lại người vào sân: Declan Rice chơi đúng vị trí này.
23:38:12 Bản đồ trận: người vào thay Sydie Peck đã vào vị trí (game chưa báo tên; game).
23:38:12 Bản đồ trận: sửa lại người vào sân: người vào thay Sydie Peck chơi đúng vị trí này.
23:38:12 Bản đồ trận: sửa lại người vào sân: Declan Rice chơi đúng vị trí này.
23:38:13 Bản đồ trận: sửa lại người vào sân: Sam McCallum chơi đúng vị trí này.
23:38:13 Bản đồ trận: người vào thay Franco Mastantuono đã vào vị trí (đã biết tên: Estevão Willian; game).
23:38:13 Bản đồ trận: sửa lại người vào sân: Estevão Willian chơi đúng vị trí này.
23:38:13 Bản đồ trận: sửa lại người vào sân: Sam McCallum chơi đúng vị trí này.
23:38:13 Bản đồ trận: sửa lại người vào sân: Sam McCallum chơi đúng vị trí này.
23:38:13 Bản đồ trận: người vào thay Franco Mastantuono đã vào vị trí (đã biết tên: Estevão Willian; game).
23:38:13 Bản đồ trận: sửa lại người vào sân: Estevão Willian chơi đúng vị trí này.
23:38:13 Bản đồ trận: sửa lại người vào sân: Sam McCallum chơi đúng vị trí này.
23:38:13 Bản đồ trận: sửa lại người vào sân: Sam McCallum chơi đúng vị trí này.
23:38:13 Bản đồ trận: người vào thay Franco Mastantuono đã vào vị trí (đã biết tên: Estevão Willian; game).
23:38:13 Bản đồ trận: sửa lại người vào sân: Estevão Willian chơi đúng vị trí này.
23:38:13 Bản đồ trận: sửa lại người vào sân: Sam McCallum chơi đúng vị trí này.
23:38:13 Bản đồ trận: sửa lại người vào sân: Sam McCallum chơi đúng vị trí này.
23:38:13 Bản đồ trận: người vào thay Franco Mastantuono đã vào vị trí (đã biết tên: Estevão Willian; game).
23:38:13 Bản đồ trận: sửa lại người vào sân: Estevão Willian chơi đúng vị trí này.
23:38:13 Bản đồ trận: sửa lại người vào sân: Sam McCallum chơi đúng vị trí này.
23:38:13 Bản đồ trận: sửa lại người vào sân: Sam McCallum chơi đúng vị trí này.
23:38:13 Bản đồ trận: người vào thay Franco Mastantuono đã vào vị trí (đã biết tên: Estevão Willian; game).
23:38:13 Bản đồ trận: sửa lại người vào sân: Estevão Willian chơi đúng vị trí này.
23:38:13 Bản đồ trận: sửa lại người vào sân: Sam McCallum chơi đúng vị trí này.
23:38:13 Bản đồ trận: sửa lại người vào sân: Sam McCallum chơi đúng vị trí này.
23:38:13 Bản đồ trận: người vào thay Franco Mastantuono đã vào vị trí (đã biết tên: Estevão Willian; game).
23:38:13 Bản đồ trận: sửa lại người vào sân: Patrick Bamford chơi đúng vị trí này.
23:38:13 Bản đồ trận: sửa lại người vào sân: Guille Fernández chơi đúng vị trí này.
23:38:13 Bản đồ trận: sửa lại người vào sân: Estevão Willian chơi đúng vị trí này.
23:38:13 Bản đồ trận: sửa lại người vào sân: Sam McCallum chơi đúng vị trí này.
23:38:13 Bản đồ trận: sửa lại người vào sân: Sam McCallum chơi đúng vị trí này.
23:38:13 Bản đồ trận: người vào thay Franco Mastantuono đã vào vị trí (đã biết tên: Estevão Willian; game).
23:38:13 Bản đồ trận: sửa lại người vào sân: Estevão Willian chơi đúng vị trí này.
23:38:13 Bản đồ trận: sửa lại người vào sân: Sam McCallum chơi đúng vị trí này.
23:38:13 Bản đồ trận: sửa lại người vào sân: Sam McCallum chơi đúng vị trí này.
23:38:13 Bản đồ trận: người vào thay Franco Mastantuono đã vào vị trí (đã biết tên: Estevão Willian; game).
23:38:13 Bản đồ trận: sửa lại người vào sân: Estevão Willian chơi đúng vị trí này.
23:38:13 Bản đồ trận: sửa lại người vào sân: Sam McCallum chơi đúng vị trí này.
23:38:13 Bản đồ trận: sửa lại người vào sân: Sam McCallum chơi đúng vị trí này.
23:38:13 Bản đồ trận: người vào thay Franco Mastantuono đã vào vị trí (đã biết tên: Estevão Willian; game).
23:38:13 Bản đồ trận: sửa lại người vào sân: Estevão Willian chơi đúng vị trí này.
23:38:13 Bản đồ trận: sửa lại người vào sân: Sam McCallum chơi đúng vị trí này.
23:38:13 Bản đồ trận: sửa lại người vào sân: Guille Fernández chơi đúng vị trí này.
23:38:13 Bản đồ trận: sửa lại người vào sân: Patrick Bamford chơi đúng vị trí này.
23:38:13 Bản đồ trận: sửa lại người vào sân: Patrick Bamford chơi đúng vị trí này.
23:38:13 Bản đồ trận: sửa lại người vào sân: Guille Fernández chơi đúng vị trí này.
23:38:14 Bản đồ trận: sửa lại người vào sân: Guille Fernández chơi đúng vị trí này.
23:38:14 Bản đồ trận: sửa lại người vào sân: Patrick Bamford chơi đúng vị trí này.
23:38:14 Bản đồ trận: sửa lại người vào sân: Patrick Bamford chơi đúng vị trí này.
23:38:14 Bản đồ trận: sửa lại người vào sân: Guille Fernández chơi đúng vị trí này.
23:38:14 Bản đồ trận: sửa lại người vào sân: Guille Fernández chơi đúng vị trí này.
23:38:14 Bản đồ trận: sửa lại người vào sân: Patrick Bamford chơi đúng vị trí này.
23:38:15 Bản đồ trận: sửa lại người vào sân: Sam McCallum chơi đúng vị trí này.
23:38:15 Bản đồ trận: người vào thay Franco Mastantuono đã vào vị trí (đã biết tên: Estevão Willian; game).
23:38:15 Bản đồ trận: sửa lại người vào sân: Estevão Willian chơi đúng vị trí này.
23:38:15 Bản đồ trận: sửa lại người vào sân: Sam McCallum chơi đúng vị trí này.
23:38:15 Bản đồ trận: sửa lại người vào sân: Sam McCallum chơi đúng vị trí này.
23:38:15 Bản đồ trận: người vào thay Franco Mastantuono đã vào vị trí (đã biết tên: Estevão Willian; game).
23:38:15 Bản đồ trận: sửa lại người vào sân: Estevão Willian chơi đúng vị trí này.
23:38:15 Bản đồ trận: sửa lại người vào sân: Sam McCallum chơi đúng vị trí này.
23:38:15 Bản đồ trận: sửa lại người vào sân: Sam McCallum chơi đúng vị trí này.
23:38:15 Bản đồ trận: người vào thay Franco Mastantuono đã vào vị trí (đã biết tên: Estevão Willian; game).
23:38:15 Bản đồ trận: sửa lại người vào sân: Estevão Willian chơi đúng vị trí này.
23:38:15 Bản đồ trận: sửa lại người vào sân: Sam McCallum chơi đúng vị trí này.
23:38:15 Bản đồ trận: sửa lại người vào sân: Sam McCallum chơi đúng vị trí này.
23:38:15 Bản đồ trận: người vào thay Franco Mastantuono đã vào vị trí (đã biết tên: Estevão Willian; game).
23:38:15 Bản đồ trận: sửa lại người vào sân: Estevão Willian chơi đúng vị trí này.
23:38:15 Bản đồ trận: sửa lại người vào sân: Sam McCallum chơi đúng vị trí này.
23:38:15 Bản đồ trận: sửa lại người vào sân: Sam McCallum chơi đúng vị trí này.
23:38:15 Bản đồ trận: người vào thay Franco Mastantuono đã vào vị trí (đã biết tên: Estevão Willian; game).
23:38:15 Bản đồ trận: sửa lại người vào sân: Estevão Willian chơi đúng vị trí này.
23:38:15 Bản đồ trận: sửa lại người vào sân: Sam McCallum chơi đúng vị trí này.
23:38:15 Bản đồ trận: sửa lại người vào sân: Sam McCallum chơi đúng vị trí này.
23:38:15 Bản đồ trận: người vào thay Franco Mastantuono đã vào vị trí (đã biết tên: Estevão Willian; game).
23:38:15 Bản đồ trận: sửa lại người vào sân: Estevão Willian chơi đúng vị trí này.
23:38:15 Bản đồ trận: sửa lại người vào sân: Sam McCallum chơi đúng vị trí này.
23:38:15 Bản đồ trận: sửa lại người vào sân: Sam McCallum chơi đúng vị trí này.
23:38:15 Bản đồ trận: người vào thay Franco Mastantuono đã vào vị trí (đã biết tên: Estevão Willian; game).
23:38:16 Bản đồ trận: sửa lại người vào sân: Estevão Willian chơi đúng vị trí này.
23:38:16 Bản đồ trận: sửa lại người vào sân: Sam McCallum chơi đúng vị trí này.
23:38:16 Bản đồ trận: sửa lại người vào sân: Sam McCallum chơi đúng vị trí này.
23:38:16 Bản đồ trận: người vào thay Franco Mastantuono đã vào vị trí (đã biết tên: Estevão Willian; game).
23:38:16 Bản đồ trận: sửa lại người vào sân: Estevão Willian chơi đúng vị trí này.
23:38:16 Bản đồ trận: sửa lại người vào sân: Sam McCallum chơi đúng vị trí này.
23:38:16 Bản đồ trận: sửa lại người vào sân: Sam McCallum chơi đúng vị trí này.
23:38:16 Bản đồ trận: người vào thay Franco Mastantuono đã vào vị trí (đã biết tên: Estevão Willian; game).
23:38:16 Bản đồ trận: sửa lại người vào sân: Estevão Willian chơi đúng vị trí này.
23:38:16 Bản đồ trận: sửa lại người vào sân: Sam McCallum chơi đúng vị trí này.
23:38:16 Bản đồ trận: sửa lại người vào sân: Sam McCallum chơi đúng vị trí này.
23:38:16 Bản đồ trận: người vào thay Franco Mastantuono đã vào vị trí (đã biết tên: Estevão Willian; game).
23:38:16 Bản đồ trận: sửa lại người vào sân: Estevão Willian chơi đúng vị trí này.
23:38:16 Bản đồ trận: sửa lại người vào sân: Sam McCallum chơi đúng vị trí này.
23:38:18 Bản đồ trận: sửa lại người vào sân: Sam McCallum chơi đúng vị trí này.
23:38:18 Bản đồ trận: người vào thay Franco Mastantuono đã vào vị trí (đã biết tên: Estevão Willian; game).
23:38:18 Bản đồ trận: sửa lại người vào sân: Estevão Willian chơi đúng vị trí này.
23:38:18 Bản đồ trận: sửa lại người vào sân: Sam McCallum chơi đúng vị trí này.
23:38:18 Bản đồ trận: sửa lại người vào sân: Sam McCallum chơi đúng vị trí này.
23:38:18 Bản đồ trận: người vào thay Franco Mastantuono đã vào vị trí (đã biết tên: Estevão Willian; game).
23:38:19 Bản đồ trận: sửa lại người vào sân: Estevão Willian chơi đúng vị trí này.
23:38:19 Bản đồ trận: sửa lại người vào sân: Sam McCallum chơi đúng vị trí này.
23:38:19 Bản đồ trận: sửa lại người vào sân: Sam McCallum chơi đúng vị trí này.
23:38:19 Bản đồ trận: người vào thay Franco Mastantuono đã vào vị trí (đã biết tên: Estevão Willian; game).
23:38:19 Bản đồ trận: sửa lại người vào sân: Estevão Willian chơi đúng vị trí này.
23:38:19 Bản đồ trận: sửa lại người vào sân: Sam McCallum chơi đúng vị trí này.
23:38:19 Bản đồ trận: sửa lại người vào sân: Sam McCallum chơi đúng vị trí này.
23:38:19 Bản đồ trận: người vào thay Franco Mastantuono đã vào vị trí (đã biết tên: Estevão Willian; game).
23:38:19 Bản đồ trận: sửa lại người vào sân: Estevão Willian chơi đúng vị trí này.
23:38:19 Bản đồ trận: sửa lại người vào sân: Sam McCallum chơi đúng vị trí này.
23:38:19 Bản đồ trận: sửa lại người vào sân: Sam McCallum chơi đúng vị trí này.
23:38:19 Bản đồ trận: người vào thay Franco Mastantuono đã vào vị trí (đã biết tên: Estevão Willian; game).
23:38:19 Bản đồ trận: sửa lại người vào sân: Estevão Willian chơi đúng vị trí này.
23:38:19 Bản đồ trận: sửa lại người vào sân: Sam McCallum chơi đúng vị trí này.
23:38:19 Bản đồ trận: sửa lại người vào sân: Sam McCallum chơi đúng vị trí này.
23:38:19 Bản đồ trận: người vào thay Franco Mastantuono đã vào vị trí (đã biết tên: Estevão Willian; game).
23:38:19 Bản đồ trận: sửa lại người vào sân: Estevão Willian chơi đúng vị trí này.
23:38:19 Bản đồ trận: sửa lại người vào sân: Sam McCallum chơi đúng vị trí này.
23:38:19 Bản đồ trận: sửa lại người vào sân: Sam McCallum chơi đúng vị trí này.
23:38:19 Bản đồ trận: người vào thay Franco Mastantuono đã vào vị trí (đã biết tên: Estevão Willian; game).
23:38:19 Bản đồ trận: sửa lại người vào sân: Estevão Willian chơi đúng vị trí này.
23:38:19 Bản đồ trận: sửa lại người vào sân: Sam McCallum chơi đúng vị trí này.
23:38:19 Bản đồ trận: sửa lại người vào sân: Sam McCallum chơi đúng vị trí này.
23:38:19 Bản đồ trận: người vào thay Franco Mastantuono đã vào vị trí (đã biết tên: Estevão Willian; game).
23:38:19 Bản đồ trận: sửa lại người vào sân: Estevão Willian chơi đúng vị trí này.
23:38:19 Bản đồ trận: sửa lại người vào sân: Sam McCallum chơi đúng vị trí này.
23:38:19 Bản đồ trận: sửa lại người vào sân: Sam McCallum chơi đúng vị trí này.
23:38:19 Bản đồ trận: người vào thay Franco Mastantuono đã vào vị trí (đã biết tên: Estevão Willian; game).
23:38:19 Bản đồ trận: sửa lại người vào sân: Estevão Willian chơi đúng vị trí này.
23:38:19 Bản đồ trận: sửa lại người vào sân: Sam McCallum chơi đúng vị trí này.
23:38:19 Bản đồ trận: sửa lại người vào sân: Sam McCallum chơi đúng vị trí này.
23:38:19 Bản đồ trận: người vào thay Franco Mastantuono đã vào vị trí (đã biết tên: Estevão Willian; game).
23:38:19 Bản đồ trận: sửa lại người vào sân: Estevão Willian chơi đúng vị trí này.
23:38:19 Bản đồ trận: sửa lại người vào sân: Sam McCallum chơi đúng vị trí này.
23:38:19 Bản đồ trận: sửa lại người vào sân: Sam McCallum chơi đúng vị trí này.
23:38:19 Bản đồ trận: người vào thay Franco Mastantuono đã vào vị trí (đã biết tên: Estevão Willian; game).
23:38:19 Bản đồ trận: sửa lại người vào sân: Estevão Willian chơi đúng vị trí này.
23:38:19 Bản đồ trận: sửa lại người vào sân: Sam McCallum chơi đúng vị trí này.
23:38:19 Bản đồ trận: sửa lại người vào sân: Sam McCallum chơi đúng vị trí này.
23:38:19 Bản đồ trận: người vào thay Franco Mastantuono đã vào vị trí (đã biết tên: Estevão Willian; game).
23:38:19 Bản đồ trận: sửa lại người vào sân: Estevão Willian chơi đúng vị trí này.
23:38:19 Bản đồ trận: sửa lại người vào sân: Sam McCallum chơi đúng vị trí này.
23:38:19 Bản đồ trận: sửa lại người vào sân: Sam McCallum chơi đúng vị trí này.
23:38:19 Bản đồ trận: người vào thay Franco Mastantuono đã vào vị trí (đã biết tên: Estevão Willian; game).
23:38:19 Bản đồ trận: sửa lại người vào sân: Estevão Willian chơi đúng vị trí này.
23:38:19 Bản đồ trận: sửa lại người vào sân: Sam McCallum chơi đúng vị trí này.
23:38:20 Bản đồ trận: sửa lại người vào sân: Rasmus Højlund chơi đúng vị trí này.
23:38:20 Bản đồ trận: người vào thay Sydie Peck đã vào vị trí (game chưa báo tên; game).
23:38:20 Bản đồ trận: sửa lại người vào sân: người vào thay Sydie Peck chơi đúng vị trí này.
23:38:20 Bản đồ trận: sửa lại người vào sân: Rasmus Højlund chơi đúng vị trí này.
23:38:20 Bản đồ trận: sửa lại người vào sân: Rasmus Højlund chơi đúng vị trí này.
23:38:20 Bản đồ trận: người vào thay Sydie Peck đã vào vị trí (game chưa báo tên; game).
23:38:20 Bản đồ trận: sửa lại người vào sân: người vào thay Sydie Peck chơi đúng vị trí này.
23:38:20 Bản đồ trận: sửa lại người vào sân: Rasmus Højlund chơi đúng vị trí này.
23:38:20 Bản đồ trận: sửa lại người vào sân: Rasmus Højlund chơi đúng vị trí này.
23:38:20 Bản đồ trận: người vào thay Sydie Peck đã vào vị trí (game chưa báo tên; game).
23:38:20 Bản đồ trận: sửa lại người vào sân: người vào thay Sydie Peck chơi đúng vị trí này.
23:38:20 Bản đồ trận: sửa lại người vào sân: Rasmus Højlund chơi đúng vị trí này.
23:38:20 Bản đồ trận: sửa lại người vào sân: Rasmus Højlund chơi đúng vị trí này.
23:38:20 Bản đồ trận: người vào thay Sydie Peck đã vào vị trí (game chưa báo tên; game).
23:38:20 Bản đồ trận: sửa lại người vào sân: người vào thay Sydie Peck chơi đúng vị trí này.
23:38:20 Bản đồ trận: sửa lại người vào sân: Rasmus Højlund chơi đúng vị trí này.
23:38:20 Bản đồ trận: sửa lại người vào sân: Rasmus Højlund chơi đúng vị trí này.
23:38:20 Bản đồ trận: người vào thay Sydie Peck đã vào vị trí (game chưa báo tên; game).
23:38:20 Bản đồ trận: sửa lại người vào sân: người vào thay Sydie Peck chơi đúng vị trí này.
23:38:20 Bản đồ trận: sửa lại người vào sân: Rasmus Højlund chơi đúng vị trí này.
23:38:20 Bản đồ trận: sửa lại người vào sân: Rasmus Højlund chơi đúng vị trí này.
23:38:20 Bản đồ trận: người vào thay Sydie Peck đã vào vị trí (game chưa báo tên; game).
23:38:20 Bản đồ trận: sửa lại người vào sân: người vào thay Sydie Peck chơi đúng vị trí này.
23:38:20 Bản đồ trận: sửa lại người vào sân: Rasmus Højlund chơi đúng vị trí này.
23:38:20 Bản đồ trận: sửa lại người vào sân: Rasmus Højlund chơi đúng vị trí này.
23:38:20 Bản đồ trận: người vào thay Sydie Peck đã vào vị trí (game chưa báo tên; game).
23:38:20 Bản đồ trận: sửa lại người vào sân: người vào thay Sydie Peck chơi đúng vị trí này.
23:38:20 Bản đồ trận: sửa lại người vào sân: Rasmus Højlund chơi đúng vị trí này.
23:38:20 Bản đồ trận: sửa lại người vào sân: Rasmus Højlund chơi đúng vị trí này.
23:38:20 Bản đồ trận: người vào thay Sydie Peck đã vào vị trí (game chưa báo tên; game).
23:38:20 Bản đồ trận: sửa lại người vào sân: người vào thay Sydie Peck chơi đúng vị trí này.
23:38:20 Bản đồ trận: sửa lại người vào sân: Rasmus Højlund chơi đúng vị trí này.
23:38:20 Bản đồ trận: sửa lại người vào sân: Rasmus Højlund chơi đúng vị trí này.
23:38:20 Bản đồ trận: người vào thay Sydie Peck đã vào vị trí (game chưa báo tên; game).
23:38:20 Bản đồ trận: sửa lại người vào sân: người vào thay Sydie Peck chơi đúng vị trí này.
23:38:20 Bản đồ trận: sửa lại người vào sân: Rasmus Højlund chơi đúng vị trí này.
23:38:21 Bản đồ trận: sửa lại người vào sân: Chiedozie Ogbene chơi đúng vị trí này.
23:38:21 Bản đồ trận: người vào thay Joaquin Seys đã vào vị trí (đã biết tên: Myles Lewis-Skelly; game).
23:38:21 Bản đồ trận: sửa lại người vào sân: Myles Lewis-Skelly chơi đúng vị trí này.
23:38:21 Bản đồ trận: sửa lại người vào sân: Chiedozie Ogbene chơi đúng vị trí này.
23:38:21 Bản đồ trận: sửa lại người vào sân: Chiedozie Ogbene chơi đúng vị trí này.
23:38:21 Bản đồ trận: người vào thay Joaquin Seys đã vào vị trí (đã biết tên: Myles Lewis-Skelly; game).
23:38:21 Bản đồ trận: sửa lại người vào sân: Myles Lewis-Skelly chơi đúng vị trí này.
23:38:21 Bản đồ trận: sửa lại người vào sân: Chiedozie Ogbene chơi đúng vị trí này.
23:38:21 Bản đồ trận: sửa lại người vào sân: Chiedozie Ogbene chơi đúng vị trí này.
23:38:21 Bản đồ trận: người vào thay Joaquin Seys đã vào vị trí (đã biết tên: Myles Lewis-Skelly; game).
23:38:21 Bản đồ trận: sửa lại người vào sân: Myles Lewis-Skelly chơi đúng vị trí này.
23:38:21 Bản đồ trận: sửa lại người vào sân: Chiedozie Ogbene chơi đúng vị trí này.
23:38:21 Bản đồ trận: sửa lại người vào sân: Chiedozie Ogbene chơi đúng vị trí này.
23:38:21 Bản đồ trận: người vào thay Joaquin Seys đã vào vị trí (đã biết tên: Myles Lewis-Skelly; game).
23:38:21 Bản đồ trận: sửa lại người vào sân: Myles Lewis-Skelly chơi đúng vị trí này.
23:38:21 Bản đồ trận: sửa lại người vào sân: Chiedozie Ogbene chơi đúng vị trí này.
23:38:21 Bản đồ trận: sửa lại người vào sân: Chiedozie Ogbene chơi đúng vị trí này.
23:38:21 Bản đồ trận: người vào thay Joaquin Seys đã vào vị trí (đã biết tên: Myles Lewis-Skelly; game).
23:38:21 Bản đồ trận: sửa lại người vào sân: Myles Lewis-Skelly chơi đúng vị trí này.
23:38:21 Bản đồ trận: sửa lại người vào sân: Chiedozie Ogbene chơi đúng vị trí này.
23:38:21 Bản đồ trận: sửa lại người vào sân: Chiedozie Ogbene chơi đúng vị trí này.
23:38:21 Bản đồ trận: người vào thay Joaquin Seys đã vào vị trí (đã biết tên: Myles Lewis-Skelly; game).
23:38:21 Bản đồ trận: sửa lại người vào sân: Myles Lewis-Skelly chơi đúng vị trí này.
23:38:21 Bản đồ trận: sửa lại người vào sân: Chiedozie Ogbene chơi đúng vị trí này.
23:38:21 Bản đồ trận: sửa lại người vào sân: Chiedozie Ogbene chơi đúng vị trí này.
23:38:21 Bản đồ trận: người vào thay Joaquin Seys đã vào vị trí (đã biết tên: Myles Lewis-Skelly; game).
23:38:21 Bản đồ trận: sửa lại người vào sân: Myles Lewis-Skelly chơi đúng vị trí này.
23:38:21 Bản đồ trận: sửa lại người vào sân: Chiedozie Ogbene chơi đúng vị trí này.
23:38:21 Bản đồ trận: sửa lại người vào sân: Chiedozie Ogbene chơi đúng vị trí này.
23:38:21 Bản đồ trận: người vào thay Joaquin Seys đã vào vị trí (đã biết tên: Myles Lewis-Skelly; game).
23:38:21 Bản đồ trận: sửa lại người vào sân: Myles Lewis-Skelly chơi đúng vị trí này.
23:38:21 Bản đồ trận: sửa lại người vào sân: Chiedozie Ogbene chơi đúng vị trí này.
23:38:21 Bản đồ trận: sửa lại người vào sân: Chiedozie Ogbene chơi đúng vị trí này.
23:38:21 Bản đồ trận: người vào thay Joaquin Seys đã vào vị trí (đã biết tên: Myles Lewis-Skelly; game).
23:38:21 Bản đồ trận: sửa lại người vào sân: Myles Lewis-Skelly chơi đúng vị trí này.
Traceback (most recent call last):
  File "D:\FL26\SiderAddons\Dugout\dugout\matchlive.py", line 618, in save_learned
    store.write_json(LEARNED, d | {'exe': gamemem.exe_stamp(), 'when': time.strftime('%Y-%m-%d %H:%M:%S')})
    ~~~~~~~~~~~~~~~~^^^^^^^^^^^^^^^^^^^^^^^^^^^^^^^^^^^^^^^^^^^^^^^^^^^^^^^^^^^^^^^^^^^^^^^^^^^^^^^^^^^^^^^
  File "D:\FL26\SiderAddons\Dugout\dugout\store.py", line 54, in write_json
    os.replace(tmp, path)
    ~~~~~~~~~~^^^^^^^^^^^
PermissionError: [WinError 5] Access is denied: 'D:\\FL26\\SiderAddons\\Dugout\\data\\matchlive.json.tmp' -> 'D:\\FL26\\SiderAddons\\Dugout\\data\\matchlive.json'
23:38:21 Bản đồ trận: sửa lại người vào sân: Chiedozie Ogbene chơi đúng vị trí này.
23:38:21 Bản đồ trận: sửa lại người vào sân: Chiedozie Ogbene chơi đúng vị trí này.
23:38:21 Bản đồ trận: người vào thay Joaquin Seys đã vào vị trí (đã biết tên: Myles Lewis-Skelly; game).
23:38:21 Bản đồ trận: sửa lại người vào sân: Myles Lewis-Skelly chơi đúng vị trí này.
23:38:21 Bản đồ trận: sửa lại người vào sân: Chiedozie Ogbene chơi đúng vị trí này.
23:38:21 Bản đồ trận: sửa lại người vào sân: Chiedozie Ogbene chơi đúng vị trí này.
23:38:21 Bản đồ trận: người vào thay Joaquin Seys đã vào vị trí (đã biết tên: Myles Lewis-Skelly; game).
23:38:21 Bản đồ trận: sửa lại người vào sân: Myles Lewis-Skelly chơi đúng vị trí này.
23:38:21 Bản đồ trận: sửa lại người vào sân: Chiedozie Ogbene chơi đúng vị trí này.
23:38:21 Bản đồ trận: sửa lại người vào sân: Chiedozie Ogbene chơi đúng vị trí này.
23:38:21 Bản đồ trận: người vào thay Joaquin Seys đã vào vị trí (đã biết tên: Myles Lewis-Skelly; game).
23:38:21 Bản đồ trận: sửa lại người vào sân: Myles Lewis-Skelly chơi đúng vị trí này.
23:38:21 Bản đồ trận: sửa lại người vào sân: Chiedozie Ogbene chơi đúng vị trí này.
23:38:21 Bản đồ trận: sửa lại người vào sân: Chiedozie Ogbene chơi đúng vị trí này.
23:38:21 Bản đồ trận: người vào thay Joaquin Seys đã vào vị trí (đã biết tên: Myles Lewis-Skelly; game).
23:38:21 Bản đồ trận: sửa lại người vào sân: Myles Lewis-Skelly chơi đúng vị trí này.
23:38:21 Bản đồ trận: sửa lại người vào sân: Chiedozie Ogbene chơi đúng vị trí này.
23:38:21 Bản đồ trận: sửa lại người vào sân: Chiedozie Ogbene chơi đúng vị trí này.
23:38:21 Bản đồ trận: người vào thay Joaquin Seys đã vào vị trí (đã biết tên: Myles Lewis-Skelly; game).
23:38:22 Bản đồ trận: sửa lại người vào sân: Myles Lewis-Skelly chơi đúng vị trí này.
23:38:22 Bản đồ trận: sửa lại người vào sân: Chiedozie Ogbene chơi đúng vị trí này.
23:38:22 Bản đồ trận: sửa lại người vào sân: Chiedozie Ogbene chơi đúng vị trí này.
23:38:22 Bản đồ trận: người vào thay Joaquin Seys đã vào vị trí (đã biết tên: Myles Lewis-Skelly; game).
23:38:22 Bản đồ trận: sửa lại người vào sân: Myles Lewis-Skelly chơi đúng vị trí này.
23:38:22 Bản đồ trận: sửa lại người vào sân: Chiedozie Ogbene chơi đúng vị trí này.
23:38:22 Bản đồ trận: sửa lại người vào sân: Chiedozie Ogbene chơi đúng vị trí này.
23:38:22 Bản đồ trận: người vào thay Joaquin Seys đã vào vị trí (đã biết tên: Myles Lewis-Skelly; game).
23:38:22 Bản đồ trận: sửa lại người vào sân: Myles Lewis-Skelly chơi đúng vị trí này.
23:38:22 Bản đồ trận: sửa lại người vào sân: Chiedozie Ogbene chơi đúng vị trí này.
23:38:22 Bản đồ trận: sửa lại người vào sân: người vào thay ? chơi đúng vị trí này.
23:38:22 Bản đồ trận: người vào thay Franco Mastantuono đã vào vị trí (đã biết tên: Estevão Willian; game).
23:38:22 Bản đồ trận: sửa lại người vào sân: Estevão Willian chơi đúng vị trí này.
23:38:22 Bản đồ trận: người vào thay ? đã vào vị trí (game chưa báo tên; game).
23:38:22 Bản đồ trận: sửa lại người vào sân: người vào thay ? chơi đúng vị trí này.
23:38:22 Bản đồ trận: người vào thay Franco Mastantuono đã vào vị trí (đã biết tên: Estevão Willian; game).
23:38:22 Bản đồ trận: sửa lại người vào sân: Ben Mee chơi đúng vị trí này.
23:38:22 Bản đồ trận: người vào thay Sydie Peck đã vào vị trí (game chưa báo tên; game).
23:38:22 Bản đồ trận: sửa lại người vào sân: Estevão Willian chơi đúng vị trí này.
23:38:22 Bản đồ trận: người vào thay ? đã vào vị trí (game chưa báo tên; game).
23:38:22 Bản đồ trận: sửa lại người vào sân: người vào thay Sydie Peck chơi đúng vị trí này.
23:38:22 Bản đồ trận: người vào thay Ruben van Bommel đã vào vị trí (đã biết tên: Rodrigo Mora; game).
23:38:22 Bản đồ trận: sửa lại người vào sân: người vào thay ? chơi đúng vị trí này.
23:38:22 Bản đồ trận: người vào thay Franco Mastantuono đã vào vị trí (đã biết tên: Estevão Willian; game).
23:38:22 Bản đồ trận: sửa lại người vào sân: Rodrigo Mora chơi đúng vị trí này.
23:38:22 Bản đồ trận: sửa lại người vào sân: Ben Mee chơi đúng vị trí này.
23:38:22 Bản đồ trận: sửa lại người vào sân: Ben Mee chơi đúng vị trí này.
23:38:22 Bản đồ trận: người vào thay Sydie Peck đã vào vị trí (game chưa báo tên; game).
23:38:22 Bản đồ trận: sửa lại người vào sân: Estevão Willian chơi đúng vị trí này.
23:38:22 Bản đồ trận: người vào thay ? đã vào vị trí (game chưa báo tên; game).
23:38:22 Bản đồ trận: sửa lại người vào sân: người vào thay Sydie Peck chơi đúng vị trí này.
23:38:22 Bản đồ trận: người vào thay Ruben van Bommel đã vào vị trí (đã biết tên: Rodrigo Mora; game).
23:38:22 Bản đồ trận: sửa lại người vào sân: người vào thay ? chơi đúng vị trí này.
23:38:22 Bản đồ trận: người vào thay Franco Mastantuono đã vào vị trí (đã biết tên: Estevão Willian; game).
23:38:22 Bản đồ trận: sửa lại người vào sân: Rodrigo Mora chơi đúng vị trí này.
23:38:22 Bản đồ trận: sửa lại người vào sân: Ben Mee chơi đúng vị trí này.
23:38:22 Bản đồ trận: sửa lại người vào sân: Ben Mee chơi đúng vị trí này.
23:38:22 Bản đồ trận: người vào thay Sydie Peck đã vào vị trí (game chưa báo tên; game).
23:38:22 Bản đồ trận: sửa lại người vào sân: Estevão Willian chơi đúng vị trí này.
23:38:22 Bản đồ trận: người vào thay ? đã vào vị trí (game chưa báo tên; game).
23:38:22 Bản đồ trận: sửa lại người vào sân: người vào thay Sydie Peck chơi đúng vị trí này.
23:38:22 Bản đồ trận: người vào thay Ruben van Bommel đã vào vị trí (đã biết tên: Rodrigo Mora; game).
23:38:22 Bản đồ trận: sửa lại người vào sân: người vào thay ? chơi đúng vị trí này.
23:38:22 Bản đồ trận: người vào thay Franco Mastantuono đã vào vị trí (đã biết tên: Estevão Willian; game).
23:38:23 Bản đồ trận: sửa lại người vào sân: Rodrigo Mora chơi đúng vị trí này.
23:38:23 Bản đồ trận: sửa lại người vào sân: Ben Mee chơi đúng vị trí này.
23:38:23 Bản đồ trận: sửa lại người vào sân: Ben Mee chơi đúng vị trí này.
23:38:23 Bản đồ trận: người vào thay Sydie Peck đã vào vị trí (game chưa báo tên; game).
23:38:23 Bản đồ trận: sửa lại người vào sân: Estevão Willian chơi đúng vị trí này.
23:38:23 Bản đồ trận: người vào thay ? đã vào vị trí (game chưa báo tên; game).
23:38:23 Bản đồ trận: sửa lại người vào sân: người vào thay Sydie Peck chơi đúng vị trí này.
23:38:23 Bản đồ trận: người vào thay Ruben van Bommel đã vào vị trí (đã biết tên: Rodrigo Mora; game).
23:38:23 Bản đồ trận: sửa lại người vào sân: người vào thay ? chơi đúng vị trí này.
23:38:23 Bản đồ trận: người vào thay Franco Mastantuono đã vào vị trí (đã biết tên: Estevão Willian; game).
23:38:23 Bản đồ trận: sửa lại người vào sân: Rodrigo Mora chơi đúng vị trí này.
23:38:23 Bản đồ trận: sửa lại người vào sân: Ben Mee chơi đúng vị trí này.
23:38:23 Bản đồ trận: sửa lại người vào sân: Ben Mee chơi đúng vị trí này.
23:38:23 Bản đồ trận: người vào thay Sydie Peck đã vào vị trí (game chưa báo tên; game).
23:38:23 Bản đồ trận: sửa lại người vào sân: Estevão Willian chơi đúng vị trí này.
23:38:23 Bản đồ trận: người vào thay ? đã vào vị trí (game chưa báo tên; game).
23:38:23 Bản đồ trận: sửa lại người vào sân: người vào thay Sydie Peck chơi đúng vị trí này.
23:38:23 Bản đồ trận: người vào thay Ruben van Bommel đã vào vị trí (đã biết tên: Rodrigo Mora; game).
23:38:23 Bản đồ trận: sửa lại người vào sân: người vào thay ? chơi đúng vị trí này.
23:38:23 Bản đồ trận: người vào thay Franco Mastantuono đã vào vị trí (đã biết tên: Estevão Willian; game).
23:38:23 Bản đồ trận: sửa lại người vào sân: Rodrigo Mora chơi đúng vị trí này.
23:38:23 Bản đồ trận: sửa lại người vào sân: Ben Mee chơi đúng vị trí này.
23:38:23 Bản đồ trận: sửa lại người vào sân: Ben Mee chơi đúng vị trí này.
23:38:23 Bản đồ trận: người vào thay Sydie Peck đã vào vị trí (game chưa báo tên; game).
23:38:23 Bản đồ trận: sửa lại người vào sân: Estevão Willian chơi đúng vị trí này.
23:38:23 Bản đồ trận: người vào thay ? đã vào vị trí (game chưa báo tên; game).
23:38:23 Bản đồ trận: sửa lại người vào sân: người vào thay Sydie Peck chơi đúng vị trí này.
23:38:23 Bản đồ trận: người vào thay Ruben van Bommel đã vào vị trí (đã biết tên: Rodrigo Mora; game).
23:38:23 Bản đồ trận: sửa lại người vào sân: Rodrigo Mora chơi đúng vị trí này.
23:38:23 Bản đồ trận: sửa lại người vào sân: Ben Mee chơi đúng vị trí này.
23:38:23 Bản đồ trận: sửa lại người vào sân: Ben Mee chơi đúng vị trí này.
23:38:23 Bản đồ trận: người vào thay Sydie Peck đã vào vị trí (game chưa báo tên; game).
23:38:23 Bản đồ trận: sửa lại người vào sân: người vào thay Sydie Peck chơi đúng vị trí này.
23:38:23 Bản đồ trận: người vào thay Ruben van Bommel đã vào vị trí (đã biết tên: Rodrigo Mora; game).
23:38:23 Bản đồ trận: sửa lại người vào sân: Rodrigo Mora chơi đúng vị trí này.
23:38:23 Bản đồ trận: sửa lại người vào sân: Ben Mee chơi đúng vị trí này.
23:38:23 Bản đồ trận: sửa lại người vào sân: Ben Mee chơi đúng vị trí này.
23:38:23 Bản đồ trận: người vào thay Sydie Peck đã vào vị trí (game chưa báo tên; game).
23:38:23 Bản đồ trận: sửa lại người vào sân: người vào thay Sydie Peck chơi đúng vị trí này.
23:38:23 Bản đồ trận: người vào thay Ruben van Bommel đã vào vị trí (đã biết tên: Rodrigo Mora; game).
23:38:23 Bản đồ trận: sửa lại người vào sân: Rodrigo Mora chơi đúng vị trí này.
23:38:23 Bản đồ trận: sửa lại người vào sân: Ben Mee chơi đúng vị trí này.
23:38:23 Bản đồ trận: sửa lại người vào sân: Ben Mee chơi đúng vị trí này.
23:38:23 Bản đồ trận: người vào thay Sydie Peck đã vào vị trí (game chưa báo tên; game).
23:38:23 Bản đồ trận: sửa lại người vào sân: người vào thay Sydie Peck chơi đúng vị trí này.
23:38:23 Bản đồ trận: sửa lại người vào sân: Ben Mee chơi đúng vị trí này.
23:38:23 Bản đồ trận: sửa lại người vào sân: Ben Mee chơi đúng vị trí này.
23:38:23 Bản đồ trận: người vào thay Sydie Peck đã vào vị trí (game chưa báo tên; game).
23:38:23 Bản đồ trận: sửa lại người vào sân: người vào thay Sydie Peck chơi đúng vị trí này.
23:38:23 Bản đồ trận: sửa lại người vào sân: Ben Mee chơi đúng vị trí này.
23:38:23 Bản đồ trận: sửa lại người vào sân: Ben Mee chơi đúng vị trí này.
23:38:23 Bản đồ trận: người vào thay Sydie Peck đã vào vị trí (game chưa báo tên; game).
23:38:23 Bản đồ trận: sửa lại người vào sân: người vào thay Sydie Peck chơi đúng vị trí này.
23:38:23 Bản đồ trận: sửa lại người vào sân: Ben Mee chơi đúng vị trí này.
23:38:23 Bản đồ trận: sửa lại người vào sân: Ben Mee chơi đúng vị trí này.
23:38:23 Bản đồ trận: người vào thay Sydie Peck đã vào vị trí (game chưa báo tên; game).
23:38:23 Bản đồ trận: sửa lại người vào sân: người vào thay Sydie Peck chơi đúng vị trí này.
23:38:23 Bản đồ trận: sửa lại người vào sân: Ben Mee chơi đúng vị trí này.
23:38:23 Bản đồ trận: sửa lại người vào sân: Ben Mee chơi đúng vị trí này.
23:38:23 Bản đồ trận: người vào thay Sydie Peck đã vào vị trí (game chưa báo tên; game).
23:38:23 Bản đồ trận: sửa lại người vào sân: người vào thay Sydie Peck chơi đúng vị trí này.
23:38:23 Bản đồ trận: sửa lại người vào sân: Ben Mee chơi đúng vị trí này.
23:38:23 Bản đồ trận: sửa lại người vào sân: Ben Mee chơi đúng vị trí này.
23:38:23 Bản đồ trận: người vào thay Sydie Peck đã vào vị trí (game chưa báo tên; game).
23:38:23 Bản đồ trận: sửa lại người vào sân: người vào thay Sydie Peck chơi đúng vị trí này.
23:38:23 Bản đồ trận: sửa lại người vào sân: Ben Mee chơi đúng vị trí này.
23:38:23 Bản đồ trận: sửa lại người vào sân: Ben Mee chơi đúng vị trí này.
23:38:23 Bản đồ trận: người vào thay Sydie Peck đã vào vị trí (game chưa báo tên; game).
23:38:23 Bản đồ trận: sửa lại người vào sân: người vào thay Sydie Peck chơi đúng vị trí này.
23:38:23 Bản đồ trận: sửa lại người vào sân: Ben Mee chơi đúng vị trí này.
23:38:23 Bản đồ trận: sửa lại người vào sân: Ben Mee chơi đúng vị trí này.
23:38:23 Bản đồ trận: người vào thay Sydie Peck đã vào vị trí (game chưa báo tên; game).
23:38:23 Bản đồ trận: sửa lại người vào sân: người vào thay Sydie Peck chơi đúng vị trí này.
23:38:23 Bản đồ trận: sửa lại người vào sân: Ben Mee chơi đúng vị trí này.
23:38:23 Bản đồ trận: sửa lại người vào sân: Ben Mee chơi đúng vị trí này.
23:38:23 Bản đồ trận: người vào thay Sydie Peck đã vào vị trí (game chưa báo tên; game).
23:38:23 Bản đồ trận: sửa lại người vào sân: người vào thay Sydie Peck chơi đúng vị trí này.
23:38:23 Bản đồ trận: sửa lại người vào sân: Ben Mee chơi đúng vị trí này.
23:38:23 Bản đồ trận: sửa lại người vào sân: Ben Mee chơi đúng vị trí này.
23:38:23 Bản đồ trận: người vào thay Sydie Peck đã vào vị trí (game chưa báo tên; game).
23:38:23 Bản đồ trận: sửa lại người vào sân: người vào thay Sydie Peck chơi đúng vị trí này.
23:38:23 Bản đồ trận: sửa lại người vào sân: Ben Mee chơi đúng vị trí này.
23:38:23 Bản đồ trận: sửa lại người vào sân: Ben Mee chơi đúng vị trí này.
23:38:23 Bản đồ trận: người vào thay Sydie Peck đã vào vị trí (game chưa báo tên; game).
23:38:24 Bản đồ trận: sửa lại người vào sân: người vào thay Sydie Peck chơi đúng vị trí này.
23:38:24 Bản đồ trận: sửa lại người vào sân: Ben Mee chơi đúng vị trí này.
23:38:24 Bản đồ trận: sửa lại người vào sân: Ben Mee chơi đúng vị trí này.
23:38:24 Bản đồ trận: người vào thay Sydie Peck đã vào vị trí (game chưa báo tên; game).
23:38:24 Bản đồ trận: sửa lại người vào sân: người vào thay Sydie Peck chơi đúng vị trí này.
23:38:24 Bản đồ trận: sửa lại người vào sân: Ben Mee chơi đúng vị trí này.
23:38:24 Bản đồ trận: sửa lại người vào sân: Ben Mee chơi đúng vị trí này.
23:38:24 Bản đồ trận: người vào thay Sydie Peck đã vào vị trí (game chưa báo tên; game).
23:38:24 Bản đồ trận: sửa lại người vào sân: người vào thay Sydie Peck chơi đúng vị trí này.
23:38:24 Bản đồ trận: sửa lại người vào sân: Ben Mee chơi đúng vị trí này.
23:38:24 Bản đồ trận: sửa lại người vào sân: Ben Mee chơi đúng vị trí này.
23:38:24 Bản đồ trận: người vào thay Sydie Peck đã vào vị trí (game chưa báo tên; game).
23:38:24 Bản đồ trận: sửa lại người vào sân: người vào thay Sydie Peck chơi đúng vị trí này.
23:38:24 Bản đồ trận: sửa lại người vào sân: Ben Mee chơi đúng vị trí này.
23:38:24 Bản đồ trận: sửa lại người vào sân: Ben Mee chơi đúng vị trí này.
23:38:24 Bản đồ trận: người vào thay Sydie Peck đã vào vị trí (game chưa báo tên; game).
23:38:24 Bản đồ trận: sửa lại người vào sân: người vào thay Sydie Peck chơi đúng vị trí này.
23:38:24 Bản đồ trận: sửa lại người vào sân: Ben Mee chơi đúng vị trí này.
23:38:24 Bản đồ trận: sửa lại người vào sân: Ben Mee chơi đúng vị trí này.
23:38:24 Bản đồ trận: người vào thay Sydie Peck đã vào vị trí (game chưa báo tên; game).
23:38:24 Bản đồ trận: sửa lại người vào sân: người vào thay Sydie Peck chơi đúng vị trí này.
23:38:24 Bản đồ trận: sửa lại người vào sân: Ben Mee chơi đúng vị trí này.
23:38:24 Bản đồ trận: sửa lại người vào sân: Ben Mee chơi đúng vị trí này.
23:38:24 Bản đồ trận: người vào thay Sydie Peck đã vào vị trí (game chưa báo tên; game).
23:38:24 Bản đồ trận: sửa lại người vào sân: người vào thay Sydie Peck chơi đúng vị trí này.
23:38:24 Bản đồ trận: sửa lại người vào sân: Ben Mee chơi đúng vị trí này.
23:38:24 Bản đồ trận: sửa lại người vào sân: Ben Mee chơi đúng vị trí này.
23:38:24 Bản đồ trận: người vào thay Sydie Peck đã vào vị trí (game chưa báo tên; game).
23:38:24 Bản đồ trận: sửa lại người vào sân: người vào thay Sydie Peck chơi đúng vị trí này.
23:38:24 Bản đồ trận: sửa lại người vào sân: Ben Mee chơi đúng vị trí này.
23:38:25 Bản đồ trận: sửa lại người vào sân: Jamie Shackleton chơi đúng vị trí này.
23:38:25 Bản đồ trận: người vào thay Joaquin Seys đã vào vị trí (đã biết tên: Myles Lewis-Skelly; game).
23:38:25 Bản đồ trận: sửa lại người vào sân: Myles Lewis-Skelly chơi đúng vị trí này.
23:38:25 Bản đồ trận: sửa lại người vào sân: Jamie Shackleton chơi đúng vị trí này.
23:38:25 Bản đồ trận: sửa lại người vào sân: Jamie Shackleton chơi đúng vị trí này.
23:38:25 Bản đồ trận: người vào thay Joaquin Seys đã vào vị trí (đã biết tên: Myles Lewis-Skelly; game).
23:38:25 Bản đồ trận: sửa lại người vào sân: Myles Lewis-Skelly chơi đúng vị trí này.
23:38:25 Bản đồ trận: sửa lại người vào sân: Jamie Shackleton chơi đúng vị trí này.
23:38:25 Bản đồ trận: sửa lại người vào sân: Jamie Shackleton chơi đúng vị trí này.
23:38:25 Bản đồ trận: người vào thay Joaquin Seys đã vào vị trí (đã biết tên: Myles Lewis-Skelly; game).
23:38:25 Bản đồ trận: sửa lại người vào sân: Myles Lewis-Skelly chơi đúng vị trí này.
23:38:25 Bản đồ trận: sửa lại người vào sân: Jamie Shackleton chơi đúng vị trí này.
23:38:25 Bản đồ trận: sửa lại người vào sân: Jamie Shackleton chơi đúng vị trí này.
23:38:25 Bản đồ trận: người vào thay Joaquin Seys đã vào vị trí (đã biết tên: Myles Lewis-Skelly; game).
23:38:25 Bản đồ trận: sửa lại người vào sân: Myles Lewis-Skelly chơi đúng vị trí này.
23:38:25 Bản đồ trận: sửa lại người vào sân: Jamie Shackleton chơi đúng vị trí này.
23:38:25 Bản đồ trận: sửa lại người vào sân: Jamie Shackleton chơi đúng vị trí này.
23:38:25 Bản đồ trận: người vào thay Joaquin Seys đã vào vị trí (đã biết tên: Myles Lewis-Skelly; game).
23:38:25 Bản đồ trận: sửa lại người vào sân: Myles Lewis-Skelly chơi đúng vị trí này.
23:38:25 Bản đồ trận: sửa lại người vào sân: Jamie Shackleton chơi đúng vị trí này.
23:38:25 Bản đồ trận: sửa lại người vào sân: Jamie Shackleton chơi đúng vị trí này.
23:38:25 Bản đồ trận: người vào thay Joaquin Seys đã vào vị trí (đã biết tên: Myles Lewis-Skelly; game).
23:38:25 Bản đồ trận: sửa lại người vào sân: Myles Lewis-Skelly chơi đúng vị trí này.
23:38:25 Bản đồ trận: sửa lại người vào sân: Jamie Shackleton chơi đúng vị trí này.
23:38:25 Bản đồ trận: sửa lại người vào sân: Jamie Shackleton chơi đúng vị trí này.
23:38:25 Bản đồ trận: người vào thay Joaquin Seys đã vào vị trí (đã biết tên: Myles Lewis-Skelly; game).
23:38:25 Bản đồ trận: sửa lại người vào sân: Myles Lewis-Skelly chơi đúng vị trí này.
23:38:25 Bản đồ trận: sửa lại người vào sân: Jamie Shackleton chơi đúng vị trí này.
23:38:25 Bản đồ trận: sửa lại người vào sân: Jamie Shackleton chơi đúng vị trí này.
23:38:25 Bản đồ trận: người vào thay Joaquin Seys đã vào vị trí (đã biết tên: Myles Lewis-Skelly; game).
23:38:26 Bản đồ trận: sửa lại người vào sân: Myles Lewis-Skelly chơi đúng vị trí này.
23:38:26 Bản đồ trận: sửa lại người vào sân: Jamie Shackleton chơi đúng vị trí này.
23:38:26 Bản đồ trận: sửa lại người vào sân: Jamie Shackleton chơi đúng vị trí này.
23:38:26 Bản đồ trận: người vào thay Joaquin Seys đã vào vị trí (đã biết tên: Myles Lewis-Skelly; game).
23:38:26 Bản đồ trận: sửa lại người vào sân: Myles Lewis-Skelly chơi đúng vị trí này.
23:38:26 Bản đồ trận: sửa lại người vào sân: Jamie Shackleton chơi đúng vị trí này.
23:38:26 Bản đồ trận: sửa lại người vào sân: Jamie Shackleton chơi đúng vị trí này.
23:38:26 Bản đồ trận: người vào thay Joaquin Seys đã vào vị trí (đã biết tên: Myles Lewis-Skelly; game).
23:38:26 Bản đồ trận: sửa lại người vào sân: Myles Lewis-Skelly chơi đúng vị trí này.
23:38:26 Bản đồ trận: sửa lại người vào sân: Jamie Shackleton chơi đúng vị trí này.
23:38:26 Bản đồ trận: sửa lại người vào sân: Jamie Shackleton chơi đúng vị trí này.
23:38:26 Bản đồ trận: người vào thay Joaquin Seys đã vào vị trí (đã biết tên: Myles Lewis-Skelly; game).
23:38:26 Bản đồ trận: sửa lại người vào sân: Myles Lewis-Skelly chơi đúng vị trí này.
23:38:26 Bản đồ trận: sửa lại người vào sân: Jamie Shackleton chơi đúng vị trí này.
23:38:26 Bản đồ trận: sửa lại người vào sân: Ben Mee chơi đúng vị trí này.
23:38:26 Bản đồ trận: người vào thay Sydie Peck đã vào vị trí (game chưa báo tên; game).
23:38:26 Bản đồ trận: sửa lại người vào sân: Jamie Shackleton chơi đúng vị trí này.
23:38:26 Bản đồ trận: người vào thay Joaquin Seys đã vào vị trí (đã biết tên: Myles Lewis-Skelly; game).
23:38:26 Bản đồ trận: sửa lại người vào sân: người vào thay Sydie Peck chơi đúng vị trí này.
23:38:26 Bản đồ trận: sửa lại người vào sân: Ben Mee chơi đúng vị trí này.
23:38:26 Bản đồ trận: sửa lại người vào sân: Myles Lewis-Skelly chơi đúng vị trí này.
23:38:26 Bản đồ trận: sửa lại người vào sân: Jamie Shackleton chơi đúng vị trí này.
23:38:26 Bản đồ trận: sửa lại người vào sân: Ben Mee chơi đúng vị trí này.
23:38:26 Bản đồ trận: người vào thay Sydie Peck đã vào vị trí (game chưa báo tên; game).
23:38:26 Bản đồ trận: sửa lại người vào sân: Jamie Shackleton chơi đúng vị trí này.
23:38:26 Bản đồ trận: người vào thay Joaquin Seys đã vào vị trí (đã biết tên: Myles Lewis-Skelly; game).
23:38:26 Bản đồ trận: sửa lại người vào sân: người vào thay Sydie Peck chơi đúng vị trí này.
23:38:26 Bản đồ trận: sửa lại người vào sân: Ben Mee chơi đúng vị trí này.
23:38:26 Bản đồ trận: sửa lại người vào sân: Myles Lewis-Skelly chơi đúng vị trí này.
23:38:26 Bản đồ trận: sửa lại người vào sân: Jamie Shackleton chơi đúng vị trí này.
23:38:26 Bản đồ trận: sửa lại người vào sân: Ben Mee chơi đúng vị trí này.
23:38:26 Bản đồ trận: người vào thay Sydie Peck đã vào vị trí (game chưa báo tên; game).
23:38:26 Bản đồ trận: sửa lại người vào sân: người vào thay Sydie Peck chơi đúng vị trí này.
23:38:26 Bản đồ trận: sửa lại người vào sân: Ben Mee chơi đúng vị trí này.
23:38:26 Bản đồ trận: sửa lại người vào sân: Ben Mee chơi đúng vị trí này.
23:38:26 Bản đồ trận: người vào thay Sydie Peck đã vào vị trí (game chưa báo tên; game).
23:38:26 Bản đồ trận: sửa lại người vào sân: người vào thay Sydie Peck chơi đúng vị trí này.
23:38:26 Bản đồ trận: người vào thay Ruben van Bommel đã vào vị trí (đã biết tên: Rodrigo Mora; game).
23:38:26 Bản đồ trận: sửa lại người vào sân: Rodrigo Mora chơi đúng vị trí này.
23:38:26 Bản đồ trận: sửa lại người vào sân: Ben Mee chơi đúng vị trí này.
23:38:26 Bản đồ trận: sửa lại người vào sân: Ben Mee chơi đúng vị trí này.
23:38:26 Bản đồ trận: người vào thay Sydie Peck đã vào vị trí (game chưa báo tên; game).
23:38:26 Bản đồ trận: sửa lại người vào sân: người vào thay Sydie Peck chơi đúng vị trí này.
23:38:26 Bản đồ trận: người vào thay Ruben van Bommel đã vào vị trí (đã biết tên: Rodrigo Mora; game).
23:38:26 Bản đồ trận: sửa lại người vào sân: Rodrigo Mora chơi đúng vị trí này.
23:38:26 Bản đồ trận: sửa lại người vào sân: Ben Mee chơi đúng vị trí này.
23:38:26 Bản đồ trận: sửa lại người vào sân: Ben Mee chơi đúng vị trí này.
23:38:26 Bản đồ trận: người vào thay Ruben van Bommel đã vào vị trí (đã biết tên: Rodrigo Mora; game).
23:38:26 Bản đồ trận: sửa lại người vào sân: Rodrigo Mora chơi đúng vị trí này.
23:38:26 Bản đồ trận: sửa lại người vào sân: Ben Mee chơi đúng vị trí này.
23:38:26 Bản đồ trận: sửa lại người vào sân: Ben Mee chơi đúng vị trí này.
23:38:26 Bản đồ trận: người vào thay Ruben van Bommel đã vào vị trí (đã biết tên: Rodrigo Mora; game).
23:38:26 Bản đồ trận: sửa lại người vào sân: Rodrigo Mora chơi đúng vị trí này.
23:38:26 Bản đồ trận: sửa lại người vào sân: Ben Mee chơi đúng vị trí này.
23:38:26 Bản đồ trận: sửa lại người vào sân: Ben Mee chơi đúng vị trí này.
23:38:26 Bản đồ trận: người vào thay Ruben van Bommel đã vào vị trí (đã biết tên: Rodrigo Mora; game).
23:38:26 Bản đồ trận: sửa lại người vào sân: Rodrigo Mora chơi đúng vị trí này.
23:38:26 Bản đồ trận: sửa lại người vào sân: Ben Mee chơi đúng vị trí này.
23:38:26 Bản đồ trận: sửa lại người vào sân: Ben Mee chơi đúng vị trí này.
23:38:26 Bản đồ trận: người vào thay Ruben van Bommel đã vào vị trí (đã biết tên: Rodrigo Mora; game).
23:38:26 Bản đồ trận: sửa lại người vào sân: Rodrigo Mora chơi đúng vị trí này.
23:38:26 Bản đồ trận: sửa lại người vào sân: Ben Mee chơi đúng vị trí này.
23:38:26 Bản đồ trận: sửa lại người vào sân: Ben Mee chơi đúng vị trí này.
23:38:26 Bản đồ trận: người vào thay Ruben van Bommel đã vào vị trí (đã biết tên: Rodrigo Mora; game).
23:38:26 Bản đồ trận: sửa lại người vào sân: Rodrigo Mora chơi đúng vị trí này.
23:38:26 Bản đồ trận: sửa lại người vào sân: Ben Mee chơi đúng vị trí này.
23:38:27 Bản đồ trận: sửa lại người vào sân: Elias Baum chơi đúng vị trí này.
23:38:27 Bản đồ trận: người vào thay Harrison Burrows đã vào vị trí (đã biết tên: Tyrese Campbell; game).
23:38:27 Bản đồ trận: sửa lại người vào sân: Tyrese Campbell chơi đúng vị trí này.
23:38:27 Bản đồ trận: người vào thay Iván Fresneda đã vào vị trí (đã biết tên: Elias Baum; game).
23:38:27 Bản đồ trận: sửa lại người vào sân: Elias Baum chơi đúng vị trí này.
23:38:27 Bản đồ trận: người vào thay Harrison Burrows đã vào vị trí (đã biết tên: Tyrese Campbell; game).
23:38:27 Bản đồ trận: sửa lại người vào sân: Tyrese Campbell chơi đúng vị trí này.
23:38:27 Bản đồ trận: người vào thay Iván Fresneda đã vào vị trí (đã biết tên: Elias Baum; game).
23:38:27 Bản đồ trận: sửa lại người vào sân: Elias Baum chơi đúng vị trí này.
23:38:27 Bản đồ trận: người vào thay Harrison Burrows đã vào vị trí (đã biết tên: Tyrese Campbell; game).
23:38:27 Bản đồ trận: sửa lại người vào sân: Tyrese Campbell chơi đúng vị trí này.
23:38:27 Bản đồ trận: người vào thay Iván Fresneda đã vào vị trí (đã biết tên: Elias Baum; game).
23:38:27 Bản đồ trận: sửa lại người vào sân: Elias Baum chơi đúng vị trí này.
23:38:27 Bản đồ trận: người vào thay Harrison Burrows đã vào vị trí (đã biết tên: Tyrese Campbell; game).
23:38:27 Bản đồ trận: sửa lại người vào sân: Tyrese Campbell chơi đúng vị trí này.
23:38:27 Bản đồ trận: người vào thay Iván Fresneda đã vào vị trí (đã biết tên: Elias Baum; game).
23:38:27 Bản đồ trận: sửa lại người vào sân: Elias Baum chơi đúng vị trí này.
23:38:27 Bản đồ trận: người vào thay Harrison Burrows đã vào vị trí (đã biết tên: Tyrese Campbell; game).
23:38:27 Bản đồ trận: sửa lại người vào sân: Tyrese Campbell chơi đúng vị trí này.
23:38:27 Bản đồ trận: người vào thay Iván Fresneda đã vào vị trí (đã biết tên: Elias Baum; game).
23:38:27 Bản đồ trận: sửa lại người vào sân: Elias Baum chơi đúng vị trí này.
23:38:27 Bản đồ trận: người vào thay Harrison Burrows đã vào vị trí (đã biết tên: Tyrese Campbell; game).
23:38:27 Bản đồ trận: sửa lại người vào sân: Tyrese Campbell chơi đúng vị trí này.
23:38:27 Bản đồ trận: người vào thay Iván Fresneda đã vào vị trí (đã biết tên: Elias Baum; game).
23:38:27 Bản đồ trận: sửa lại người vào sân: Elias Baum chơi đúng vị trí này.
23:38:27 Bản đồ trận: người vào thay Harrison Burrows đã vào vị trí (đã biết tên: Tyrese Campbell; game).
23:38:27 Bản đồ trận: sửa lại người vào sân: Tyrese Campbell chơi đúng vị trí này.
23:38:27 Bản đồ trận: người vào thay Iván Fresneda đã vào vị trí (đã biết tên: Elias Baum; game).
23:38:27 Bản đồ trận: sửa lại người vào sân: Chiedozie Ogbene chơi đúng vị trí này.
23:38:27 Bản đồ trận: người vào thay Sydie Peck đã vào vị trí (game chưa báo tên; game).
23:38:27 Bản đồ trận: sửa lại người vào sân: người vào thay Sydie Peck chơi đúng vị trí này.
23:38:27 Bản đồ trận: sửa lại người vào sân: Chiedozie Ogbene chơi đúng vị trí này.
23:38:27 Bản đồ trận: sửa lại người vào sân: Elias Baum chơi đúng vị trí này.
23:38:27 Bản đồ trận: người vào thay Harrison Burrows đã vào vị trí (đã biết tên: Tyrese Campbell; game).
23:38:27 Bản đồ trận: sửa lại người vào sân: Tyrese Campbell chơi đúng vị trí này.
23:38:27 Bản đồ trận: người vào thay Iván Fresneda đã vào vị trí (đã biết tên: Elias Baum; game).
23:38:27 Bản đồ trận: sửa lại người vào sân: Chiedozie Ogbene chơi đúng vị trí này.
23:38:27 Bản đồ trận: người vào thay Sydie Peck đã vào vị trí (game chưa báo tên; game).
23:38:27 Bản đồ trận: sửa lại người vào sân: người vào thay Sydie Peck chơi đúng vị trí này.
23:38:27 Bản đồ trận: sửa lại người vào sân: Chiedozie Ogbene chơi đúng vị trí này.
23:38:27 Bản đồ trận: sửa lại người vào sân: Elias Baum chơi đúng vị trí này.
23:38:27 Bản đồ trận: người vào thay Harrison Burrows đã vào vị trí (đã biết tên: Tyrese Campbell; game).
23:38:27 Bản đồ trận: sửa lại người vào sân: Tyrese Campbell chơi đúng vị trí này.
23:38:27 Bản đồ trận: người vào thay Iván Fresneda đã vào vị trí (đã biết tên: Elias Baum; game).
23:38:27 Bản đồ trận: sửa lại người vào sân: Chiedozie Ogbene chơi đúng vị trí này.
23:38:27 Bản đồ trận: người vào thay Sydie Peck đã vào vị trí (game chưa báo tên; game).
23:38:27 Bản đồ trận: sửa lại người vào sân: người vào thay Sydie Peck chơi đúng vị trí này.
23:38:27 Bản đồ trận: sửa lại người vào sân: Chiedozie Ogbene chơi đúng vị trí này.
23:38:27 Bản đồ trận: sửa lại người vào sân: Elias Baum chơi đúng vị trí này.
23:38:27 Bản đồ trận: người vào thay Harrison Burrows đã vào vị trí (đã biết tên: Tyrese Campbell; game).
23:38:27 Bản đồ trận: sửa lại người vào sân: Tyrese Campbell chơi đúng vị trí này.
23:38:27 Bản đồ trận: người vào thay Iván Fresneda đã vào vị trí (đã biết tên: Elias Baum; game).
23:38:28 Bản đồ trận: sửa lại người vào sân: Chiedozie Ogbene chơi đúng vị trí này.
23:38:28 Bản đồ trận: người vào thay Sydie Peck đã vào vị trí (game chưa báo tên; game).
23:38:28 Bản đồ trận: sửa lại người vào sân: người vào thay Sydie Peck chơi đúng vị trí này.
23:38:28 Bản đồ trận: sửa lại người vào sân: Chiedozie Ogbene chơi đúng vị trí này.
23:38:28 Bản đồ trận: sửa lại người vào sân: Chiedozie Ogbene chơi đúng vị trí này.
23:38:28 Bản đồ trận: người vào thay Sydie Peck đã vào vị trí (game chưa báo tên; game).
23:38:28 Bản đồ trận: sửa lại người vào sân: người vào thay Sydie Peck chơi đúng vị trí này.
23:38:28 Bản đồ trận: sửa lại người vào sân: Chiedozie Ogbene chơi đúng vị trí này.
23:38:28 Bản đồ trận: sửa lại người vào sân: người vào thay Callum O'Hare chơi đúng vị trí này.
23:38:28 Bản đồ trận: sửa lại người vào sân: Guille Fernández chơi đúng vị trí này.
23:38:28 Bản đồ trận: sửa lại người vào sân: Chiedozie Ogbene chơi đúng vị trí này.
23:38:28 Bản đồ trận: người vào thay Sydie Peck đã vào vị trí (game chưa báo tên; game).
23:38:28 Bản đồ trận: sửa lại người vào sân: người vào thay Sydie Peck chơi đúng vị trí này.
23:38:28 Bản đồ trận: sửa lại người vào sân: Chiedozie Ogbene chơi đúng vị trí này.
23:38:28 Bản đồ trận: sửa lại người vào sân: Chiedozie Ogbene chơi đúng vị trí này.
23:38:28 Bản đồ trận: người vào thay Sydie Peck đã vào vị trí (game chưa báo tên; game).
23:38:28 Bản đồ trận: sửa lại người vào sân: người vào thay Sydie Peck chơi đúng vị trí này.
23:38:28 Bản đồ trận: sửa lại người vào sân: Chiedozie Ogbene chơi đúng vị trí này.
23:38:28 Bản đồ trận: sửa lại người vào sân: Chiedozie Ogbene chơi đúng vị trí này.
23:38:28 Bản đồ trận: người vào thay Sydie Peck đã vào vị trí (game chưa báo tên; game).
23:38:28 Bản đồ trận: sửa lại người vào sân: người vào thay Sydie Peck chơi đúng vị trí này.
23:38:28 Bản đồ trận: sửa lại người vào sân: Chiedozie Ogbene chơi đúng vị trí này.
23:38:28 Bản đồ trận: sửa lại người vào sân: Chiedozie Ogbene chơi đúng vị trí này.
23:38:28 Bản đồ trận: người vào thay Sydie Peck đã vào vị trí (game chưa báo tên; game).
23:38:28 Bản đồ trận: sửa lại người vào sân: người vào thay Sydie Peck chơi đúng vị trí này.
23:38:28 Bản đồ trận: sửa lại người vào sân: Chiedozie Ogbene chơi đúng vị trí này.
23:38:28 Bản đồ trận: sửa lại người vào sân: Guille Fernández chơi đúng vị trí này.
23:38:28 Bản đồ trận: sửa lại người vào sân: người vào thay Callum O'Hare chơi đúng vị trí này.
23:38:28 Bản đồ trận: sửa lại người vào sân: Chiedozie Ogbene chơi đúng vị trí này.
23:38:28 Bản đồ trận: người vào thay Sydie Peck đã vào vị trí (game chưa báo tên; game).
23:38:28 Bản đồ trận: sửa lại người vào sân: người vào thay Sydie Peck chơi đúng vị trí này.
23:38:28 Bản đồ trận: sửa lại người vào sân: Chiedozie Ogbene chơi đúng vị trí này.
23:38:28 Bản đồ trận: sửa lại người vào sân: Chiedozie Ogbene chơi đúng vị trí này.
23:38:28 Bản đồ trận: người vào thay Sydie Peck đã vào vị trí (game chưa báo tên; game).
23:38:28 Bản đồ trận: sửa lại người vào sân: người vào thay Sydie Peck chơi đúng vị trí này.
23:38:28 Bản đồ trận: sửa lại người vào sân: Chiedozie Ogbene chơi đúng vị trí này.
23:38:28 Bản đồ trận: sửa lại người vào sân: người vào thay Callum O'Hare chơi đúng vị trí này.
23:38:28 Bản đồ trận: sửa lại người vào sân: Guille Fernández chơi đúng vị trí này.
23:38:28 Bản đồ trận: sửa lại người vào sân: Guille Fernández chơi đúng vị trí này.
23:38:28 Bản đồ trận: sửa lại người vào sân: người vào thay Callum O'Hare chơi đúng vị trí này.
23:38:31 Bản đồ trận: sửa lại người vào sân: Elias Baum chơi đúng vị trí này.
23:38:31 Bản đồ trận: người vào thay Harrison Burrows đã vào vị trí (đã biết tên: Tyrese Campbell; game).
23:38:31 Bản đồ trận: sửa lại người vào sân: Tyrese Campbell chơi đúng vị trí này.
23:38:31 Bản đồ trận: người vào thay Iván Fresneda đã vào vị trí (đã biết tên: Elias Baum; game).
23:38:31 Bản đồ trận: sửa lại người vào sân: Elias Baum chơi đúng vị trí này.
23:38:31 Bản đồ trận: người vào thay Harrison Burrows đã vào vị trí (đã biết tên: Tyrese Campbell; game).
23:38:31 Bản đồ trận: sửa lại người vào sân: Tyrese Campbell chơi đúng vị trí này.
23:38:31 Bản đồ trận: người vào thay Iván Fresneda đã vào vị trí (đã biết tên: Elias Baum; game).
23:38:31 Bản đồ trận: sửa lại người vào sân: Elias Baum chơi đúng vị trí này.
23:38:31 Bản đồ trận: người vào thay Harrison Burrows đã vào vị trí (đã biết tên: Tyrese Campbell; game).
23:38:31 Bản đồ trận: sửa lại người vào sân: Tyrese Campbell chơi đúng vị trí này.
23:38:31 Bản đồ trận: người vào thay Iván Fresneda đã vào vị trí (đã biết tên: Elias Baum; game).
23:38:31 Bản đồ trận: sửa lại người vào sân: Elias Baum chơi đúng vị trí này.
23:38:31 Bản đồ trận: người vào thay Harrison Burrows đã vào vị trí (đã biết tên: Tyrese Campbell; game).
23:38:31 Bản đồ trận: sửa lại người vào sân: Tyrese Campbell chơi đúng vị trí này.
23:38:31 Bản đồ trận: người vào thay Iván Fresneda đã vào vị trí (đã biết tên: Elias Baum; game).
23:38:31 Bản đồ trận: sửa lại người vào sân: Elias Baum chơi đúng vị trí này.
23:38:31 Bản đồ trận: người vào thay Harrison Burrows đã vào vị trí (đã biết tên: Tyrese Campbell; game).
23:38:31 Bản đồ trận: sửa lại người vào sân: Tyrese Campbell chơi đúng vị trí này.
23:38:31 Bản đồ trận: người vào thay Iván Fresneda đã vào vị trí (đã biết tên: Elias Baum; game).
23:38:31 Bản đồ trận: sửa lại người vào sân: Elias Baum chơi đúng vị trí này.
23:38:31 Bản đồ trận: người vào thay Harrison Burrows đã vào vị trí (đã biết tên: Tyrese Campbell; game).
23:38:31 Bản đồ trận: sửa lại người vào sân: Tyrese Campbell chơi đúng vị trí này.
23:38:31 Bản đồ trận: người vào thay Iván Fresneda đã vào vị trí (đã biết tên: Elias Baum; game).
23:38:31 Bản đồ trận: sửa lại người vào sân: Elias Baum chơi đúng vị trí này.
23:38:31 Bản đồ trận: người vào thay Harrison Burrows đã vào vị trí (đã biết tên: Tyrese Campbell; game).
23:38:31 Bản đồ trận: sửa lại người vào sân: Tyrese Campbell chơi đúng vị trí này.
23:38:31 Bản đồ trận: người vào thay Iván Fresneda đã vào vị trí (đã biết tên: Elias Baum; game).
23:38:31 Bản đồ trận: sửa lại người vào sân: Elias Baum chơi đúng vị trí này.
23:38:31 Bản đồ trận: người vào thay Harrison Burrows đã vào vị trí (đã biết tên: Tyrese Campbell; game).
23:38:31 Bản đồ trận: sửa lại người vào sân: Tyrese Campbell chơi đúng vị trí này.
23:38:31 Bản đồ trận: người vào thay Iván Fresneda đã vào vị trí (đã biết tên: Elias Baum; game).
23:38:31 Bản đồ trận: sửa lại người vào sân: Elias Baum chơi đúng vị trí này.
23:38:31 Bản đồ trận: người vào thay Harrison Burrows đã vào vị trí (đã biết tên: Tyrese Campbell; game).
23:38:31 Bản đồ trận: sửa lại người vào sân: Tyrese Campbell chơi đúng vị trí này.
23:38:31 Bản đồ trận: người vào thay Iván Fresneda đã vào vị trí (đã biết tên: Elias Baum; game).
23:38:31 Bản đồ trận: sửa lại người vào sân: Elias Baum chơi đúng vị trí này.
23:38:31 Bản đồ trận: người vào thay Harrison Burrows đã vào vị trí (đã biết tên: Tyrese Campbell; game).
23:38:31 Bản đồ trận: sửa lại người vào sân: Tyrese Campbell chơi đúng vị trí này.
23:38:31 Bản đồ trận: người vào thay Iván Fresneda đã vào vị trí (đã biết tên: Elias Baum; game).
23:38:32 Bản đồ trận: sửa lại người vào sân: Elias Baum chơi đúng vị trí này.
23:38:32 Bản đồ trận: người vào thay Harrison Burrows đã vào vị trí (đã biết tên: Tyrese Campbell; game).
23:38:32 Bản đồ trận: sửa lại người vào sân: Tyrese Campbell chơi đúng vị trí này.
23:38:32 Bản đồ trận: người vào thay Iván Fresneda đã vào vị trí (đã biết tên: Elias Baum; game).
23:38:32 Bản đồ trận: sửa lại người vào sân: Elias Baum chơi đúng vị trí này.
23:38:32 Bản đồ trận: người vào thay Harrison Burrows đã vào vị trí (đã biết tên: Tyrese Campbell; game).
23:38:32 Bản đồ trận: sửa lại người vào sân: Tyrese Campbell chơi đúng vị trí này.
23:38:32 Bản đồ trận: người vào thay Iván Fresneda đã vào vị trí (đã biết tên: Elias Baum; game).
23:38:32 Bản đồ trận: sửa lại người vào sân: Elias Baum chơi đúng vị trí này.
23:38:32 Bản đồ trận: người vào thay Harrison Burrows đã vào vị trí (đã biết tên: Tyrese Campbell; game).
23:38:32 Bản đồ trận: sửa lại người vào sân: Tyrese Campbell chơi đúng vị trí này.
23:38:32 Bản đồ trận: người vào thay Iván Fresneda đã vào vị trí (đã biết tên: Elias Baum; game).
23:38:34 Bản đồ trận: sửa lại người vào sân: người vào thay ? chơi đúng vị trí này.
23:38:34 Bản đồ trận: sửa lại người vào sân: Guille Fernández chơi đúng vị trí này.
23:38:34 Bản đồ trận: sửa lại người vào sân: Guille Fernández chơi đúng vị trí này.
23:38:34 Bản đồ trận: sửa lại người vào sân: người vào thay ? chơi đúng vị trí này.
23:38:38 Bản đồ trận: sửa lại người vào sân: người vào thay ? chơi đúng vị trí này.
23:38:38 Bản đồ trận: người vào thay Franco Mastantuono đã vào vị trí (đã biết tên: Estevão Willian; game).
23:38:38 Bản đồ trận: sửa lại người vào sân: Estevão Willian chơi đúng vị trí này.
23:38:38 Bản đồ trận: người vào thay ? đã vào vị trí (game chưa báo tên; game).
23:38:38 Bản đồ trận: sửa lại người vào sân: người vào thay ? chơi đúng vị trí này.
23:38:38 Bản đồ trận: người vào thay Franco Mastantuono đã vào vị trí (đã biết tên: Estevão Willian; game).
23:38:38 Bản đồ trận: sửa lại người vào sân: Estevão Willian chơi đúng vị trí này.
23:38:38 Bản đồ trận: người vào thay ? đã vào vị trí (game chưa báo tên; game).
23:38:38 Bản đồ trận: sửa lại người vào sân: người vào thay ? chơi đúng vị trí này.
23:38:38 Bản đồ trận: người vào thay Franco Mastantuono đã vào vị trí (đã biết tên: Estevão Willian; game).
23:38:38 Bản đồ trận: sửa lại người vào sân: Estevão Willian chơi đúng vị trí này.
23:38:38 Bản đồ trận: người vào thay ? đã vào vị trí (game chưa báo tên; game).
23:38:38 Bản đồ trận: sửa lại người vào sân: người vào thay ? chơi đúng vị trí này.
23:38:38 Bản đồ trận: người vào thay Franco Mastantuono đã vào vị trí (đã biết tên: Estevão Willian; game).
23:38:38 Bản đồ trận: sửa lại người vào sân: Estevão Willian chơi đúng vị trí này.
23:38:38 Bản đồ trận: người vào thay ? đã vào vị trí (game chưa báo tên; game).
23:38:38 Bản đồ trận: sửa lại người vào sân: người vào thay ? chơi đúng vị trí này.
23:38:38 Bản đồ trận: người vào thay Franco Mastantuono đã vào vị trí (đã biết tên: Estevão Willian; game).
23:38:38 Bản đồ trận: sửa lại người vào sân: Estevão Willian chơi đúng vị trí này.
23:38:38 Bản đồ trận: người vào thay ? đã vào vị trí (game chưa báo tên; game).
23:38:38 Bản đồ trận: sửa lại người vào sân: người vào thay ? chơi đúng vị trí này.
23:38:38 Bản đồ trận: người vào thay Franco Mastantuono đã vào vị trí (đã biết tên: Estevão Willian; game).
23:38:38 Bản đồ trận: sửa lại người vào sân: Estevão Willian chơi đúng vị trí này.
23:38:38 Bản đồ trận: người vào thay ? đã vào vị trí (game chưa báo tên; game).
23:38:38 Bản đồ trận: sửa lại người vào sân: người vào thay ? chơi đúng vị trí này.
23:38:38 Bản đồ trận: người vào thay Franco Mastantuono đã vào vị trí (đã biết tên: Estevão Willian; game).
23:38:38 Bản đồ trận: sửa lại người vào sân: Estevão Willian chơi đúng vị trí này.
23:38:38 Bản đồ trận: người vào thay ? đã vào vị trí (game chưa báo tên; game).
23:38:38 Bản đồ trận: sửa lại người vào sân: người vào thay ? chơi đúng vị trí này.
23:38:38 Bản đồ trận: người vào thay Franco Mastantuono đã vào vị trí (đã biết tên: Estevão Willian; game).
23:38:38 Bản đồ trận: sửa lại người vào sân: Estevão Willian chơi đúng vị trí này.
23:38:38 Bản đồ trận: người vào thay ? đã vào vị trí (game chưa báo tên; game).
23:38:38 Bản đồ trận: sửa lại người vào sân: người vào thay ? chơi đúng vị trí này.
23:38:38 Bản đồ trận: người vào thay Franco Mastantuono đã vào vị trí (đã biết tên: Estevão Willian; game).
23:38:38 Bản đồ trận: sửa lại người vào sân: Estevão Willian chơi đúng vị trí này.
23:38:38 Bản đồ trận: người vào thay ? đã vào vị trí (game chưa báo tên; game).
23:38:38 Bản đồ trận: sửa lại người vào sân: người vào thay ? chơi đúng vị trí này.
23:38:38 Bản đồ trận: người vào thay Franco Mastantuono đã vào vị trí (đã biết tên: Estevão Willian; game).
23:38:38 Bản đồ trận: sửa lại người vào sân: Estevão Willian chơi đúng vị trí này.
23:38:38 Bản đồ trận: người vào thay ? đã vào vị trí (game chưa báo tên; game).
23:38:38 Bản đồ trận: sửa lại người vào sân: người vào thay ? chơi đúng vị trí này.
23:38:38 Bản đồ trận: người vào thay Franco Mastantuono đã vào vị trí (đã biết tên: Estevão Willian; game).
23:38:38 Bản đồ trận: sửa lại người vào sân: Estevão Willian chơi đúng vị trí này.
23:38:38 Bản đồ trận: người vào thay ? đã vào vị trí (game chưa báo tên; game).
23:38:39 Bản đồ trận: sửa lại người vào sân: người vào thay ? chơi đúng vị trí này.
23:38:39 Bản đồ trận: người vào thay Franco Mastantuono đã vào vị trí (đã biết tên: Estevão Willian; game).
23:38:39 Bản đồ trận: sửa lại người vào sân: Estevão Willian chơi đúng vị trí này.
23:38:39 Bản đồ trận: người vào thay ? đã vào vị trí (game chưa báo tên; game).
23:38:39 Bản đồ trận: sửa lại người vào sân: người vào thay ? chơi đúng vị trí này.
23:38:39 Bản đồ trận: người vào thay Franco Mastantuono đã vào vị trí (đã biết tên: Estevão Willian; game).
23:38:39 Bản đồ trận: sửa lại người vào sân: Estevão Willian chơi đúng vị trí này.
23:38:39 Bản đồ trận: người vào thay ? đã vào vị trí (game chưa báo tên; game).
23:38:39 Bản đồ trận: sửa lại người vào sân: người vào thay ? chơi đúng vị trí này.
23:38:39 Bản đồ trận: người vào thay Franco Mastantuono đã vào vị trí (đã biết tên: Estevão Willian; game).
23:38:40 Bản đồ trận: sửa lại người vào sân: Estevão Willian chơi đúng vị trí này.
23:38:40 Bản đồ trận: người vào thay ? đã vào vị trí (game chưa báo tên; game).
23:38:40 Bản đồ trận: sửa lại người vào sân: người vào thay ? chơi đúng vị trí này.
23:38:40 Bản đồ trận: người vào thay Franco Mastantuono đã vào vị trí (đã biết tên: Estevão Willian; game).
23:38:40 Bản đồ trận: sửa lại người vào sân: Estevão Willian chơi đúng vị trí này.
23:38:40 Bản đồ trận: người vào thay ? đã vào vị trí (game chưa báo tên; game).
23:38:43 Bản đồ trận: sửa lại người vào sân: Michael Cooper chơi đúng vị trí này.
23:38:43 Bản đồ trận: người vào thay Ruben van Bommel đã vào vị trí (đã biết tên: Rodrigo Mora; game).
23:38:43 Bản đồ trận: sửa lại người vào sân: Rodrigo Mora chơi đúng vị trí này.
23:38:43 Bản đồ trận: sửa lại người vào sân: Michael Cooper chơi đúng vị trí này.
23:38:43 Bản đồ trận: sửa lại người vào sân: Michael Cooper chơi đúng vị trí này.
23:38:43 Bản đồ trận: người vào thay Ruben van Bommel đã vào vị trí (đã biết tên: Rodrigo Mora; game).
23:38:43 Bản đồ trận: sửa lại người vào sân: Rodrigo Mora chơi đúng vị trí này.
23:38:43 Bản đồ trận: sửa lại người vào sân: Michael Cooper chơi đúng vị trí này.
23:38:43 Bản đồ trận: sửa lại người vào sân: Michael Cooper chơi đúng vị trí này.
23:38:43 Bản đồ trận: người vào thay Ruben van Bommel đã vào vị trí (đã biết tên: Rodrigo Mora; game).
23:38:44 Bản đồ trận: sửa lại người vào sân: Rodrigo Mora chơi đúng vị trí này.
23:38:44 Bản đồ trận: sửa lại người vào sân: Michael Cooper chơi đúng vị trí này.
23:38:44 Bản đồ trận: sửa lại người vào sân: Michael Cooper chơi đúng vị trí này.
23:38:44 Bản đồ trận: người vào thay Ruben van Bommel đã vào vị trí (đã biết tên: Rodrigo Mora; game).
23:38:44 Bản đồ trận: sửa lại người vào sân: Rodrigo Mora chơi đúng vị trí này.
23:38:44 Bản đồ trận: sửa lại người vào sân: Michael Cooper chơi đúng vị trí này.
23:38:44 Bản đồ trận: sửa lại người vào sân: Michael Cooper chơi đúng vị trí này.
23:38:44 Bản đồ trận: người vào thay Ruben van Bommel đã vào vị trí (đã biết tên: Rodrigo Mora; game).
23:38:44 Bản đồ trận: sửa lại người vào sân: Rodrigo Mora chơi đúng vị trí này.
23:38:44 Bản đồ trận: sửa lại người vào sân: Michael Cooper chơi đúng vị trí này.
23:38:44 Bản đồ trận: sửa lại người vào sân: Michael Cooper chơi đúng vị trí này.
23:38:44 Bản đồ trận: người vào thay Ruben van Bommel đã vào vị trí (đã biết tên: Rodrigo Mora; game).
23:38:44 Bản đồ trận: sửa lại người vào sân: Rodrigo Mora chơi đúng vị trí này.
23:38:44 Bản đồ trận: sửa lại người vào sân: Michael Cooper chơi đúng vị trí này.
23:38:44 Bản đồ trận: sửa lại người vào sân: Michael Cooper chơi đúng vị trí này.
23:38:44 Bản đồ trận: người vào thay Ruben van Bommel đã vào vị trí (đã biết tên: Rodrigo Mora; game).
23:38:44 Bản đồ trận: sửa lại người vào sân: Rodrigo Mora chơi đúng vị trí này.
23:38:44 Bản đồ trận: sửa lại người vào sân: Michael Cooper chơi đúng vị trí này.
23:38:44 Bản đồ trận: sửa lại người vào sân: Michael Cooper chơi đúng vị trí này.
23:38:44 Bản đồ trận: người vào thay Ruben van Bommel đã vào vị trí (đã biết tên: Rodrigo Mora; game).
23:38:44 Bản đồ trận: sửa lại người vào sân: Rodrigo Mora chơi đúng vị trí này.
23:38:44 Bản đồ trận: sửa lại người vào sân: Michael Cooper chơi đúng vị trí này.
23:38:44 Bản đồ trận: sửa lại người vào sân: Michael Cooper chơi đúng vị trí này.
23:38:44 Bản đồ trận: người vào thay Ruben van Bommel đã vào vị trí (đã biết tên: Rodrigo Mora; game).
23:38:44 Bản đồ trận: sửa lại người vào sân: Rodrigo Mora chơi đúng vị trí này.
23:38:44 Bản đồ trận: sửa lại người vào sân: Michael Cooper chơi đúng vị trí này.
23:38:44 Bản đồ trận: sửa lại người vào sân: Michael Cooper chơi đúng vị trí này.
23:38:44 Bản đồ trận: người vào thay Ruben van Bommel đã vào vị trí (đã biết tên: Rodrigo Mora; game).
23:38:44 Bản đồ trận: sửa lại người vào sân: Rodrigo Mora chơi đúng vị trí này.
23:38:44 Bản đồ trận: sửa lại người vào sân: Michael Cooper chơi đúng vị trí này.
23:38:46 Bản đồ trận: sửa lại người vào sân: Rasmus Højlund chơi đúng vị trí này.
23:38:46 Bản đồ trận: người vào thay Ruben van Bommel đã vào vị trí (đã biết tên: Rodrigo Mora; game).
23:38:46 Bản đồ trận: sửa lại người vào sân: Rodrigo Mora chơi đúng vị trí này.
23:38:46 Bản đồ trận: sửa lại người vào sân: Rasmus Højlund chơi đúng vị trí này.
23:38:46 Bản đồ trận: sửa lại người vào sân: Rasmus Højlund chơi đúng vị trí này.
23:38:46 Bản đồ trận: người vào thay Ruben van Bommel đã vào vị trí (đã biết tên: Rodrigo Mora; game).
23:38:46 Bản đồ trận: sửa lại người vào sân: Rodrigo Mora chơi đúng vị trí này.
23:38:46 Bản đồ trận: sửa lại người vào sân: Rasmus Højlund chơi đúng vị trí này.
23:38:46 Bản đồ trận: sửa lại người vào sân: Rasmus Højlund chơi đúng vị trí này.
23:38:46 Bản đồ trận: người vào thay Ruben van Bommel đã vào vị trí (đã biết tên: Rodrigo Mora; game).
23:38:46 Bản đồ trận: sửa lại người vào sân: Rodrigo Mora chơi đúng vị trí này.
23:38:46 Bản đồ trận: sửa lại người vào sân: Rasmus Højlund chơi đúng vị trí này.
23:38:46 Bản đồ trận: sửa lại người vào sân: Rasmus Højlund chơi đúng vị trí này.
23:38:46 Bản đồ trận: người vào thay Ruben van Bommel đã vào vị trí (đã biết tên: Rodrigo Mora; game).
23:38:46 Bản đồ trận: sửa lại người vào sân: Rodrigo Mora chơi đúng vị trí này.
23:38:46 Bản đồ trận: sửa lại người vào sân: Rasmus Højlund chơi đúng vị trí này.
23:38:46 Bản đồ trận: sửa lại người vào sân: Rasmus Højlund chơi đúng vị trí này.
23:38:46 Bản đồ trận: người vào thay Ruben van Bommel đã vào vị trí (đã biết tên: Rodrigo Mora; game).
23:38:46 Bản đồ trận: sửa lại người vào sân: Rodrigo Mora chơi đúng vị trí này.
23:38:46 Bản đồ trận: sửa lại người vào sân: Rasmus Højlund chơi đúng vị trí này.
23:38:46 Bản đồ trận: sửa lại người vào sân: Rasmus Højlund chơi đúng vị trí này.
23:38:46 Bản đồ trận: người vào thay Ruben van Bommel đã vào vị trí (đã biết tên: Rodrigo Mora; game).
23:38:46 Bản đồ trận: sửa lại người vào sân: Rodrigo Mora chơi đúng vị trí này.
23:38:46 Bản đồ trận: sửa lại người vào sân: Rasmus Højlund chơi đúng vị trí này.
23:38:46 Bản đồ trận: sửa lại người vào sân: Rasmus Højlund chơi đúng vị trí này.
23:38:46 Bản đồ trận: người vào thay Ruben van Bommel đã vào vị trí (đã biết tên: Rodrigo Mora; game).
23:38:46 Bản đồ trận: sửa lại người vào sân: Rodrigo Mora chơi đúng vị trí này.
23:38:46 Bản đồ trận: sửa lại người vào sân: Rasmus Højlund chơi đúng vị trí này.
23:38:46 Bản đồ trận: sửa lại người vào sân: Rasmus Højlund chơi đúng vị trí này.
23:38:46 Bản đồ trận: người vào thay Ruben van Bommel đã vào vị trí (đã biết tên: Rodrigo Mora; game).
23:38:46 Bản đồ trận: sửa lại người vào sân: Rodrigo Mora chơi đúng vị trí này.
23:38:46 Bản đồ trận: sửa lại người vào sân: Rasmus Højlund chơi đúng vị trí này.
23:38:46 Bản đồ trận: sửa lại người vào sân: Rasmus Højlund chơi đúng vị trí này.
23:38:46 Bản đồ trận: người vào thay Ruben van Bommel đã vào vị trí (đã biết tên: Rodrigo Mora; game).
23:38:46 Bản đồ trận: sửa lại người vào sân: Rodrigo Mora chơi đúng vị trí này.
23:38:46 Bản đồ trận: sửa lại người vào sân: Rasmus Højlund chơi đúng vị trí này.
23:38:46 Bản đồ trận: sửa lại người vào sân: Rasmus Højlund chơi đúng vị trí này.
23:38:46 Bản đồ trận: người vào thay Ruben van Bommel đã vào vị trí (đã biết tên: Rodrigo Mora; game).
23:38:46 Bản đồ trận: sửa lại người vào sân: Rodrigo Mora chơi đúng vị trí này.
23:38:46 Bản đồ trận: sửa lại người vào sân: Rasmus Højlund chơi đúng vị trí này.
23:38:46 Bản đồ trận: sửa lại người vào sân: Rasmus Højlund chơi đúng vị trí này.
23:38:46 Bản đồ trận: người vào thay Ruben van Bommel đã vào vị trí (đã biết tên: Rodrigo Mora; game).
23:38:46 Bản đồ trận: sửa lại người vào sân: Rodrigo Mora chơi đúng vị trí này.
23:38:46 Bản đồ trận: sửa lại người vào sân: Rasmus Højlund chơi đúng vị trí này.
23:38:46 Bản đồ trận: sửa lại người vào sân: Rasmus Højlund chơi đúng vị trí này.
23:38:46 Bản đồ trận: người vào thay Ruben van Bommel đã vào vị trí (đã biết tên: Rodrigo Mora; game).
23:38:46 Bản đồ trận: sửa lại người vào sân: Rodrigo Mora chơi đúng vị trí này.
23:38:46 Bản đồ trận: sửa lại người vào sân: Rasmus Højlund chơi đúng vị trí này.
23:38:46 Bản đồ trận: sửa lại người vào sân: Rasmus Højlund chơi đúng vị trí này.
23:38:46 Bản đồ trận: người vào thay Ruben van Bommel đã vào vị trí (đã biết tên: Rodrigo Mora; game).
23:38:46 Bản đồ trận: sửa lại người vào sân: Rodrigo Mora chơi đúng vị trí này.
23:38:46 Bản đồ trận: sửa lại người vào sân: Rasmus Højlund chơi đúng vị trí này.
23:38:46 Bản đồ trận: sửa lại người vào sân: Rasmus Højlund chơi đúng vị trí này.
23:38:46 Bản đồ trận: người vào thay Ruben van Bommel đã vào vị trí (đã biết tên: Rodrigo Mora; game).
23:38:46 Bản đồ trận: sửa lại người vào sân: Rodrigo Mora chơi đúng vị trí này.
23:38:46 Bản đồ trận: sửa lại người vào sân: Rasmus Højlund chơi đúng vị trí này.
23:38:47 Bản đồ trận: sửa lại người vào sân: Rasmus Højlund chơi đúng vị trí này.
23:38:47 Bản đồ trận: người vào thay Ruben van Bommel đã vào vị trí (đã biết tên: Rodrigo Mora; game).
23:38:47 Bản đồ trận: sửa lại người vào sân: Rodrigo Mora chơi đúng vị trí này.
23:38:47 Bản đồ trận: sửa lại người vào sân: Rasmus Højlund chơi đúng vị trí này.
23:38:47 Bản đồ trận: sửa lại người vào sân: Rasmus Højlund chơi đúng vị trí này.
23:38:47 Bản đồ trận: người vào thay Ruben van Bommel đã vào vị trí (đã biết tên: Rodrigo Mora; game).
23:38:47 Bản đồ trận: sửa lại người vào sân: Rodrigo Mora chơi đúng vị trí này.
23:38:47 Bản đồ trận: sửa lại người vào sân: Rasmus Højlund chơi đúng vị trí này.
23:38:47 Bản đồ trận: sửa lại người vào sân: Rasmus Højlund chơi đúng vị trí này.
23:38:47 Bản đồ trận: người vào thay Ruben van Bommel đã vào vị trí (đã biết tên: Rodrigo Mora; game).
23:38:47 Bản đồ trận: sửa lại người vào sân: Rodrigo Mora chơi đúng vị trí này.
23:38:47 Bản đồ trận: sửa lại người vào sân: Rasmus Højlund chơi đúng vị trí này.
23:38:47 Bản đồ trận: sửa lại người vào sân: Rasmus Højlund chơi đúng vị trí này.
23:38:47 Bản đồ trận: người vào thay Ruben van Bommel đã vào vị trí (đã biết tên: Rodrigo Mora; game).
23:38:47 Bản đồ trận: sửa lại người vào sân: Rodrigo Mora chơi đúng vị trí này.
23:38:47 Bản đồ trận: sửa lại người vào sân: Rasmus Højlund chơi đúng vị trí này.
23:38:47 Bản đồ trận: sửa lại người vào sân: Rasmus Højlund chơi đúng vị trí này.
23:38:47 Bản đồ trận: người vào thay Ruben van Bommel đã vào vị trí (đã biết tên: Rodrigo Mora; game).
23:38:47 Bản đồ trận: sửa lại người vào sân: Rodrigo Mora chơi đúng vị trí này.
23:38:47 Bản đồ trận: sửa lại người vào sân: Rasmus Højlund chơi đúng vị trí này.
23:38:47 Bản đồ trận: sửa lại người vào sân: Rasmus Højlund chơi đúng vị trí này.
23:38:47 Bản đồ trận: người vào thay Ruben van Bommel đã vào vị trí (đã biết tên: Rodrigo Mora; game).
23:38:47 Bản đồ trận: sửa lại người vào sân: Rodrigo Mora chơi đúng vị trí này.
23:38:47 Bản đồ trận: sửa lại người vào sân: Rasmus Højlund chơi đúng vị trí này.
23:38:47 Bản đồ trận: sửa lại người vào sân: Rasmus Højlund chơi đúng vị trí này.
23:38:47 Bản đồ trận: người vào thay Ruben van Bommel đã vào vị trí (đã biết tên: Rodrigo Mora; game).
23:38:47 Bản đồ trận: sửa lại người vào sân: Rodrigo Mora chơi đúng vị trí này.
23:38:47 Bản đồ trận: sửa lại người vào sân: Rasmus Højlund chơi đúng vị trí này.
23:38:47 Bản đồ trận: sửa lại người vào sân: Rasmus Højlund chơi đúng vị trí này.
23:38:47 Bản đồ trận: người vào thay Ruben van Bommel đã vào vị trí (đã biết tên: Rodrigo Mora; game).
23:38:47 Bản đồ trận: sửa lại người vào sân: Rodrigo Mora chơi đúng vị trí này.
23:38:47 Bản đồ trận: sửa lại người vào sân: Rasmus Højlund chơi đúng vị trí này.
23:38:47 Bản đồ trận: sửa lại người vào sân: Rasmus Højlund chơi đúng vị trí này.
23:38:47 Bản đồ trận: người vào thay Ruben van Bommel đã vào vị trí (đã biết tên: Rodrigo Mora; game).
23:38:47 Bản đồ trận: sửa lại người vào sân: Rodrigo Mora chơi đúng vị trí này.
23:38:47 Bản đồ trận: sửa lại người vào sân: Rasmus Højlund chơi đúng vị trí này.
23:38:47 Bản đồ trận: sửa lại người vào sân: Rasmus Højlund chơi đúng vị trí này.
23:38:47 Bản đồ trận: người vào thay Ruben van Bommel đã vào vị trí (đã biết tên: Rodrigo Mora; game).
23:38:47 Bản đồ trận: sửa lại người vào sân: Rodrigo Mora chơi đúng vị trí này.
23:38:47 Bản đồ trận: sửa lại người vào sân: Rasmus Højlund chơi đúng vị trí này.
23:38:47 Bản đồ trận: sửa lại người vào sân: Rasmus Højlund chơi đúng vị trí này.
23:38:47 Bản đồ trận: người vào thay Ruben van Bommel đã vào vị trí (đã biết tên: Rodrigo Mora; game).
23:38:47 Bản đồ trận: sửa lại người vào sân: Rodrigo Mora chơi đúng vị trí này.
23:38:47 Bản đồ trận: sửa lại người vào sân: Rasmus Højlund chơi đúng vị trí này.
23:38:47 Bản đồ trận: sửa lại người vào sân: Rasmus Højlund chơi đúng vị trí này.
23:38:47 Bản đồ trận: người vào thay Ruben van Bommel đã vào vị trí (đã biết tên: Rodrigo Mora; game).
23:38:47 Bản đồ trận: sửa lại người vào sân: Rodrigo Mora chơi đúng vị trí này.
23:38:47 Bản đồ trận: sửa lại người vào sân: Rasmus Højlund chơi đúng vị trí này.
23:38:47 Bản đồ trận: sửa lại người vào sân: Rasmus Højlund chơi đúng vị trí này.
23:38:47 Bản đồ trận: người vào thay Ruben van Bommel đã vào vị trí (đã biết tên: Rodrigo Mora; game).
23:38:47 Bản đồ trận: sửa lại người vào sân: Rodrigo Mora chơi đúng vị trí này.
23:38:47 Bản đồ trận: sửa lại người vào sân: Rasmus Højlund chơi đúng vị trí này.
23:38:47 Bản đồ trận: sửa lại người vào sân: Rasmus Højlund chơi đúng vị trí này.
23:38:47 Bản đồ trận: người vào thay Ruben van Bommel đã vào vị trí (đã biết tên: Rodrigo Mora; game).
23:38:47 Bản đồ trận: sửa lại người vào sân: Rodrigo Mora chơi đúng vị trí này.
23:38:47 Bản đồ trận: sửa lại người vào sân: Rasmus Højlund chơi đúng vị trí này.
23:38:50 Bản đồ trận: sửa lại người vào sân: Michael Cooper chơi đúng vị trí này.
23:38:50 Bản đồ trận: sửa lại người vào sân: Jamie Shackleton chơi đúng vị trí này.
23:38:51 Bản đồ trận: sửa lại người vào sân: Jamie Shackleton chơi đúng vị trí này.
23:38:51 Bản đồ trận: người vào thay Joaquin Seys đã vào vị trí (đã biết tên: Myles Lewis-Skelly; game).
23:38:51 Bản đồ trận: người vào thay Harrison Burrows đã vào vị trí (đã biết tên: Tyrese Campbell; sure).
23:38:51 Bản đồ trận: sửa lại người vào sân: Myles Lewis-Skelly chơi đúng vị trí này.
23:38:51 Bản đồ trận: sửa lại người vào sân: Michael Cooper chơi đúng vị trí này.
23:38:51 Bản đồ trận: sửa lại người vào sân: Myles Lewis-Skelly chơi đúng vị trí này.
23:38:51 Bản đồ trận: sửa lại người vào sân: Jamie Shackleton chơi đúng vị trí này.
23:38:54 Bản đồ trận: Đối thủ: Tyrese Campbell rời sân 83'. (gone)
23:38:55 Bản đồ trận: Đối thủ: Patrick Bamford rời sân 83'. (gone)
23:38:57 Bản đồ trận: người vào thay Patrick Bamford đã vào vị trí (game chưa báo tên; game).
23:38:58 Bản đồ trận: sửa lại người vào sân: người vào thay ? chơi đúng vị trí này.
23:38:58 Bản đồ trận: người vào thay Franco Mastantuono đã vào vị trí (đã biết tên: Estevão Willian; game).
23:38:58 Bản đồ trận: sửa lại người vào sân: Estevão Willian chơi đúng vị trí này.
23:38:58 Bản đồ trận: người vào thay ? đã vào vị trí (game chưa báo tên; game).
23:38:58 Bản đồ trận: sửa lại người vào sân: người vào thay ? chơi đúng vị trí này.
23:38:58 Bản đồ trận: người vào thay Franco Mastantuono đã vào vị trí (đã biết tên: Estevão Willian; game).
23:38:59 Bản đồ trận: sửa lại người vào sân: Estevão Willian chơi đúng vị trí này.
23:38:59 Bản đồ trận: người vào thay ? đã vào vị trí (game chưa báo tên; game).
23:38:59 Bản đồ trận: sửa lại người vào sân: người vào thay ? chơi đúng vị trí này.
23:38:59 Bản đồ trận: người vào thay Franco Mastantuono đã vào vị trí (đã biết tên: Estevão Willian; game).
23:38:59 Bản đồ trận: sửa lại người vào sân: Estevão Willian chơi đúng vị trí này.
23:38:59 Bản đồ trận: người vào thay ? đã vào vị trí (game chưa báo tên; game).
23:38:59 Bản đồ trận: sửa lại người vào sân: người vào thay ? chơi đúng vị trí này.
23:38:59 Bản đồ trận: người vào thay Franco Mastantuono đã vào vị trí (đã biết tên: Estevão Willian; game).
23:38:59 Bản đồ trận: sửa lại người vào sân: Estevão Willian chơi đúng vị trí này.
23:38:59 Bản đồ trận: người vào thay ? đã vào vị trí (game chưa báo tên; game).
23:38:59 Bản đồ trận: sửa lại người vào sân: người vào thay ? chơi đúng vị trí này.
23:38:59 Bản đồ trận: người vào thay Franco Mastantuono đã vào vị trí (đã biết tên: Estevão Willian; game).
23:38:59 Bản đồ trận: sửa lại người vào sân: Estevão Willian chơi đúng vị trí này.
23:38:59 Bản đồ trận: người vào thay ? đã vào vị trí (game chưa báo tên; game).
23:38:59 Bản đồ trận: sửa lại người vào sân: người vào thay ? chơi đúng vị trí này.
23:38:59 Bản đồ trận: người vào thay Franco Mastantuono đã vào vị trí (đã biết tên: Estevão Willian; game).
23:38:59 Bản đồ trận: sửa lại người vào sân: Estevão Willian chơi đúng vị trí này.
23:38:59 Bản đồ trận: người vào thay ? đã vào vị trí (game chưa báo tên; game).
23:38:59 Bản đồ trận: sửa lại người vào sân: người vào thay ? chơi đúng vị trí này.
23:38:59 Bản đồ trận: người vào thay Franco Mastantuono đã vào vị trí (đã biết tên: Estevão Willian; game).
23:38:59 Bản đồ trận: sửa lại người vào sân: Estevão Willian chơi đúng vị trí này.
23:38:59 Bản đồ trận: người vào thay ? đã vào vị trí (game chưa báo tên; game).
23:38:59 Bản đồ trận: sửa lại người vào sân: người vào thay ? chơi đúng vị trí này.
23:38:59 Bản đồ trận: người vào thay Franco Mastantuono đã vào vị trí (đã biết tên: Estevão Willian; game).
23:38:59 Bản đồ trận: sửa lại người vào sân: Estevão Willian chơi đúng vị trí này.
23:38:59 Bản đồ trận: người vào thay ? đã vào vị trí (game chưa báo tên; game).
23:38:59 Bản đồ trận: sửa lại người vào sân: người vào thay ? chơi đúng vị trí này.
23:38:59 Bản đồ trận: người vào thay Franco Mastantuono đã vào vị trí (đã biết tên: Estevão Willian; game).
23:38:59 Bản đồ trận: sửa lại người vào sân: Estevão Willian chơi đúng vị trí này.
23:38:59 Bản đồ trận: người vào thay ? đã vào vị trí (game chưa báo tên; game).
23:38:59 Bản đồ trận: sửa lại người vào sân: người vào thay ? chơi đúng vị trí này.
23:38:59 Bản đồ trận: người vào thay Franco Mastantuono đã vào vị trí (đã biết tên: Estevão Willian; game).
23:38:59 Bản đồ trận: sửa lại người vào sân: Estevão Willian chơi đúng vị trí này.
23:38:59 Bản đồ trận: người vào thay ? đã vào vị trí (game chưa báo tên; game).
23:38:59 Bản đồ trận: sửa lại người vào sân: người vào thay ? chơi đúng vị trí này.
23:38:59 Bản đồ trận: người vào thay Franco Mastantuono đã vào vị trí (đã biết tên: Estevão Willian; game).
23:38:59 Bản đồ trận: sửa lại người vào sân: Estevão Willian chơi đúng vị trí này.
23:38:59 Bản đồ trận: người vào thay ? đã vào vị trí (game chưa báo tên; game).
23:38:59 Bản đồ trận: sửa lại người vào sân: người vào thay ? chơi đúng vị trí này.
23:38:59 Bản đồ trận: người vào thay Franco Mastantuono đã vào vị trí (đã biết tên: Estevão Willian; game).
23:38:59 Bản đồ trận: sửa lại người vào sân: Estevão Willian chơi đúng vị trí này.
23:38:59 Bản đồ trận: người vào thay ? đã vào vị trí (game chưa báo tên; game).
23:38:59 Bản đồ trận: sửa lại người vào sân: người vào thay ? chơi đúng vị trí này.
23:38:59 Bản đồ trận: người vào thay Franco Mastantuono đã vào vị trí (đã biết tên: Estevão Willian; game).
23:38:59 Bản đồ trận: sửa lại người vào sân: Estevão Willian chơi đúng vị trí này.
23:38:59 Bản đồ trận: người vào thay ? đã vào vị trí (game chưa báo tên; game).
23:38:59 Bản đồ trận: sửa lại người vào sân: người vào thay ? chơi đúng vị trí này.
23:38:59 Bản đồ trận: người vào thay Franco Mastantuono đã vào vị trí (đã biết tên: Estevão Willian; game).
23:38:59 Bản đồ trận: sửa lại người vào sân: Estevão Willian chơi đúng vị trí này.
23:38:59 Bản đồ trận: người vào thay ? đã vào vị trí (game chưa báo tên; game).
23:38:59 Bản đồ trận: sửa lại người vào sân: người vào thay ? chơi đúng vị trí này.
23:38:59 Bản đồ trận: người vào thay Franco Mastantuono đã vào vị trí (đã biết tên: Estevão Willian; game).
23:38:59 Bản đồ trận: sửa lại người vào sân: Estevão Willian chơi đúng vị trí này.
23:38:59 Bản đồ trận: người vào thay ? đã vào vị trí (game chưa báo tên; game).
23:38:59 Bản đồ trận: sửa lại người vào sân: người vào thay ? chơi đúng vị trí này.
23:38:59 Bản đồ trận: người vào thay Franco Mastantuono đã vào vị trí (đã biết tên: Estevão Willian; game).
23:39:00 Bản đồ trận: sửa lại người vào sân: Estevão Willian chơi đúng vị trí này.
23:39:00 Bản đồ trận: người vào thay ? đã vào vị trí (game chưa báo tên; game).
23:39:00 Bản đồ trận: sửa lại người vào sân: người vào thay ? chơi đúng vị trí này.
23:39:00 Bản đồ trận: người vào thay Franco Mastantuono đã vào vị trí (đã biết tên: Estevão Willian; game).
23:39:00 Bản đồ trận: sửa lại người vào sân: Estevão Willian chơi đúng vị trí này.
23:39:00 Bản đồ trận: người vào thay ? đã vào vị trí (game chưa báo tên; game).
23:39:00 Bản đồ trận: sửa lại người vào sân: người vào thay ? chơi đúng vị trí này.
23:39:00 Bản đồ trận: người vào thay Franco Mastantuono đã vào vị trí (đã biết tên: Estevão Willian; game).
23:39:00 Bản đồ trận: sửa lại người vào sân: Estevão Willian chơi đúng vị trí này.
23:39:00 Bản đồ trận: người vào thay ? đã vào vị trí (game chưa báo tên; game).
23:39:00 Bản đồ trận: sửa lại người vào sân: người vào thay ? chơi đúng vị trí này.
23:39:00 Bản đồ trận: người vào thay Franco Mastantuono đã vào vị trí (đã biết tên: Estevão Willian; game).
23:39:00 Bản đồ trận: sửa lại người vào sân: Estevão Willian chơi đúng vị trí này.
23:39:00 Bản đồ trận: người vào thay ? đã vào vị trí (game chưa báo tên; game).
23:39:00 Bản đồ trận: sửa lại người vào sân: người vào thay ? chơi đúng vị trí này.
23:39:00 Bản đồ trận: người vào thay Franco Mastantuono đã vào vị trí (đã biết tên: Estevão Willian; game).
23:39:00 Bản đồ trận: sửa lại người vào sân: Estevão Willian chơi đúng vị trí này.
23:39:00 Bản đồ trận: người vào thay ? đã vào vị trí (game chưa báo tên; game).
23:39:00 Bản đồ trận: sửa lại người vào sân: người vào thay ? chơi đúng vị trí này.
23:39:00 Bản đồ trận: người vào thay Franco Mastantuono đã vào vị trí (đã biết tên: Estevão Willian; game).
23:39:00 Bản đồ trận: sửa lại người vào sân: Estevão Willian chơi đúng vị trí này.
23:39:00 Bản đồ trận: người vào thay ? đã vào vị trí (game chưa báo tên; game).
23:39:00 Bản đồ trận: sửa lại người vào sân: người vào thay ? chơi đúng vị trí này.
23:39:00 Bản đồ trận: người vào thay Franco Mastantuono đã vào vị trí (đã biết tên: Estevão Willian; game).
23:39:00 Bản đồ trận: sửa lại người vào sân: Estevão Willian chơi đúng vị trí này.
23:39:00 Bản đồ trận: người vào thay ? đã vào vị trí (game chưa báo tên; game).
23:39:00 Bản đồ trận: sửa lại người vào sân: người vào thay ? chơi đúng vị trí này.
23:39:00 Bản đồ trận: người vào thay Franco Mastantuono đã vào vị trí (đã biết tên: Estevão Willian; game).
23:39:00 Bản đồ trận: sửa lại người vào sân: Estevão Willian chơi đúng vị trí này.
23:39:00 Bản đồ trận: người vào thay ? đã vào vị trí (game chưa báo tên; game).
23:39:00 Bản đồ trận: sửa lại người vào sân: người vào thay ? chơi đúng vị trí này.
23:39:00 Bản đồ trận: người vào thay Franco Mastantuono đã vào vị trí (đã biết tên: Estevão Willian; game).
23:39:00 Bản đồ trận: sửa lại người vào sân: Estevão Willian chơi đúng vị trí này.
23:39:00 Bản đồ trận: người vào thay ? đã vào vị trí (game chưa báo tên; game).
23:39:00 Bản đồ trận: sửa lại người vào sân: người vào thay ? chơi đúng vị trí này.
23:39:00 Bản đồ trận: người vào thay Franco Mastantuono đã vào vị trí (đã biết tên: Estevão Willian; game).
23:39:00 Bản đồ trận: sửa lại người vào sân: Estevão Willian chơi đúng vị trí này.
23:39:00 Bản đồ trận: người vào thay ? đã vào vị trí (game chưa báo tên; game).
23:39:15 Bản đồ trận: sửa lại người vào sân: Chiedozie Ogbene chơi đúng vị trí này.
23:39:15 Bản đồ trận: người vào thay Joaquin Seys đã vào vị trí (đã biết tên: Myles Lewis-Skelly; game).
23:39:15 Bản đồ trận: sửa lại người vào sân: Myles Lewis-Skelly chơi đúng vị trí này.
23:39:15 Bản đồ trận: sửa lại người vào sân: Chiedozie Ogbene chơi đúng vị trí này.
23:39:15 Bản đồ trận: sửa lại người vào sân: Chiedozie Ogbene chơi đúng vị trí này.
23:39:15 Bản đồ trận: người vào thay Joaquin Seys đã vào vị trí (đã biết tên: Myles Lewis-Skelly; game).
23:39:15 Bản đồ trận: sửa lại người vào sân: Myles Lewis-Skelly chơi đúng vị trí này.
23:39:15 Bản đồ trận: sửa lại người vào sân: Chiedozie Ogbene chơi đúng vị trí này.
23:39:15 Bản đồ trận: sửa lại người vào sân: Chiedozie Ogbene chơi đúng vị trí này.
23:39:15 Bản đồ trận: người vào thay Joaquin Seys đã vào vị trí (đã biết tên: Myles Lewis-Skelly; game).
23:39:15 Bản đồ trận: sửa lại người vào sân: Myles Lewis-Skelly chơi đúng vị trí này.
23:39:15 Bản đồ trận: sửa lại người vào sân: Chiedozie Ogbene chơi đúng vị trí này.
23:39:15 Bản đồ trận: sửa lại người vào sân: Chiedozie Ogbene chơi đúng vị trí này.
23:39:15 Bản đồ trận: người vào thay Joaquin Seys đã vào vị trí (đã biết tên: Myles Lewis-Skelly; game).
23:39:15 Bản đồ trận: sửa lại người vào sân: Myles Lewis-Skelly chơi đúng vị trí này.
23:39:15 Bản đồ trận: sửa lại người vào sân: Chiedozie Ogbene chơi đúng vị trí này.
23:39:15 Bản đồ trận: sửa lại người vào sân: Chiedozie Ogbene chơi đúng vị trí này.
23:39:15 Bản đồ trận: người vào thay Joaquin Seys đã vào vị trí (đã biết tên: Myles Lewis-Skelly; game).
23:39:15 Bản đồ trận: sửa lại người vào sân: Myles Lewis-Skelly chơi đúng vị trí này.
23:39:15 Bản đồ trận: sửa lại người vào sân: Chiedozie Ogbene chơi đúng vị trí này.
23:39:15 Bản đồ trận: sửa lại người vào sân: Chiedozie Ogbene chơi đúng vị trí này.
23:39:15 Bản đồ trận: người vào thay Joaquin Seys đã vào vị trí (đã biết tên: Myles Lewis-Skelly; game).
23:39:15 Bản đồ trận: sửa lại người vào sân: Myles Lewis-Skelly chơi đúng vị trí này.
23:39:15 Bản đồ trận: sửa lại người vào sân: Chiedozie Ogbene chơi đúng vị trí này.
23:39:15 Bản đồ trận: sửa lại người vào sân: Chiedozie Ogbene chơi đúng vị trí này.
23:39:15 Bản đồ trận: người vào thay Joaquin Seys đã vào vị trí (đã biết tên: Myles Lewis-Skelly; game).
23:39:15 Bản đồ trận: sửa lại người vào sân: Myles Lewis-Skelly chơi đúng vị trí này.
23:39:15 Bản đồ trận: sửa lại người vào sân: Chiedozie Ogbene chơi đúng vị trí này.
23:39:15 Bản đồ trận: sửa lại người vào sân: Chiedozie Ogbene chơi đúng vị trí này.
23:39:15 Bản đồ trận: người vào thay Joaquin Seys đã vào vị trí (đã biết tên: Myles Lewis-Skelly; game).
23:39:15 Bản đồ trận: sửa lại người vào sân: Myles Lewis-Skelly chơi đúng vị trí này.
23:39:15 Bản đồ trận: sửa lại người vào sân: Chiedozie Ogbene chơi đúng vị trí này.
23:39:15 Bản đồ trận: sửa lại người vào sân: Chiedozie Ogbene chơi đúng vị trí này.
23:39:15 Bản đồ trận: người vào thay Joaquin Seys đã vào vị trí (đã biết tên: Myles Lewis-Skelly; game).
23:39:15 Bản đồ trận: sửa lại người vào sân: Myles Lewis-Skelly chơi đúng vị trí này.
23:39:15 Bản đồ trận: sửa lại người vào sân: Chiedozie Ogbene chơi đúng vị trí này.
23:39:15 Bản đồ trận: sửa lại người vào sân: Chiedozie Ogbene chơi đúng vị trí này.
23:39:15 Bản đồ trận: người vào thay Joaquin Seys đã vào vị trí (đã biết tên: Myles Lewis-Skelly; game).
23:39:15 Bản đồ trận: sửa lại người vào sân: Myles Lewis-Skelly chơi đúng vị trí này.
23:39:15 Bản đồ trận: sửa lại người vào sân: Chiedozie Ogbene chơi đúng vị trí này.
23:39:15 Bản đồ trận: sửa lại người vào sân: Chiedozie Ogbene chơi đúng vị trí này.
23:39:15 Bản đồ trận: người vào thay Joaquin Seys đã vào vị trí (đã biết tên: Myles Lewis-Skelly; game).
23:39:15 Bản đồ trận: sửa lại người vào sân: Myles Lewis-Skelly chơi đúng vị trí này.
23:39:15 Bản đồ trận: sửa lại người vào sân: Chiedozie Ogbene chơi đúng vị trí này.
23:39:15 Bản đồ trận: sửa lại người vào sân: Chiedozie Ogbene chơi đúng vị trí này.
23:39:15 Bản đồ trận: người vào thay Joaquin Seys đã vào vị trí (đã biết tên: Myles Lewis-Skelly; game).
23:39:16 Bản đồ trận: sửa lại người vào sân: Myles Lewis-Skelly chơi đúng vị trí này.
23:39:16 Bản đồ trận: sửa lại người vào sân: Chiedozie Ogbene chơi đúng vị trí này.
23:39:16 Bản đồ trận: sửa lại người vào sân: Chiedozie Ogbene chơi đúng vị trí này.
23:39:16 Bản đồ trận: người vào thay Joaquin Seys đã vào vị trí (đã biết tên: Myles Lewis-Skelly; game).
23:39:16 Bản đồ trận: sửa lại người vào sân: Myles Lewis-Skelly chơi đúng vị trí này.
23:39:16 Bản đồ trận: sửa lại người vào sân: Chiedozie Ogbene chơi đúng vị trí này.
23:39:16 Bản đồ trận: sửa lại người vào sân: Chiedozie Ogbene chơi đúng vị trí này.
23:39:16 Bản đồ trận: người vào thay Joaquin Seys đã vào vị trí (đã biết tên: Myles Lewis-Skelly; game).
23:39:16 Bản đồ trận: sửa lại người vào sân: Myles Lewis-Skelly chơi đúng vị trí này.
23:39:16 Bản đồ trận: sửa lại người vào sân: Chiedozie Ogbene chơi đúng vị trí này.
23:39:16 Bản đồ trận: sửa lại người vào sân: Chiedozie Ogbene chơi đúng vị trí này.
23:39:16 Bản đồ trận: người vào thay Joaquin Seys đã vào vị trí (đã biết tên: Myles Lewis-Skelly; game).
23:39:16 Bản đồ trận: sửa lại người vào sân: Myles Lewis-Skelly chơi đúng vị trí này.
23:39:16 Bản đồ trận: sửa lại người vào sân: Chiedozie Ogbene chơi đúng vị trí này.
23:39:16 Bản đồ trận: sửa lại người vào sân: Chiedozie Ogbene chơi đúng vị trí này.
23:39:16 Bản đồ trận: người vào thay Joaquin Seys đã vào vị trí (đã biết tên: Myles Lewis-Skelly; game).
23:39:16 Bản đồ trận: sửa lại người vào sân: Myles Lewis-Skelly chơi đúng vị trí này.
23:39:16 Bản đồ trận: sửa lại người vào sân: Chiedozie Ogbene chơi đúng vị trí này.
23:39:16 Bản đồ trận: sửa lại người vào sân: Chiedozie Ogbene chơi đúng vị trí này.
23:39:16 Bản đồ trận: người vào thay Joaquin Seys đã vào vị trí (đã biết tên: Myles Lewis-Skelly; game).
23:39:16 Bản đồ trận: sửa lại người vào sân: Myles Lewis-Skelly chơi đúng vị trí này.
23:39:16 Bản đồ trận: sửa lại người vào sân: Chiedozie Ogbene chơi đúng vị trí này.
23:39:16 Bản đồ trận: sửa lại người vào sân: Chiedozie Ogbene chơi đúng vị trí này.
23:39:16 Bản đồ trận: người vào thay Joaquin Seys đã vào vị trí (đã biết tên: Myles Lewis-Skelly; game).
23:39:16 Bản đồ trận: sửa lại người vào sân: Myles Lewis-Skelly chơi đúng vị trí này.
23:39:16 Bản đồ trận: sửa lại người vào sân: Chiedozie Ogbene chơi đúng vị trí này.
23:39:16 Bản đồ trận: sửa lại người vào sân: Chiedozie Ogbene chơi đúng vị trí này.
23:39:16 Bản đồ trận: người vào thay Joaquin Seys đã vào vị trí (đã biết tên: Myles Lewis-Skelly; game).
23:39:16 Bản đồ trận: sửa lại người vào sân: Myles Lewis-Skelly chơi đúng vị trí này.
23:39:16 Bản đồ trận: sửa lại người vào sân: Chiedozie Ogbene chơi đúng vị trí này.
23:39:16 Bản đồ trận: sửa lại người vào sân: Chiedozie Ogbene chơi đúng vị trí này.
23:39:16 Bản đồ trận: người vào thay Joaquin Seys đã vào vị trí (đã biết tên: Myles Lewis-Skelly; game).
23:39:16 Bản đồ trận: sửa lại người vào sân: Myles Lewis-Skelly chơi đúng vị trí này.
23:39:16 Bản đồ trận: sửa lại người vào sân: Chiedozie Ogbene chơi đúng vị trí này.
23:39:16 Bản đồ trận: sửa lại người vào sân: Chiedozie Ogbene chơi đúng vị trí này.
23:39:16 Bản đồ trận: người vào thay Joaquin Seys đã vào vị trí (đã biết tên: Myles Lewis-Skelly; game).
23:39:16 Bản đồ trận: sửa lại người vào sân: Myles Lewis-Skelly chơi đúng vị trí này.
23:39:16 Bản đồ trận: sửa lại người vào sân: Chiedozie Ogbene chơi đúng vị trí này.
23:39:16 Bản đồ trận: sửa lại người vào sân: Chiedozie Ogbene chơi đúng vị trí này.
23:39:16 Bản đồ trận: người vào thay Joaquin Seys đã vào vị trí (đã biết tên: Myles Lewis-Skelly; game).
23:39:16 Bản đồ trận: sửa lại người vào sân: Myles Lewis-Skelly chơi đúng vị trí này.
23:39:16 Bản đồ trận: sửa lại người vào sân: Chiedozie Ogbene chơi đúng vị trí này.
23:39:16 Bản đồ trận: sửa lại người vào sân: Chiedozie Ogbene chơi đúng vị trí này.
23:39:16 Bản đồ trận: người vào thay Joaquin Seys đã vào vị trí (đã biết tên: Myles Lewis-Skelly; game).
23:39:16 Bản đồ trận: sửa lại người vào sân: Myles Lewis-Skelly chơi đúng vị trí này.
23:39:16 Bản đồ trận: sửa lại người vào sân: Chiedozie Ogbene chơi đúng vị trí này.
23:39:16 Bản đồ trận: sửa lại người vào sân: Chiedozie Ogbene chơi đúng vị trí này.
23:39:16 Bản đồ trận: người vào thay Joaquin Seys đã vào vị trí (đã biết tên: Myles Lewis-Skelly; game).
23:39:16 Bản đồ trận: sửa lại người vào sân: Myles Lewis-Skelly chơi đúng vị trí này.
23:39:16 Bản đồ trận: sửa lại người vào sân: Chiedozie Ogbene chơi đúng vị trí này.
23:39:16 Bản đồ trận: sửa lại người vào sân: Chiedozie Ogbene chơi đúng vị trí này.
23:39:16 Bản đồ trận: người vào thay Joaquin Seys đã vào vị trí (đã biết tên: Myles Lewis-Skelly; game).
23:39:16 Bản đồ trận: sửa lại người vào sân: Myles Lewis-Skelly chơi đúng vị trí này.
23:39:16 Bản đồ trận: sửa lại người vào sân: Chiedozie Ogbene chơi đúng vị trí này.
23:39:16 Bản đồ trận: sửa lại người vào sân: Chiedozie Ogbene chơi đúng vị trí này.
23:39:16 Bản đồ trận: người vào thay Joaquin Seys đã vào vị trí (đã biết tên: Myles Lewis-Skelly; game).
23:39:16 Bản đồ trận: sửa lại người vào sân: Myles Lewis-Skelly chơi đúng vị trí này.
23:39:16 Bản đồ trận: sửa lại người vào sân: Chiedozie Ogbene chơi đúng vị trí này.
23:39:16 Bản đồ trận: sửa lại người vào sân: Chiedozie Ogbene chơi đúng vị trí này.
23:39:16 Bản đồ trận: người vào thay Joaquin Seys đã vào vị trí (đã biết tên: Myles Lewis-Skelly; game).
23:39:16 Bản đồ trận: sửa lại người vào sân: Myles Lewis-Skelly chơi đúng vị trí này.
23:39:16 Bản đồ trận: sửa lại người vào sân: Chiedozie Ogbene chơi đúng vị trí này.
23:39:16 Bản đồ trận: sửa lại người vào sân: Chiedozie Ogbene chơi đúng vị trí này.
23:39:16 Bản đồ trận: người vào thay Joaquin Seys đã vào vị trí (đã biết tên: Myles Lewis-Skelly; game).
23:39:17 Bản đồ trận: sửa lại người vào sân: Myles Lewis-Skelly chơi đúng vị trí này.
23:39:17 Bản đồ trận: sửa lại người vào sân: Chiedozie Ogbene chơi đúng vị trí này.
23:39:17 Bản đồ trận: sửa lại người vào sân: Chiedozie Ogbene chơi đúng vị trí này.
23:39:17 Bản đồ trận: người vào thay Joaquin Seys đã vào vị trí (đã biết tên: Myles Lewis-Skelly; game).
23:39:17 Bản đồ trận: sửa lại người vào sân: Myles Lewis-Skelly chơi đúng vị trí này.
23:39:17 Bản đồ trận: sửa lại người vào sân: Chiedozie Ogbene chơi đúng vị trí này.
23:39:17 Bản đồ trận: sửa lại người vào sân: Chiedozie Ogbene chơi đúng vị trí này.
23:39:17 Bản đồ trận: người vào thay Joaquin Seys đã vào vị trí (đã biết tên: Myles Lewis-Skelly; game).
23:39:17 Bản đồ trận: sửa lại người vào sân: Myles Lewis-Skelly chơi đúng vị trí này.
23:39:17 Bản đồ trận: sửa lại người vào sân: Chiedozie Ogbene chơi đúng vị trí này.
23:39:17 Bản đồ trận: sửa lại người vào sân: Chiedozie Ogbene chơi đúng vị trí này.
23:39:17 Bản đồ trận: người vào thay Joaquin Seys đã vào vị trí (đã biết tên: Myles Lewis-Skelly; game).
23:39:17 Bản đồ trận: sửa lại người vào sân: Myles Lewis-Skelly chơi đúng vị trí này.
23:39:17 Bản đồ trận: sửa lại người vào sân: Chiedozie Ogbene chơi đúng vị trí này.
23:39:17 Bản đồ trận: sửa lại người vào sân: Chiedozie Ogbene chơi đúng vị trí này.
23:39:17 Bản đồ trận: người vào thay Joaquin Seys đã vào vị trí (đã biết tên: Myles Lewis-Skelly; game).
23:39:17 Bản đồ trận: sửa lại người vào sân: Myles Lewis-Skelly chơi đúng vị trí này.
23:39:17 Bản đồ trận: sửa lại người vào sân: Chiedozie Ogbene chơi đúng vị trí này.
23:39:17 Bản đồ trận: sửa lại người vào sân: Chiedozie Ogbene chơi đúng vị trí này.
23:39:17 Bản đồ trận: người vào thay Joaquin Seys đã vào vị trí (đã biết tên: Myles Lewis-Skelly; game).
23:39:17 Bản đồ trận: sửa lại người vào sân: Myles Lewis-Skelly chơi đúng vị trí này.
23:39:17 Bản đồ trận: sửa lại người vào sân: Chiedozie Ogbene chơi đúng vị trí này.
23:39:17 Bản đồ trận: sửa lại người vào sân: Chiedozie Ogbene chơi đúng vị trí này.
23:39:17 Bản đồ trận: người vào thay Joaquin Seys đã vào vị trí (đã biết tên: Myles Lewis-Skelly; game).
23:39:17 Bản đồ trận: sửa lại người vào sân: Myles Lewis-Skelly chơi đúng vị trí này.
23:39:17 Bản đồ trận: sửa lại người vào sân: Chiedozie Ogbene chơi đúng vị trí này.
23:39:17 Bản đồ trận: sửa lại người vào sân: Chiedozie Ogbene chơi đúng vị trí này.
23:39:17 Bản đồ trận: người vào thay Joaquin Seys đã vào vị trí (đã biết tên: Myles Lewis-Skelly; game).
23:39:18 Bản đồ trận: sửa lại người vào sân: Myles Lewis-Skelly chơi đúng vị trí này.
23:39:18 Bản đồ trận: sửa lại người vào sân: Chiedozie Ogbene chơi đúng vị trí này.
23:39:18 Bản đồ trận: sửa lại người vào sân: Chiedozie Ogbene chơi đúng vị trí này.
23:39:18 Bản đồ trận: người vào thay Joaquin Seys đã vào vị trí (đã biết tên: Myles Lewis-Skelly; game).
23:39:18 Bản đồ trận: sửa lại người vào sân: Myles Lewis-Skelly chơi đúng vị trí này.
23:39:18 Bản đồ trận: sửa lại người vào sân: Chiedozie Ogbene chơi đúng vị trí này.
23:39:18 Bản đồ trận: sửa lại người vào sân: Chiedozie Ogbene chơi đúng vị trí này.
23:39:18 Bản đồ trận: người vào thay Joaquin Seys đã vào vị trí (đã biết tên: Myles Lewis-Skelly; game).
23:39:18 Bản đồ trận: sửa lại người vào sân: Myles Lewis-Skelly chơi đúng vị trí này.
23:39:18 Bản đồ trận: sửa lại người vào sân: Chiedozie Ogbene chơi đúng vị trí này.
23:39:18 Bản đồ trận: sửa lại người vào sân: Chiedozie Ogbene chơi đúng vị trí này.
23:39:18 Bản đồ trận: người vào thay Joaquin Seys đã vào vị trí (đã biết tên: Myles Lewis-Skelly; game).
23:39:18 Bản đồ trận: sửa lại người vào sân: Myles Lewis-Skelly chơi đúng vị trí này.
23:39:18 Bản đồ trận: sửa lại người vào sân: Chiedozie Ogbene chơi đúng vị trí này.
23:39:18 Bản đồ trận: sửa lại người vào sân: Chiedozie Ogbene chơi đúng vị trí này.
23:39:18 Bản đồ trận: người vào thay Joaquin Seys đã vào vị trí (đã biết tên: Myles Lewis-Skelly; game).
23:39:18 Bản đồ trận: sửa lại người vào sân: Myles Lewis-Skelly chơi đúng vị trí này.
23:39:18 Bản đồ trận: sửa lại người vào sân: Chiedozie Ogbene chơi đúng vị trí này.
23:39:18 Bản đồ trận: sửa lại người vào sân: Chiedozie Ogbene chơi đúng vị trí này.
23:39:18 Bản đồ trận: người vào thay Joaquin Seys đã vào vị trí (đã biết tên: Myles Lewis-Skelly; game).
23:39:18 Bản đồ trận: sửa lại người vào sân: Myles Lewis-Skelly chơi đúng vị trí này.
23:39:18 Bản đồ trận: sửa lại người vào sân: Chiedozie Ogbene chơi đúng vị trí này.
23:39:18 Bản đồ trận: sửa lại người vào sân: Chiedozie Ogbene chơi đúng vị trí này.
23:39:18 Bản đồ trận: người vào thay Joaquin Seys đã vào vị trí (đã biết tên: Myles Lewis-Skelly; game).
23:39:18 Bản đồ trận: sửa lại người vào sân: Myles Lewis-Skelly chơi đúng vị trí này.
23:39:18 Bản đồ trận: sửa lại người vào sân: Chiedozie Ogbene chơi đúng vị trí này.
23:39:23 Bản đồ trận: Đối thủ thay người 87': Femi Seriki vào, Jamie Shackleton ra.
23:39:23 Bản đồ trận: Đối thủ thay người 87': Alex Matos vào, Chiedozie Ogbene ra.
23:39:24 Bản đồ trận: sửa lại người vào sân: Ben Mee chơi đúng vị trí này.
23:39:24 Bản đồ trận: người vào thay Chiedozie Ogbene đã vào vị trí (đã biết tên: Alex Matos; game).
23:39:24 Bản đồ trận: sửa lại người vào sân: người vào thay Callum O'Hare chơi đúng vị trí này.
23:39:24 Bản đồ trận: sửa lại người vào sân: Guille Fernández chơi đúng vị trí này.
23:39:24 Bản đồ trận: sửa lại người vào sân: Alex Matos chơi đúng vị trí này.
23:39:24 Bản đồ trận: sửa lại người vào sân: Ben Mee chơi đúng vị trí này.
23:39:24 Bản đồ trận: sửa lại người vào sân: Declan Rice chơi đúng vị trí này.
23:39:24 Bản đồ trận: người vào thay Chiedozie Ogbene đã vào vị trí (đã biết tên: Alex Matos; game).
23:39:24 Bản đồ trận: sửa lại người vào sân: Elias Baum chơi đúng vị trí này.
23:39:24 Bản đồ trận: người vào thay Tyrese Campbell đã vào vị trí (game chưa báo tên; game).
23:39:24 Bản đồ trận: sửa lại người vào sân: người vào thay Tyrese Campbell chơi đúng vị trí này.
23:39:24 Bản đồ trận: người vào thay Iván Fresneda đã vào vị trí (đã biết tên: Elias Baum; game).
23:39:24 Bản đồ trận: sửa lại người vào sân: Alex Matos chơi đúng vị trí này.
23:39:24 Bản đồ trận: sửa lại người vào sân: Declan Rice chơi đúng vị trí này.
23:39:24 Bản đồ trận: sửa lại người vào sân: Declan Rice chơi đúng vị trí này.
23:39:24 Bản đồ trận: người vào thay Chiedozie Ogbene đã vào vị trí (đã biết tên: Alex Matos; game).
23:39:24 Bản đồ trận: sửa lại người vào sân: Elias Baum chơi đúng vị trí này.
23:39:24 Bản đồ trận: người vào thay Tyrese Campbell đã vào vị trí (game chưa báo tên; game).
23:39:24 Bản đồ trận: sửa lại người vào sân: người vào thay Tyrese Campbell chơi đúng vị trí này.
23:39:24 Bản đồ trận: người vào thay Iván Fresneda đã vào vị trí (đã biết tên: Elias Baum; game).
23:39:24 Bản đồ trận: sửa lại người vào sân: Alex Matos chơi đúng vị trí này.
23:39:24 Bản đồ trận: sửa lại người vào sân: Declan Rice chơi đúng vị trí này.
23:39:24 Bản đồ trận: người vào thay Jamie Shackleton đã vào vị trí (đã biết tên: Femi Seriki; game).
23:39:24 Bản đồ trận: sửa lại người vào sân: Declan Rice chơi đúng vị trí này.
23:39:24 Bản đồ trận: người vào thay Chiedozie Ogbene đã vào vị trí (đã biết tên: Alex Matos; game).
23:39:24 Bản đồ trận: sửa lại người vào sân: Guille Fernández chơi đúng vị trí này.
23:39:24 Bản đồ trận: sửa lại người vào sân: người vào thay Callum O'Hare chơi đúng vị trí này.
23:39:24 Bản đồ trận: sửa lại người vào sân: Alex Matos chơi đúng vị trí này.
23:39:24 Bản đồ trận: sửa lại người vào sân: Declan Rice chơi đúng vị trí này.
23:39:24 Bản đồ trận: sửa lại người vào sân: Elias Baum chơi đúng vị trí này.
23:39:24 Bản đồ trận: người vào thay Tyrese Campbell đã vào vị trí (game chưa báo tên; game).
23:39:24 Bản đồ trận: sửa lại người vào sân: người vào thay Tyrese Campbell chơi đúng vị trí này.
23:39:24 Bản đồ trận: người vào thay Iván Fresneda đã vào vị trí (đã biết tên: Elias Baum; game).
23:39:24 Bản đồ trận: sửa lại người vào sân: Elias Baum chơi đúng vị trí này.
23:39:24 Bản đồ trận: người vào thay Tyrese Campbell đã vào vị trí (game chưa báo tên; game).
23:39:24 Bản đồ trận: sửa lại người vào sân: người vào thay Tyrese Campbell chơi đúng vị trí này.
23:39:24 Bản đồ trận: người vào thay Iván Fresneda đã vào vị trí (đã biết tên: Elias Baum; game).
23:39:24 Bản đồ trận: người vào thay Chiedozie Ogbene đã vào vị trí (đã biết tên: Alex Matos; game).
23:39:24 Bản đồ trận: sửa lại người vào sân: Elias Baum chơi đúng vị trí này.
23:39:24 Bản đồ trận: người vào thay Tyrese Campbell đã vào vị trí (game chưa báo tên; game).
23:39:24 Bản đồ trận: sửa lại người vào sân: người vào thay Tyrese Campbell chơi đúng vị trí này.
23:39:24 Bản đồ trận: người vào thay Iván Fresneda đã vào vị trí (đã biết tên: Elias Baum; game).
23:39:24 Bản đồ trận: sửa lại người vào sân: Elias Baum chơi đúng vị trí này.
23:39:24 Bản đồ trận: người vào thay Tyrese Campbell đã vào vị trí (game chưa báo tên; game).
23:39:24 Bản đồ trận: sửa lại người vào sân: người vào thay Tyrese Campbell chơi đúng vị trí này.
23:39:24 Bản đồ trận: người vào thay Iván Fresneda đã vào vị trí (đã biết tên: Elias Baum; game).
23:39:25 Bản đồ trận: sửa lại người vào sân: Elias Baum chơi đúng vị trí này.
23:39:25 Bản đồ trận: người vào thay Tyrese Campbell đã vào vị trí (game chưa báo tên; game).
23:39:25 Bản đồ trận: sửa lại người vào sân: người vào thay Tyrese Campbell chơi đúng vị trí này.
23:39:25 Bản đồ trận: người vào thay Iván Fresneda đã vào vị trí (đã biết tên: Elias Baum; game).
23:39:25 Bản đồ trận: sửa lại người vào sân: Elias Baum chơi đúng vị trí này.
23:39:25 Bản đồ trận: người vào thay Tyrese Campbell đã vào vị trí (game chưa báo tên; game).
23:39:25 Bản đồ trận: sửa lại người vào sân: người vào thay Tyrese Campbell chơi đúng vị trí này.
23:39:25 Bản đồ trận: người vào thay Iván Fresneda đã vào vị trí (đã biết tên: Elias Baum; game).
23:39:25 Bản đồ trận: sửa lại người vào sân: Elias Baum chơi đúng vị trí này.
23:39:25 Bản đồ trận: người vào thay Tyrese Campbell đã vào vị trí (game chưa báo tên; game).
23:39:25 Bản đồ trận: sửa lại người vào sân: người vào thay Tyrese Campbell chơi đúng vị trí này.
23:39:25 Bản đồ trận: người vào thay Iván Fresneda đã vào vị trí (đã biết tên: Elias Baum; game).
23:39:25 Bản đồ trận: sửa lại người vào sân: Elias Baum chơi đúng vị trí này.
23:39:25 Bản đồ trận: người vào thay Tyrese Campbell đã vào vị trí (game chưa báo tên; game).
23:39:25 Bản đồ trận: sửa lại người vào sân: người vào thay Tyrese Campbell chơi đúng vị trí này.
23:39:25 Bản đồ trận: người vào thay Iván Fresneda đã vào vị trí (đã biết tên: Elias Baum; game).
23:39:25 Bản đồ trận: sửa lại người vào sân: Elias Baum chơi đúng vị trí này.
23:39:25 Bản đồ trận: người vào thay Tyrese Campbell đã vào vị trí (game chưa báo tên; game).
23:39:25 Bản đồ trận: sửa lại người vào sân: người vào thay Tyrese Campbell chơi đúng vị trí này.
23:39:25 Bản đồ trận: người vào thay Iván Fresneda đã vào vị trí (đã biết tên: Elias Baum; game).
23:39:25 Bản đồ trận: sửa lại người vào sân: Elias Baum chơi đúng vị trí này.
23:39:25 Bản đồ trận: người vào thay Tyrese Campbell đã vào vị trí (game chưa báo tên; game).
23:39:25 Bản đồ trận: sửa lại người vào sân: người vào thay Tyrese Campbell chơi đúng vị trí này.
23:39:25 Bản đồ trận: người vào thay Iván Fresneda đã vào vị trí (đã biết tên: Elias Baum; game).
23:39:25 Bản đồ trận: sửa lại người vào sân: Elias Baum chơi đúng vị trí này.
23:39:25 Bản đồ trận: người vào thay Tyrese Campbell đã vào vị trí (game chưa báo tên; game).
23:39:25 Bản đồ trận: sửa lại người vào sân: người vào thay Tyrese Campbell chơi đúng vị trí này.
23:39:25 Bản đồ trận: người vào thay Iván Fresneda đã vào vị trí (đã biết tên: Elias Baum; game).
23:39:25 Bản đồ trận: sửa lại người vào sân: Elias Baum chơi đúng vị trí này.
23:39:25 Bản đồ trận: người vào thay Tyrese Campbell đã vào vị trí (game chưa báo tên; game).
23:39:25 Bản đồ trận: sửa lại người vào sân: người vào thay Tyrese Campbell chơi đúng vị trí này.
23:39:25 Bản đồ trận: người vào thay Iván Fresneda đã vào vị trí (đã biết tên: Elias Baum; game).
23:39:25 Bản đồ trận: sửa lại người vào sân: Elias Baum chơi đúng vị trí này.
23:39:25 Bản đồ trận: người vào thay Tyrese Campbell đã vào vị trí (game chưa báo tên; game).
23:39:25 Bản đồ trận: sửa lại người vào sân: người vào thay Tyrese Campbell chơi đúng vị trí này.
23:39:25 Bản đồ trận: người vào thay Iván Fresneda đã vào vị trí (đã biết tên: Elias Baum; game).
23:39:25 Bản đồ trận: sửa lại người vào sân: Elias Baum chơi đúng vị trí này.
23:39:25 Bản đồ trận: người vào thay Tyrese Campbell đã vào vị trí (game chưa báo tên; game).
23:39:25 Bản đồ trận: sửa lại người vào sân: người vào thay Tyrese Campbell chơi đúng vị trí này.
23:39:25 Bản đồ trận: người vào thay Iván Fresneda đã vào vị trí (đã biết tên: Elias Baum; game).
23:39:25 Bản đồ trận: sửa lại người vào sân: Elias Baum chơi đúng vị trí này.
23:39:25 Bản đồ trận: người vào thay Tyrese Campbell đã vào vị trí (game chưa báo tên; game).
23:39:25 Bản đồ trận: sửa lại người vào sân: người vào thay Tyrese Campbell chơi đúng vị trí này.
23:39:25 Bản đồ trận: người vào thay Iván Fresneda đã vào vị trí (đã biết tên: Elias Baum; game).
23:39:25 Bản đồ trận: sửa lại người vào sân: Elias Baum chơi đúng vị trí này.
23:39:25 Bản đồ trận: người vào thay Tyrese Campbell đã vào vị trí (game chưa báo tên; game).
23:39:25 Bản đồ trận: sửa lại người vào sân: người vào thay Tyrese Campbell chơi đúng vị trí này.
23:39:25 Bản đồ trận: người vào thay Iván Fresneda đã vào vị trí (đã biết tên: Elias Baum; game).
23:39:25 Bản đồ trận: sửa lại người vào sân: Elias Baum chơi đúng vị trí này.
23:39:25 Bản đồ trận: người vào thay Tyrese Campbell đã vào vị trí (game chưa báo tên; game).
23:39:25 Bản đồ trận: sửa lại người vào sân: người vào thay Tyrese Campbell chơi đúng vị trí này.
23:39:25 Bản đồ trận: người vào thay Iván Fresneda đã vào vị trí (đã biết tên: Elias Baum; game).
23:39:25 Bản đồ trận: sửa lại người vào sân: Elias Baum chơi đúng vị trí này.
23:39:25 Bản đồ trận: người vào thay Tyrese Campbell đã vào vị trí (game chưa báo tên; game).
23:39:25 Bản đồ trận: sửa lại người vào sân: người vào thay Tyrese Campbell chơi đúng vị trí này.
23:39:25 Bản đồ trận: người vào thay Iván Fresneda đã vào vị trí (đã biết tên: Elias Baum; game).
23:39:25 Bản đồ trận: sửa lại người vào sân: Elias Baum chơi đúng vị trí này.
23:39:25 Bản đồ trận: người vào thay Tyrese Campbell đã vào vị trí (game chưa báo tên; game).
23:39:25 Bản đồ trận: sửa lại người vào sân: người vào thay Tyrese Campbell chơi đúng vị trí này.
23:39:25 Bản đồ trận: người vào thay Iván Fresneda đã vào vị trí (đã biết tên: Elias Baum; game).
23:39:25 Bản đồ trận: sửa lại người vào sân: Elias Baum chơi đúng vị trí này.
23:39:25 Bản đồ trận: người vào thay Tyrese Campbell đã vào vị trí (game chưa báo tên; game).
23:39:25 Bản đồ trận: sửa lại người vào sân: người vào thay Tyrese Campbell chơi đúng vị trí này.
23:39:25 Bản đồ trận: người vào thay Iván Fresneda đã vào vị trí (đã biết tên: Elias Baum; game).
23:39:26 Bản đồ trận: sửa lại người vào sân: Elias Baum chơi đúng vị trí này.
23:39:26 Bản đồ trận: người vào thay Tyrese Campbell đã vào vị trí (game chưa báo tên; game).
23:39:26 Bản đồ trận: sửa lại người vào sân: người vào thay Tyrese Campbell chơi đúng vị trí này.
23:39:26 Bản đồ trận: người vào thay Iván Fresneda đã vào vị trí (đã biết tên: Elias Baum; game).
23:39:26 Bản đồ trận: sửa lại người vào sân: Elias Baum chơi đúng vị trí này.
23:39:26 Bản đồ trận: người vào thay Tyrese Campbell đã vào vị trí (game chưa báo tên; game).
23:39:26 Bản đồ trận: sửa lại người vào sân: người vào thay Tyrese Campbell chơi đúng vị trí này.
23:39:26 Bản đồ trận: người vào thay Iván Fresneda đã vào vị trí (đã biết tên: Elias Baum; game).
23:39:26 Bản đồ trận: sửa lại người vào sân: Elias Baum chơi đúng vị trí này.
23:39:26 Bản đồ trận: người vào thay Tyrese Campbell đã vào vị trí (game chưa báo tên; game).
23:39:26 Bản đồ trận: sửa lại người vào sân: người vào thay Tyrese Campbell chơi đúng vị trí này.
23:39:26 Bản đồ trận: người vào thay Iván Fresneda đã vào vị trí (đã biết tên: Elias Baum; game).
23:39:26 Bản đồ trận: sửa lại người vào sân: Elias Baum chơi đúng vị trí này.
23:39:26 Bản đồ trận: người vào thay Tyrese Campbell đã vào vị trí (game chưa báo tên; game).
23:39:26 Bản đồ trận: sửa lại người vào sân: người vào thay Tyrese Campbell chơi đúng vị trí này.
23:39:26 Bản đồ trận: người vào thay Iván Fresneda đã vào vị trí (đã biết tên: Elias Baum; game).
23:39:26 Bản đồ trận: sửa lại người vào sân: Elias Baum chơi đúng vị trí này.
23:39:26 Bản đồ trận: người vào thay Tyrese Campbell đã vào vị trí (game chưa báo tên; game).
23:39:26 Bản đồ trận: sửa lại người vào sân: người vào thay Tyrese Campbell chơi đúng vị trí này.
23:39:26 Bản đồ trận: người vào thay Iván Fresneda đã vào vị trí (đã biết tên: Elias Baum; game).
23:39:26 Bản đồ trận: sửa lại người vào sân: Elias Baum chơi đúng vị trí này.
23:39:26 Bản đồ trận: người vào thay Tyrese Campbell đã vào vị trí (game chưa báo tên; game).
23:39:26 Bản đồ trận: sửa lại người vào sân: người vào thay Tyrese Campbell chơi đúng vị trí này.
23:39:26 Bản đồ trận: người vào thay Iván Fresneda đã vào vị trí (đã biết tên: Elias Baum; game).
23:39:26 Bản đồ trận: sửa lại người vào sân: Elias Baum chơi đúng vị trí này.
23:39:26 Bản đồ trận: người vào thay Tyrese Campbell đã vào vị trí (game chưa báo tên; game).
23:39:26 Bản đồ trận: sửa lại người vào sân: người vào thay Tyrese Campbell chơi đúng vị trí này.
23:39:26 Bản đồ trận: người vào thay Iván Fresneda đã vào vị trí (đã biết tên: Elias Baum; game).
23:39:26 Bản đồ trận: sửa lại người vào sân: Elias Baum chơi đúng vị trí này.
23:39:26 Bản đồ trận: người vào thay Tyrese Campbell đã vào vị trí (game chưa báo tên; game).
23:39:26 Bản đồ trận: sửa lại người vào sân: người vào thay Tyrese Campbell chơi đúng vị trí này.
23:39:26 Bản đồ trận: người vào thay Iván Fresneda đã vào vị trí (đã biết tên: Elias Baum; game).
23:39:26 Bản đồ trận: sửa lại người vào sân: Elias Baum chơi đúng vị trí này.
23:39:26 Bản đồ trận: người vào thay Tyrese Campbell đã vào vị trí (game chưa báo tên; game).
23:39:26 Bản đồ trận: sửa lại người vào sân: người vào thay Tyrese Campbell chơi đúng vị trí này.
23:39:26 Bản đồ trận: người vào thay Iván Fresneda đã vào vị trí (đã biết tên: Elias Baum; game).
23:39:26 Bản đồ trận: sửa lại người vào sân: Elias Baum chơi đúng vị trí này.
23:39:26 Bản đồ trận: người vào thay Tyrese Campbell đã vào vị trí (game chưa báo tên; game).
23:39:26 Bản đồ trận: sửa lại người vào sân: người vào thay Tyrese Campbell chơi đúng vị trí này.
23:39:26 Bản đồ trận: người vào thay Iván Fresneda đã vào vị trí (đã biết tên: Elias Baum; game).
23:39:26 Bản đồ trận: sửa lại người vào sân: Elias Baum chơi đúng vị trí này.
23:39:26 Bản đồ trận: người vào thay Tyrese Campbell đã vào vị trí (game chưa báo tên; game).
23:39:26 Bản đồ trận: sửa lại người vào sân: người vào thay Tyrese Campbell chơi đúng vị trí này.
23:39:26 Bản đồ trận: người vào thay Iván Fresneda đã vào vị trí (đã biết tên: Elias Baum; game).
23:39:26 Bản đồ trận: sửa lại người vào sân: Elias Baum chơi đúng vị trí này.
23:39:26 Bản đồ trận: người vào thay Tyrese Campbell đã vào vị trí (game chưa báo tên; game).
23:39:26 Bản đồ trận: sửa lại người vào sân: người vào thay Tyrese Campbell chơi đúng vị trí này.
23:39:26 Bản đồ trận: người vào thay Iván Fresneda đã vào vị trí (đã biết tên: Elias Baum; game).
23:39:26 Bản đồ trận: sửa lại người vào sân: Elias Baum chơi đúng vị trí này.
23:39:26 Bản đồ trận: người vào thay Tyrese Campbell đã vào vị trí (game chưa báo tên; game).
23:39:26 Bản đồ trận: sửa lại người vào sân: người vào thay Tyrese Campbell chơi đúng vị trí này.
23:39:26 Bản đồ trận: người vào thay Iván Fresneda đã vào vị trí (đã biết tên: Elias Baum; game).
23:39:26 Bản đồ trận: sửa lại người vào sân: Elias Baum chơi đúng vị trí này.
23:39:26 Bản đồ trận: người vào thay Tyrese Campbell đã vào vị trí (game chưa báo tên; game).
23:39:26 Bản đồ trận: sửa lại người vào sân: người vào thay Tyrese Campbell chơi đúng vị trí này.
23:39:26 Bản đồ trận: người vào thay Iván Fresneda đã vào vị trí (đã biết tên: Elias Baum; game).
23:39:26 Bản đồ trận: sửa lại người vào sân: Elias Baum chơi đúng vị trí này.
23:39:26 Bản đồ trận: người vào thay Tyrese Campbell đã vào vị trí (game chưa báo tên; game).
23:39:26 Bản đồ trận: sửa lại người vào sân: người vào thay Tyrese Campbell chơi đúng vị trí này.
23:39:26 Bản đồ trận: người vào thay Iván Fresneda đã vào vị trí (đã biết tên: Elias Baum; game).
23:39:26 Bản đồ trận: sửa lại người vào sân: Elias Baum chơi đúng vị trí này.
23:39:26 Bản đồ trận: người vào thay Tyrese Campbell đã vào vị trí (game chưa báo tên; game).
23:39:26 Bản đồ trận: sửa lại người vào sân: người vào thay Tyrese Campbell chơi đúng vị trí này.
23:39:26 Bản đồ trận: người vào thay Iván Fresneda đã vào vị trí (đã biết tên: Elias Baum; game).
23:39:27 Bản đồ trận: sửa lại người vào sân: Elias Baum chơi đúng vị trí này.
23:39:27 Bản đồ trận: người vào thay Tyrese Campbell đã vào vị trí (game chưa báo tên; game).
23:39:27 Bản đồ trận: sửa lại người vào sân: người vào thay Tyrese Campbell chơi đúng vị trí này.
23:39:27 Bản đồ trận: người vào thay Iván Fresneda đã vào vị trí (đã biết tên: Elias Baum; game).
23:39:27 Bản đồ trận: sửa lại người vào sân: Elias Baum chơi đúng vị trí này.
23:39:27 Bản đồ trận: người vào thay Tyrese Campbell đã vào vị trí (game chưa báo tên; game).
23:39:27 Bản đồ trận: sửa lại người vào sân: người vào thay Tyrese Campbell chơi đúng vị trí này.
23:39:27 Bản đồ trận: người vào thay Iván Fresneda đã vào vị trí (đã biết tên: Elias Baum; game).
23:39:27 Bản đồ trận: sửa lại người vào sân: Elias Baum chơi đúng vị trí này.
23:39:27 Bản đồ trận: người vào thay Tyrese Campbell đã vào vị trí (game chưa báo tên; game).
23:39:27 Bản đồ trận: sửa lại người vào sân: người vào thay Tyrese Campbell chơi đúng vị trí này.
23:39:27 Bản đồ trận: người vào thay Iván Fresneda đã vào vị trí (đã biết tên: Elias Baum; game).
23:39:27 Bản đồ trận: sửa lại người vào sân: Elias Baum chơi đúng vị trí này.
23:39:27 Bản đồ trận: người vào thay Tyrese Campbell đã vào vị trí (game chưa báo tên; game).
23:39:27 Bản đồ trận: sửa lại người vào sân: người vào thay Tyrese Campbell chơi đúng vị trí này.
23:39:27 Bản đồ trận: người vào thay Iván Fresneda đã vào vị trí (đã biết tên: Elias Baum; game).
23:39:27 Bản đồ trận: sửa lại người vào sân: Elias Baum chơi đúng vị trí này.
23:39:27 Bản đồ trận: người vào thay Tyrese Campbell đã vào vị trí (game chưa báo tên; game).
23:39:27 Bản đồ trận: sửa lại người vào sân: người vào thay Tyrese Campbell chơi đúng vị trí này.
23:39:27 Bản đồ trận: người vào thay Iván Fresneda đã vào vị trí (đã biết tên: Elias Baum; game).
23:39:27 Bản đồ trận: sửa lại người vào sân: Elias Baum chơi đúng vị trí này.
23:39:27 Bản đồ trận: người vào thay Tyrese Campbell đã vào vị trí (game chưa báo tên; game).
23:39:27 Bản đồ trận: sửa lại người vào sân: người vào thay Tyrese Campbell chơi đúng vị trí này.
23:39:27 Bản đồ trận: người vào thay Iván Fresneda đã vào vị trí (đã biết tên: Elias Baum; game).
23:39:27 Bản đồ trận: sửa lại người vào sân: Elias Baum chơi đúng vị trí này.
23:39:27 Bản đồ trận: người vào thay Tyrese Campbell đã vào vị trí (game chưa báo tên; game).
23:39:27 Bản đồ trận: sửa lại người vào sân: người vào thay Tyrese Campbell chơi đúng vị trí này.
23:39:27 Bản đồ trận: người vào thay Iván Fresneda đã vào vị trí (đã biết tên: Elias Baum; game).
23:39:27 Bản đồ trận: sửa lại người vào sân: Elias Baum chơi đúng vị trí này.
23:39:27 Bản đồ trận: người vào thay Tyrese Campbell đã vào vị trí (game chưa báo tên; game).
23:39:27 Bản đồ trận: sửa lại người vào sân: người vào thay Tyrese Campbell chơi đúng vị trí này.
23:39:27 Bản đồ trận: người vào thay Iván Fresneda đã vào vị trí (đã biết tên: Elias Baum; game).
23:39:27 Bản đồ trận: sửa lại người vào sân: Elias Baum chơi đúng vị trí này.
23:39:27 Bản đồ trận: người vào thay Tyrese Campbell đã vào vị trí (game chưa báo tên; game).
23:39:27 Bản đồ trận: sửa lại người vào sân: người vào thay Tyrese Campbell chơi đúng vị trí này.
23:39:27 Bản đồ trận: người vào thay Iván Fresneda đã vào vị trí (đã biết tên: Elias Baum; game).
23:39:27 Bản đồ trận: sửa lại người vào sân: Elias Baum chơi đúng vị trí này.
23:39:27 Bản đồ trận: người vào thay Tyrese Campbell đã vào vị trí (game chưa báo tên; game).
23:39:27 Bản đồ trận: sửa lại người vào sân: người vào thay Tyrese Campbell chơi đúng vị trí này.
23:39:27 Bản đồ trận: người vào thay Iván Fresneda đã vào vị trí (đã biết tên: Elias Baum; game).
23:39:27 Bản đồ trận: sửa lại người vào sân: Elias Baum chơi đúng vị trí này.
23:39:27 Bản đồ trận: người vào thay Tyrese Campbell đã vào vị trí (game chưa báo tên; game).
23:39:27 Bản đồ trận: sửa lại người vào sân: người vào thay Tyrese Campbell chơi đúng vị trí này.
23:39:27 Bản đồ trận: người vào thay Iván Fresneda đã vào vị trí (đã biết tên: Elias Baum; game).
23:39:27 Bản đồ trận: sửa lại người vào sân: Elias Baum chơi đúng vị trí này.
23:39:27 Bản đồ trận: người vào thay Tyrese Campbell đã vào vị trí (game chưa báo tên; game).
23:39:27 Bản đồ trận: sửa lại người vào sân: người vào thay Tyrese Campbell chơi đúng vị trí này.
23:39:27 Bản đồ trận: người vào thay Iván Fresneda đã vào vị trí (đã biết tên: Elias Baum; game).
23:39:27 Bản đồ trận: sửa lại người vào sân: Elias Baum chơi đúng vị trí này.
23:39:27 Bản đồ trận: người vào thay Tyrese Campbell đã vào vị trí (game chưa báo tên; game).
23:39:27 Bản đồ trận: sửa lại người vào sân: người vào thay Tyrese Campbell chơi đúng vị trí này.
23:39:27 Bản đồ trận: người vào thay Iván Fresneda đã vào vị trí (đã biết tên: Elias Baum; game).
23:39:27 Bản đồ trận: sửa lại người vào sân: người vào thay ? chơi đúng vị trí này.
23:39:27 Bản đồ trận: sửa lại người vào sân: Guille Fernández chơi đúng vị trí này.
23:39:27 Bản đồ trận: sửa lại người vào sân: Elias Baum chơi đúng vị trí này.
23:39:27 Bản đồ trận: người vào thay Tyrese Campbell đã vào vị trí (game chưa báo tên; game).
23:39:27 Bản đồ trận: sửa lại người vào sân: người vào thay Tyrese Campbell chơi đúng vị trí này.
23:39:27 Bản đồ trận: người vào thay Iván Fresneda đã vào vị trí (đã biết tên: Elias Baum; game).
23:39:27 Bản đồ trận: sửa lại người vào sân: Elias Baum chơi đúng vị trí này.
23:39:27 Bản đồ trận: người vào thay Tyrese Campbell đã vào vị trí (game chưa báo tên; game).
23:39:27 Bản đồ trận: sửa lại người vào sân: người vào thay Tyrese Campbell chơi đúng vị trí này.
23:39:27 Bản đồ trận: người vào thay Iván Fresneda đã vào vị trí (đã biết tên: Elias Baum; game).
23:39:27 Bản đồ trận: sửa lại người vào sân: Elias Baum chơi đúng vị trí này.
23:39:27 Bản đồ trận: người vào thay Tyrese Campbell đã vào vị trí (game chưa báo tên; game).
23:39:27 Bản đồ trận: sửa lại người vào sân: người vào thay Tyrese Campbell chơi đúng vị trí này.
23:39:27 Bản đồ trận: người vào thay Iván Fresneda đã vào vị trí (đã biết tên: Elias Baum; game).
23:39:27 Bản đồ trận: sửa lại người vào sân: Guille Fernández chơi đúng vị trí này.
23:39:28 Bản đồ trận: sửa lại người vào sân: người vào thay ? chơi đúng vị trí này.
23:39:28 Bản đồ trận: sửa lại người vào sân: Elias Baum chơi đúng vị trí này.
23:39:28 Bản đồ trận: người vào thay Tyrese Campbell đã vào vị trí (game chưa báo tên; game).
23:39:28 Bản đồ trận: sửa lại người vào sân: người vào thay Tyrese Campbell chơi đúng vị trí này.
23:39:28 Bản đồ trận: người vào thay Iván Fresneda đã vào vị trí (đã biết tên: Elias Baum; game).
23:39:28 Bản đồ trận: sửa lại người vào sân: Elias Baum chơi đúng vị trí này.
23:39:28 Bản đồ trận: người vào thay Tyrese Campbell đã vào vị trí (game chưa báo tên; game).
23:39:28 Bản đồ trận: sửa lại người vào sân: người vào thay Tyrese Campbell chơi đúng vị trí này.
23:39:28 Bản đồ trận: người vào thay Iván Fresneda đã vào vị trí (đã biết tên: Elias Baum; game).
23:39:28 Bản đồ trận: sửa lại người vào sân: Elias Baum chơi đúng vị trí này.
23:39:28 Bản đồ trận: người vào thay Tyrese Campbell đã vào vị trí (game chưa báo tên; game).
23:39:28 Bản đồ trận: sửa lại người vào sân: người vào thay Tyrese Campbell chơi đúng vị trí này.
23:39:28 Bản đồ trận: người vào thay Iván Fresneda đã vào vị trí (đã biết tên: Elias Baum; game).
23:39:29 Bản đồ trận: sửa lại người vào sân: Femi Seriki chơi đúng vị trí này.
23:39:29 Bản đồ trận: người vào thay Ruben van Bommel đã vào vị trí (đã biết tên: Rodrigo Mora; game).
23:39:29 Bản đồ trận: sửa lại người vào sân: Rodrigo Mora chơi đúng vị trí này.
23:39:29 Bản đồ trận: người vào thay Jamie Shackleton đã vào vị trí (đã biết tên: Femi Seriki; game).
23:39:29 Bản đồ trận: sửa lại người vào sân: Femi Seriki chơi đúng vị trí này.
23:39:29 Bản đồ trận: người vào thay Ruben van Bommel đã vào vị trí (đã biết tên: Rodrigo Mora; game).
23:39:29 Bản đồ trận: sửa lại người vào sân: Rodrigo Mora chơi đúng vị trí này.
23:39:29 Bản đồ trận: người vào thay Jamie Shackleton đã vào vị trí (đã biết tên: Femi Seriki; game).
23:39:29 Bản đồ trận: sửa lại người vào sân: Femi Seriki chơi đúng vị trí này.
23:39:29 Bản đồ trận: người vào thay Ruben van Bommel đã vào vị trí (đã biết tên: Rodrigo Mora; game).
23:39:29 Bản đồ trận: sửa lại người vào sân: Rodrigo Mora chơi đúng vị trí này.
23:39:29 Bản đồ trận: người vào thay Jamie Shackleton đã vào vị trí (đã biết tên: Femi Seriki; game).
23:39:29 Bản đồ trận: sửa lại người vào sân: Femi Seriki chơi đúng vị trí này.
23:39:29 Bản đồ trận: người vào thay Ruben van Bommel đã vào vị trí (đã biết tên: Rodrigo Mora; game).
23:39:29 Bản đồ trận: sửa lại người vào sân: Rodrigo Mora chơi đúng vị trí này.
23:39:29 Bản đồ trận: người vào thay Jamie Shackleton đã vào vị trí (đã biết tên: Femi Seriki; game).
23:39:29 Bản đồ trận: sửa lại người vào sân: Femi Seriki chơi đúng vị trí này.
23:39:29 Bản đồ trận: người vào thay Ruben van Bommel đã vào vị trí (đã biết tên: Rodrigo Mora; game).
23:39:29 Bản đồ trận: sửa lại người vào sân: Rodrigo Mora chơi đúng vị trí này.
23:39:29 Bản đồ trận: người vào thay Jamie Shackleton đã vào vị trí (đã biết tên: Femi Seriki; game).
23:39:29 Bản đồ trận: sửa lại người vào sân: Femi Seriki chơi đúng vị trí này.
23:39:29 Bản đồ trận: người vào thay Ruben van Bommel đã vào vị trí (đã biết tên: Rodrigo Mora; game).
23:39:29 Bản đồ trận: sửa lại người vào sân: Rodrigo Mora chơi đúng vị trí này.
23:39:29 Bản đồ trận: người vào thay Jamie Shackleton đã vào vị trí (đã biết tên: Femi Seriki; game).
23:39:29 Bản đồ trận: sửa lại người vào sân: Femi Seriki chơi đúng vị trí này.
23:39:29 Bản đồ trận: người vào thay Ruben van Bommel đã vào vị trí (đã biết tên: Rodrigo Mora; game).
23:39:29 Bản đồ trận: sửa lại người vào sân: Rodrigo Mora chơi đúng vị trí này.
23:39:29 Bản đồ trận: người vào thay Jamie Shackleton đã vào vị trí (đã biết tên: Femi Seriki; game).
23:39:29 Bản đồ trận: sửa lại người vào sân: Femi Seriki chơi đúng vị trí này.
23:39:29 Bản đồ trận: người vào thay Ruben van Bommel đã vào vị trí (đã biết tên: Rodrigo Mora; game).
23:39:29 Bản đồ trận: sửa lại người vào sân: Rodrigo Mora chơi đúng vị trí này.
23:39:29 Bản đồ trận: người vào thay Jamie Shackleton đã vào vị trí (đã biết tên: Femi Seriki; game).
23:39:29 Bản đồ trận: sửa lại người vào sân: Femi Seriki chơi đúng vị trí này.
23:39:29 Bản đồ trận: người vào thay Ruben van Bommel đã vào vị trí (đã biết tên: Rodrigo Mora; game).
23:39:29 Bản đồ trận: sửa lại người vào sân: Rodrigo Mora chơi đúng vị trí này.
23:39:29 Bản đồ trận: người vào thay Jamie Shackleton đã vào vị trí (đã biết tên: Femi Seriki; game).
23:39:29 Bản đồ trận: sửa lại người vào sân: Femi Seriki chơi đúng vị trí này.
23:39:29 Bản đồ trận: người vào thay Ruben van Bommel đã vào vị trí (đã biết tên: Rodrigo Mora; game).
23:39:29 Bản đồ trận: sửa lại người vào sân: Rodrigo Mora chơi đúng vị trí này.
23:39:29 Bản đồ trận: người vào thay Jamie Shackleton đã vào vị trí (đã biết tên: Femi Seriki; game).
23:39:29 Bản đồ trận: sửa lại người vào sân: Femi Seriki chơi đúng vị trí này.
23:39:29 Bản đồ trận: người vào thay Ruben van Bommel đã vào vị trí (đã biết tên: Rodrigo Mora; game).
23:39:29 Bản đồ trận: sửa lại người vào sân: Rodrigo Mora chơi đúng vị trí này.
23:39:30 Bản đồ trận: người vào thay Jamie Shackleton đã vào vị trí (đã biết tên: Femi Seriki; game).
23:39:30 Bản đồ trận: sửa lại người vào sân: Femi Seriki chơi đúng vị trí này.
23:39:30 Bản đồ trận: người vào thay Ruben van Bommel đã vào vị trí (đã biết tên: Rodrigo Mora; game).
23:39:30 Bản đồ trận: sửa lại người vào sân: Rodrigo Mora chơi đúng vị trí này.
23:39:30 Bản đồ trận: người vào thay Jamie Shackleton đã vào vị trí (đã biết tên: Femi Seriki; game).
23:39:30 Bản đồ trận: sửa lại người vào sân: Femi Seriki chơi đúng vị trí này.
23:39:30 Bản đồ trận: người vào thay Ruben van Bommel đã vào vị trí (đã biết tên: Rodrigo Mora; game).
23:39:30 Bản đồ trận: sửa lại người vào sân: Rodrigo Mora chơi đúng vị trí này.
23:39:30 Bản đồ trận: người vào thay Jamie Shackleton đã vào vị trí (đã biết tên: Femi Seriki; game).
23:39:30 Bản đồ trận: sửa lại người vào sân: Femi Seriki chơi đúng vị trí này.
23:39:30 Bản đồ trận: người vào thay Ruben van Bommel đã vào vị trí (đã biết tên: Rodrigo Mora; game).
23:39:30 Bản đồ trận: sửa lại người vào sân: Rodrigo Mora chơi đúng vị trí này.
23:39:30 Bản đồ trận: người vào thay Jamie Shackleton đã vào vị trí (đã biết tên: Femi Seriki; game).
23:39:30 Bản đồ trận: sửa lại người vào sân: Femi Seriki chơi đúng vị trí này.
23:39:30 Bản đồ trận: người vào thay Ruben van Bommel đã vào vị trí (đã biết tên: Rodrigo Mora; game).
23:39:30 Bản đồ trận: sửa lại người vào sân: Rodrigo Mora chơi đúng vị trí này.
23:39:30 Bản đồ trận: người vào thay Jamie Shackleton đã vào vị trí (đã biết tên: Femi Seriki; game).
23:39:30 Bản đồ trận: sửa lại người vào sân: Femi Seriki chơi đúng vị trí này.
23:39:30 Bản đồ trận: người vào thay Ruben van Bommel đã vào vị trí (đã biết tên: Rodrigo Mora; game).
23:39:30 Bản đồ trận: sửa lại người vào sân: Rodrigo Mora chơi đúng vị trí này.
23:39:30 Bản đồ trận: người vào thay Jamie Shackleton đã vào vị trí (đã biết tên: Femi Seriki; game).
23:39:30 Bản đồ trận: sửa lại người vào sân: Femi Seriki chơi đúng vị trí này.
23:39:30 Bản đồ trận: người vào thay Ruben van Bommel đã vào vị trí (đã biết tên: Rodrigo Mora; game).
23:39:30 Bản đồ trận: sửa lại người vào sân: Rodrigo Mora chơi đúng vị trí này.
23:39:30 Bản đồ trận: người vào thay Jamie Shackleton đã vào vị trí (đã biết tên: Femi Seriki; game).
23:39:30 Bản đồ trận: sửa lại người vào sân: Femi Seriki chơi đúng vị trí này.
23:39:30 Bản đồ trận: người vào thay Ruben van Bommel đã vào vị trí (đã biết tên: Rodrigo Mora; game).
23:39:30 Bản đồ trận: sửa lại người vào sân: Rodrigo Mora chơi đúng vị trí này.
23:39:30 Bản đồ trận: người vào thay Jamie Shackleton đã vào vị trí (đã biết tên: Femi Seriki; game).
23:39:30 Bản đồ trận: sửa lại người vào sân: Femi Seriki chơi đúng vị trí này.
23:39:30 Bản đồ trận: người vào thay Ruben van Bommel đã vào vị trí (đã biết tên: Rodrigo Mora; game).
23:39:30 Bản đồ trận: sửa lại người vào sân: Rodrigo Mora chơi đúng vị trí này.
23:39:30 Bản đồ trận: người vào thay Jamie Shackleton đã vào vị trí (đã biết tên: Femi Seriki; game).
23:39:31 Bản đồ trận: sửa lại người vào sân: Mark McGuinness chơi đúng vị trí này.
23:39:31 Bản đồ trận: người vào thay Franco Mastantuono đã vào vị trí (đã biết tên: Estevão Willian; game).
23:39:31 Bản đồ trận: sửa lại người vào sân: Estevão Willian chơi đúng vị trí này.
23:39:31 Bản đồ trận: sửa lại người vào sân: Mark McGuinness chơi đúng vị trí này.
23:39:31 Bản đồ trận: sửa lại người vào sân: Mark McGuinness chơi đúng vị trí này.
23:39:31 Bản đồ trận: người vào thay Franco Mastantuono đã vào vị trí (đã biết tên: Estevão Willian; game).
23:39:31 Bản đồ trận: sửa lại người vào sân: Estevão Willian chơi đúng vị trí này.
23:39:31 Bản đồ trận: sửa lại người vào sân: Mark McGuinness chơi đúng vị trí này.
23:39:31 Bản đồ trận: sửa lại người vào sân: Femi Seriki chơi đúng vị trí này.
23:39:31 Bản đồ trận: người vào thay Ruben van Bommel đã vào vị trí (đã biết tên: Rodrigo Mora; game).
23:39:31 Bản đồ trận: sửa lại người vào sân: Mark McGuinness chơi đúng vị trí này.
23:39:31 Bản đồ trận: người vào thay Franco Mastantuono đã vào vị trí (đã biết tên: Estevão Willian; game).
23:39:31 Bản đồ trận: sửa lại người vào sân: Estevão Willian chơi đúng vị trí này.
23:39:31 Bản đồ trận: sửa lại người vào sân: Mark McGuinness chơi đúng vị trí này.
23:39:31 Bản đồ trận: sửa lại người vào sân: Rodrigo Mora chơi đúng vị trí này.
23:39:31 Bản đồ trận: người vào thay Jamie Shackleton đã vào vị trí (đã biết tên: Femi Seriki; game).
23:39:31 Bản đồ trận: sửa lại người vào sân: Femi Seriki chơi đúng vị trí này.
23:39:31 Bản đồ trận: người vào thay Ruben van Bommel đã vào vị trí (đã biết tên: Rodrigo Mora; game).
23:39:31 Bản đồ trận: sửa lại người vào sân: Mark McGuinness chơi đúng vị trí này.
23:39:31 Bản đồ trận: người vào thay Franco Mastantuono đã vào vị trí (đã biết tên: Estevão Willian; game).
23:39:31 Bản đồ trận: sửa lại người vào sân: Estevão Willian chơi đúng vị trí này.
23:39:31 Bản đồ trận: sửa lại người vào sân: Mark McGuinness chơi đúng vị trí này.
23:39:31 Bản đồ trận: sửa lại người vào sân: Rodrigo Mora chơi đúng vị trí này.
23:39:31 Bản đồ trận: người vào thay Jamie Shackleton đã vào vị trí (đã biết tên: Femi Seriki; game).
23:39:31 Bản đồ trận: sửa lại người vào sân: Femi Seriki chơi đúng vị trí này.
23:39:31 Bản đồ trận: người vào thay Ruben van Bommel đã vào vị trí (đã biết tên: Rodrigo Mora; game).
23:39:31 Bản đồ trận: sửa lại người vào sân: Mark McGuinness chơi đúng vị trí này.
23:39:31 Bản đồ trận: người vào thay Franco Mastantuono đã vào vị trí (đã biết tên: Estevão Willian; game).
23:39:31 Bản đồ trận: sửa lại người vào sân: Estevão Willian chơi đúng vị trí này.
23:39:31 Bản đồ trận: sửa lại người vào sân: Mark McGuinness chơi đúng vị trí này.
23:39:31 Bản đồ trận: sửa lại người vào sân: Rodrigo Mora chơi đúng vị trí này.
23:39:31 Bản đồ trận: người vào thay Jamie Shackleton đã vào vị trí (đã biết tên: Femi Seriki; game).
23:39:31 Bản đồ trận: sửa lại người vào sân: Femi Seriki chơi đúng vị trí này.
23:39:31 Bản đồ trận: người vào thay Ruben van Bommel đã vào vị trí (đã biết tên: Rodrigo Mora; game).
23:39:31 Bản đồ trận: sửa lại người vào sân: Mark McGuinness chơi đúng vị trí này.
23:39:31 Bản đồ trận: người vào thay Franco Mastantuono đã vào vị trí (đã biết tên: Estevão Willian; game).
23:39:31 Bản đồ trận: sửa lại người vào sân: Estevão Willian chơi đúng vị trí này.
23:39:31 Bản đồ trận: sửa lại người vào sân: Mark McGuinness chơi đúng vị trí này.
23:39:31 Bản đồ trận: sửa lại người vào sân: Rodrigo Mora chơi đúng vị trí này.
23:39:31 Bản đồ trận: người vào thay Jamie Shackleton đã vào vị trí (đã biết tên: Femi Seriki; game).
23:39:32 Bản đồ trận: sửa lại người vào sân: Mark McGuinness chơi đúng vị trí này.
23:39:32 Bản đồ trận: người vào thay Franco Mastantuono đã vào vị trí (đã biết tên: Estevão Willian; game).
23:39:32 Bản đồ trận: sửa lại người vào sân: Estevão Willian chơi đúng vị trí này.
23:39:32 Bản đồ trận: sửa lại người vào sân: Mark McGuinness chơi đúng vị trí này.
23:39:32 Bản đồ trận: sửa lại người vào sân: Mark McGuinness chơi đúng vị trí này.
23:39:32 Bản đồ trận: người vào thay Franco Mastantuono đã vào vị trí (đã biết tên: Estevão Willian; game).
23:39:32 Bản đồ trận: sửa lại người vào sân: Estevão Willian chơi đúng vị trí này.
23:39:32 Bản đồ trận: sửa lại người vào sân: Mark McGuinness chơi đúng vị trí này.
23:39:32 Bản đồ trận: sửa lại người vào sân: Mark McGuinness chơi đúng vị trí này.
23:39:32 Bản đồ trận: người vào thay Franco Mastantuono đã vào vị trí (đã biết tên: Estevão Willian; game).
23:39:32 Bản đồ trận: sửa lại người vào sân: Estevão Willian chơi đúng vị trí này.
23:39:32 Bản đồ trận: sửa lại người vào sân: Mark McGuinness chơi đúng vị trí này.
23:39:32 Bản đồ trận: sửa lại người vào sân: Femi Seriki chơi đúng vị trí này.
23:39:32 Bản đồ trận: người vào thay Ruben van Bommel đã vào vị trí (đã biết tên: Rodrigo Mora; game).
23:39:32 Bản đồ trận: sửa lại người vào sân: Rodrigo Mora chơi đúng vị trí này.
23:39:32 Bản đồ trận: người vào thay Jamie Shackleton đã vào vị trí (đã biết tên: Femi Seriki; game).
23:39:32 Bản đồ trận: sửa lại người vào sân: Femi Seriki chơi đúng vị trí này.
23:39:32 Bản đồ trận: người vào thay Ruben van Bommel đã vào vị trí (đã biết tên: Rodrigo Mora; game).
23:39:32 Bản đồ trận: sửa lại người vào sân: Rodrigo Mora chơi đúng vị trí này.
23:39:32 Bản đồ trận: người vào thay Jamie Shackleton đã vào vị trí (đã biết tên: Femi Seriki; game).
23:39:32 Bản đồ trận: sửa lại người vào sân: Femi Seriki chơi đúng vị trí này.
23:39:32 Bản đồ trận: người vào thay Ruben van Bommel đã vào vị trí (đã biết tên: Rodrigo Mora; game).
23:39:33 Bản đồ trận: sửa lại người vào sân: Rodrigo Mora chơi đúng vị trí này.
23:39:33 Bản đồ trận: người vào thay Jamie Shackleton đã vào vị trí (đã biết tên: Femi Seriki; game).
23:39:33 Bản đồ trận: sửa lại người vào sân: Femi Seriki chơi đúng vị trí này.
23:39:33 Bản đồ trận: người vào thay Ruben van Bommel đã vào vị trí (đã biết tên: Rodrigo Mora; game).
23:39:33 Bản đồ trận: sửa lại người vào sân: Rodrigo Mora chơi đúng vị trí này.
23:39:33 Bản đồ trận: người vào thay Jamie Shackleton đã vào vị trí (đã biết tên: Femi Seriki; game).
23:39:33 Bản đồ trận: sửa lại người vào sân: Femi Seriki chơi đúng vị trí này.
23:39:33 Bản đồ trận: người vào thay Ruben van Bommel đã vào vị trí (đã biết tên: Rodrigo Mora; game).
23:39:33 Bản đồ trận: sửa lại người vào sân: Rodrigo Mora chơi đúng vị trí này.
23:39:33 Bản đồ trận: người vào thay Jamie Shackleton đã vào vị trí (đã biết tên: Femi Seriki; game).
23:39:42 Bản đồ trận: sửa lại người vào sân: Elias Baum chơi đúng vị trí này.
23:39:42 Bản đồ trận: người vào thay Tyrese Campbell đã vào vị trí (game chưa báo tên; game).
23:39:42 Bản đồ trận: sửa lại người vào sân: người vào thay Tyrese Campbell chơi đúng vị trí này.
23:39:42 Bản đồ trận: người vào thay Iván Fresneda đã vào vị trí (đã biết tên: Elias Baum; game).
23:39:42 Bản đồ trận: sửa lại người vào sân: Elias Baum chơi đúng vị trí này.
23:39:42 Bản đồ trận: người vào thay Tyrese Campbell đã vào vị trí (game chưa báo tên; game).
23:39:42 Bản đồ trận: sửa lại người vào sân: người vào thay Tyrese Campbell chơi đúng vị trí này.
23:39:42 Bản đồ trận: người vào thay Iván Fresneda đã vào vị trí (đã biết tên: Elias Baum; game).
23:39:42 Bản đồ trận: sửa lại người vào sân: Elias Baum chơi đúng vị trí này.
23:39:42 Bản đồ trận: người vào thay Tyrese Campbell đã vào vị trí (game chưa báo tên; game).
23:39:42 Bản đồ trận: sửa lại người vào sân: người vào thay Tyrese Campbell chơi đúng vị trí này.
23:39:42 Bản đồ trận: người vào thay Iván Fresneda đã vào vị trí (đã biết tên: Elias Baum; game).
23:39:42 Bản đồ trận: sửa lại người vào sân: Elias Baum chơi đúng vị trí này.
23:39:42 Bản đồ trận: người vào thay Tyrese Campbell đã vào vị trí (game chưa báo tên; game).
23:39:42 Bản đồ trận: sửa lại người vào sân: người vào thay Tyrese Campbell chơi đúng vị trí này.
23:39:42 Bản đồ trận: người vào thay Iván Fresneda đã vào vị trí (đã biết tên: Elias Baum; game).
23:39:42 Bản đồ trận: sửa lại người vào sân: Elias Baum chơi đúng vị trí này.
23:39:42 Bản đồ trận: người vào thay Tyrese Campbell đã vào vị trí (game chưa báo tên; game).
23:39:42 Bản đồ trận: sửa lại người vào sân: người vào thay Tyrese Campbell chơi đúng vị trí này.
23:39:42 Bản đồ trận: người vào thay Iván Fresneda đã vào vị trí (đã biết tên: Elias Baum; game).
23:39:42 Bản đồ trận: sửa lại người vào sân: Elias Baum chơi đúng vị trí này.
23:39:42 Bản đồ trận: người vào thay Tyrese Campbell đã vào vị trí (game chưa báo tên; game).
23:39:42 Bản đồ trận: sửa lại người vào sân: người vào thay Tyrese Campbell chơi đúng vị trí này.
23:39:42 Bản đồ trận: người vào thay Iván Fresneda đã vào vị trí (đã biết tên: Elias Baum; game).
23:39:42 Bản đồ trận: sửa lại người vào sân: Elias Baum chơi đúng vị trí này.
23:39:42 Bản đồ trận: người vào thay Tyrese Campbell đã vào vị trí (game chưa báo tên; game).
23:39:42 Bản đồ trận: sửa lại người vào sân: người vào thay Tyrese Campbell chơi đúng vị trí này.
23:39:42 Bản đồ trận: người vào thay Iván Fresneda đã vào vị trí (đã biết tên: Elias Baum; game).
23:39:42 Bản đồ trận: sửa lại người vào sân: Elias Baum chơi đúng vị trí này.
23:39:42 Bản đồ trận: người vào thay Tyrese Campbell đã vào vị trí (game chưa báo tên; game).
23:39:42 Bản đồ trận: sửa lại người vào sân: người vào thay Tyrese Campbell chơi đúng vị trí này.
23:39:42 Bản đồ trận: người vào thay Iván Fresneda đã vào vị trí (đã biết tên: Elias Baum; game).
23:39:42 Bản đồ trận: sửa lại người vào sân: Elias Baum chơi đúng vị trí này.
23:39:42 Bản đồ trận: người vào thay Tyrese Campbell đã vào vị trí (game chưa báo tên; game).
23:39:42 Bản đồ trận: sửa lại người vào sân: người vào thay Tyrese Campbell chơi đúng vị trí này.
23:39:42 Bản đồ trận: người vào thay Iván Fresneda đã vào vị trí (đã biết tên: Elias Baum; game).
23:39:42 Bản đồ trận: sửa lại người vào sân: Elias Baum chơi đúng vị trí này.
23:39:42 Bản đồ trận: người vào thay Tyrese Campbell đã vào vị trí (game chưa báo tên; game).
23:39:42 Bản đồ trận: sửa lại người vào sân: người vào thay Tyrese Campbell chơi đúng vị trí này.
23:39:42 Bản đồ trận: người vào thay Iván Fresneda đã vào vị trí (đã biết tên: Elias Baum; game).
23:39:42 Bản đồ trận: sửa lại người vào sân: Elias Baum chơi đúng vị trí này.
23:39:42 Bản đồ trận: người vào thay Tyrese Campbell đã vào vị trí (game chưa báo tên; game).
23:39:42 Bản đồ trận: sửa lại người vào sân: người vào thay Tyrese Campbell chơi đúng vị trí này.
23:39:42 Bản đồ trận: người vào thay Iván Fresneda đã vào vị trí (đã biết tên: Elias Baum; game).
23:39:42 Bản đồ trận: sửa lại người vào sân: Elias Baum chơi đúng vị trí này.
23:39:42 Bản đồ trận: người vào thay Tyrese Campbell đã vào vị trí (game chưa báo tên; game).
23:39:42 Bản đồ trận: sửa lại người vào sân: người vào thay Tyrese Campbell chơi đúng vị trí này.
23:39:42 Bản đồ trận: người vào thay Iván Fresneda đã vào vị trí (đã biết tên: Elias Baum; game).
23:39:42 Bản đồ trận: sửa lại người vào sân: Elias Baum chơi đúng vị trí này.
23:39:42 Bản đồ trận: người vào thay Tyrese Campbell đã vào vị trí (game chưa báo tên; game).
23:39:42 Bản đồ trận: sửa lại người vào sân: người vào thay Tyrese Campbell chơi đúng vị trí này.
23:39:42 Bản đồ trận: người vào thay Iván Fresneda đã vào vị trí (đã biết tên: Elias Baum; game).
23:39:42 Bản đồ trận: sửa lại người vào sân: Elias Baum chơi đúng vị trí này.
23:39:42 Bản đồ trận: người vào thay Tyrese Campbell đã vào vị trí (game chưa báo tên; game).
23:39:42 Bản đồ trận: sửa lại người vào sân: người vào thay Tyrese Campbell chơi đúng vị trí này.
23:39:42 Bản đồ trận: người vào thay Iván Fresneda đã vào vị trí (đã biết tên: Elias Baum; game).
23:39:44 Bản đồ trận: sửa lại người vào sân: người vào thay ? chơi đúng vị trí này.
23:39:44 Bản đồ trận: sửa lại người vào sân: Guille Fernández chơi đúng vị trí này.
23:39:44 Bản đồ trận: sửa lại người vào sân: Guille Fernández chơi đúng vị trí này.
23:39:44 Bản đồ trận: sửa lại người vào sân: người vào thay ? chơi đúng vị trí này.
23:39:45 Bản đồ trận: sửa lại người vào sân: Ben Mee chơi đúng vị trí này.
23:39:45 Bản đồ trận: người vào thay Ruben van Bommel đã vào vị trí (đã biết tên: Rodrigo Mora; game).
23:39:45 Bản đồ trận: sửa lại người vào sân: Rodrigo Mora chơi đúng vị trí này.
23:39:45 Bản đồ trận: sửa lại người vào sân: Ben Mee chơi đúng vị trí này.
23:39:45 Bản đồ trận: sửa lại người vào sân: Ben Mee chơi đúng vị trí này.
23:39:45 Bản đồ trận: người vào thay Ruben van Bommel đã vào vị trí (đã biết tên: Rodrigo Mora; game).
23:39:45 Bản đồ trận: sửa lại người vào sân: Rodrigo Mora chơi đúng vị trí này.
23:39:45 Bản đồ trận: sửa lại người vào sân: Ben Mee chơi đúng vị trí này.
23:39:46 Bản đồ trận: sửa lại người vào sân: Rasmus Højlund chơi đúng vị trí này.
23:39:46 Bản đồ trận: người vào thay Sydie Peck đã vào vị trí (game chưa báo tên; game).
23:39:46 Bản đồ trận: sửa lại người vào sân: người vào thay Sydie Peck chơi đúng vị trí này.
23:39:46 Bản đồ trận: sửa lại người vào sân: Rasmus Højlund chơi đúng vị trí này.
23:39:46 Bản đồ trận: sửa lại người vào sân: Rasmus Højlund chơi đúng vị trí này.
23:39:46 Bản đồ trận: người vào thay Sydie Peck đã vào vị trí (game chưa báo tên; game).
23:39:46 Bản đồ trận: sửa lại người vào sân: người vào thay Sydie Peck chơi đúng vị trí này.
23:39:46 Bản đồ trận: sửa lại người vào sân: Rasmus Højlund chơi đúng vị trí này.
23:39:47 Bản đồ trận: sửa lại người vào sân: Ben Mee chơi đúng vị trí này.
23:39:47 Bản đồ trận: người vào thay Ruben van Bommel đã vào vị trí (đã biết tên: Rodrigo Mora; game).
23:39:47 Bản đồ trận: sửa lại người vào sân: Rodrigo Mora chơi đúng vị trí này.
23:39:47 Bản đồ trận: sửa lại người vào sân: Ben Mee chơi đúng vị trí này.
23:39:47 Bản đồ trận: sửa lại người vào sân: Ben Mee chơi đúng vị trí này.
23:39:47 Bản đồ trận: người vào thay Ruben van Bommel đã vào vị trí (đã biết tên: Rodrigo Mora; game).
23:39:48 Bản đồ trận: sửa lại người vào sân: Rodrigo Mora chơi đúng vị trí này.
23:39:48 Bản đồ trận: sửa lại người vào sân: Ben Mee chơi đúng vị trí này.
23:39:48 Bản đồ trận: sửa lại người vào sân: Ben Mee chơi đúng vị trí này.
23:39:48 Bản đồ trận: người vào thay Ruben van Bommel đã vào vị trí (đã biết tên: Rodrigo Mora; game).
23:39:48 Bản đồ trận: sửa lại người vào sân: Rodrigo Mora chơi đúng vị trí này.
23:39:48 Bản đồ trận: sửa lại người vào sân: Ben Mee chơi đúng vị trí này.
23:39:48 Bản đồ trận: sửa lại người vào sân: Ben Mee chơi đúng vị trí này.
23:39:48 Bản đồ trận: người vào thay Ruben van Bommel đã vào vị trí (đã biết tên: Rodrigo Mora; game).
23:39:48 Bản đồ trận: sửa lại người vào sân: Rodrigo Mora chơi đúng vị trí này.
23:39:48 Bản đồ trận: sửa lại người vào sân: Ben Mee chơi đúng vị trí này.
23:39:48 Bản đồ trận: sửa lại người vào sân: Rasmus Højlund chơi đúng vị trí này.
23:39:48 Bản đồ trận: người vào thay Sydie Peck đã vào vị trí (game chưa báo tên; game).
23:39:48 Bản đồ trận: sửa lại người vào sân: Ben Mee chơi đúng vị trí này.
23:39:48 Bản đồ trận: người vào thay Ruben van Bommel đã vào vị trí (đã biết tên: Rodrigo Mora; game).
23:39:48 Bản đồ trận: sửa lại người vào sân: người vào thay Sydie Peck chơi đúng vị trí này.
23:39:48 Bản đồ trận: sửa lại người vào sân: Rasmus Højlund chơi đúng vị trí này.
23:39:48 Bản đồ trận: sửa lại người vào sân: Rodrigo Mora chơi đúng vị trí này.
23:39:48 Bản đồ trận: sửa lại người vào sân: Ben Mee chơi đúng vị trí này.
23:39:48 Bản đồ trận: sửa lại người vào sân: Rasmus Højlund chơi đúng vị trí này.
23:39:48 Bản đồ trận: người vào thay Sydie Peck đã vào vị trí (game chưa báo tên; game).
23:39:48 Bản đồ trận: sửa lại người vào sân: Ben Mee chơi đúng vị trí này.
23:39:48 Bản đồ trận: người vào thay Ruben van Bommel đã vào vị trí (đã biết tên: Rodrigo Mora; game).
23:39:48 Bản đồ trận: sửa lại người vào sân: người vào thay Sydie Peck chơi đúng vị trí này.
23:39:48 Bản đồ trận: sửa lại người vào sân: Rasmus Højlund chơi đúng vị trí này.
23:39:48 Bản đồ trận: sửa lại người vào sân: Rodrigo Mora chơi đúng vị trí này.
23:39:48 Bản đồ trận: sửa lại người vào sân: Ben Mee chơi đúng vị trí này.
23:39:48 Bản đồ trận: sửa lại người vào sân: Rasmus Højlund chơi đúng vị trí này.
23:39:48 Bản đồ trận: người vào thay Sydie Peck đã vào vị trí (game chưa báo tên; game).
23:39:48 Bản đồ trận: sửa lại người vào sân: Ben Mee chơi đúng vị trí này.
23:39:48 Bản đồ trận: người vào thay Ruben van Bommel đã vào vị trí (đã biết tên: Rodrigo Mora; game).
23:39:48 Bản đồ trận: sửa lại người vào sân: người vào thay Sydie Peck chơi đúng vị trí này.
23:39:48 Bản đồ trận: sửa lại người vào sân: Rasmus Højlund chơi đúng vị trí này.
23:39:48 Bản đồ trận: sửa lại người vào sân: Rodrigo Mora chơi đúng vị trí này.
23:39:48 Bản đồ trận: sửa lại người vào sân: Ben Mee chơi đúng vị trí này.
23:39:48 Bản đồ trận: sửa lại người vào sân: Rasmus Højlund chơi đúng vị trí này.
23:39:48 Bản đồ trận: người vào thay Sydie Peck đã vào vị trí (game chưa báo tên; game).
23:39:48 Bản đồ trận: sửa lại người vào sân: Ben Mee chơi đúng vị trí này.
23:39:48 Bản đồ trận: người vào thay Ruben van Bommel đã vào vị trí (đã biết tên: Rodrigo Mora; game).
23:39:48 Bản đồ trận: sửa lại người vào sân: người vào thay Sydie Peck chơi đúng vị trí này.
23:39:48 Bản đồ trận: sửa lại người vào sân: Rasmus Højlund chơi đúng vị trí này.
23:39:48 Bản đồ trận: sửa lại người vào sân: Rodrigo Mora chơi đúng vị trí này.
23:39:48 Bản đồ trận: sửa lại người vào sân: Ben Mee chơi đúng vị trí này.
23:39:48 Bản đồ trận: sửa lại người vào sân: Ben Mee chơi đúng vị trí này.
23:39:48 Bản đồ trận: người vào thay Ruben van Bommel đã vào vị trí (đã biết tên: Rodrigo Mora; game).
23:39:48 Bản đồ trận: sửa lại người vào sân: Rodrigo Mora chơi đúng vị trí này.
23:39:48 Bản đồ trận: sửa lại người vào sân: Ben Mee chơi đúng vị trí này.
23:39:48 Bản đồ trận: sửa lại người vào sân: Ben Mee chơi đúng vị trí này.
23:39:48 Bản đồ trận: người vào thay Ruben van Bommel đã vào vị trí (đã biết tên: Rodrigo Mora; game).
23:39:48 Bản đồ trận: sửa lại người vào sân: Rodrigo Mora chơi đúng vị trí này.
23:39:48 Bản đồ trận: sửa lại người vào sân: Ben Mee chơi đúng vị trí này.
23:39:48 Bản đồ trận: sửa lại người vào sân: Ben Mee chơi đúng vị trí này.
23:39:48 Bản đồ trận: người vào thay Ruben van Bommel đã vào vị trí (đã biết tên: Rodrigo Mora; game).
23:39:48 Bản đồ trận: sửa lại người vào sân: Rodrigo Mora chơi đúng vị trí này.
23:39:48 Bản đồ trận: sửa lại người vào sân: Ben Mee chơi đúng vị trí này.
23:39:48 Bản đồ trận: sửa lại người vào sân: Ben Mee chơi đúng vị trí này.
23:39:48 Bản đồ trận: người vào thay Ruben van Bommel đã vào vị trí (đã biết tên: Rodrigo Mora; game).
23:39:48 Bản đồ trận: sửa lại người vào sân: Rodrigo Mora chơi đúng vị trí này.
23:39:48 Bản đồ trận: sửa lại người vào sân: Ben Mee chơi đúng vị trí này.
23:39:49 Bản đồ trận: sửa lại người vào sân: Femi Seriki chơi đúng vị trí này.
23:39:49 Bản đồ trận: người vào thay Ruben van Bommel đã vào vị trí (đã biết tên: Rodrigo Mora; game).
23:39:50 Bản đồ trận: sửa lại người vào sân: Rodrigo Mora chơi đúng vị trí này.
23:39:50 Bản đồ trận: người vào thay Jamie Shackleton đã vào vị trí (đã biết tên: Femi Seriki; game).
23:39:50 Bản đồ trận: sửa lại người vào sân: Femi Seriki chơi đúng vị trí này.
23:39:50 Bản đồ trận: người vào thay Ruben van Bommel đã vào vị trí (đã biết tên: Rodrigo Mora; game).
23:39:50 Bản đồ trận: sửa lại người vào sân: Rodrigo Mora chơi đúng vị trí này.
23:39:50 Bản đồ trận: người vào thay Jamie Shackleton đã vào vị trí (đã biết tên: Femi Seriki; game).
23:39:50 Bản đồ trận: sửa lại người vào sân: Femi Seriki chơi đúng vị trí này.
23:39:50 Bản đồ trận: người vào thay Ruben van Bommel đã vào vị trí (đã biết tên: Rodrigo Mora; game).
23:39:50 Bản đồ trận: sửa lại người vào sân: Rodrigo Mora chơi đúng vị trí này.
23:39:50 Bản đồ trận: người vào thay Jamie Shackleton đã vào vị trí (đã biết tên: Femi Seriki; game).
23:39:50 Bản đồ trận: sửa lại người vào sân: Femi Seriki chơi đúng vị trí này.
23:39:50 Bản đồ trận: người vào thay Ruben van Bommel đã vào vị trí (đã biết tên: Rodrigo Mora; game).
23:39:50 Bản đồ trận: sửa lại người vào sân: Rodrigo Mora chơi đúng vị trí này.
23:39:50 Bản đồ trận: người vào thay Jamie Shackleton đã vào vị trí (đã biết tên: Femi Seriki; game).
23:39:50 Bản đồ trận: sửa lại người vào sân: Femi Seriki chơi đúng vị trí này.
23:39:50 Bản đồ trận: người vào thay Ruben van Bommel đã vào vị trí (đã biết tên: Rodrigo Mora; game).
23:39:50 Bản đồ trận: sửa lại người vào sân: Rodrigo Mora chơi đúng vị trí này.
23:39:50 Bản đồ trận: người vào thay Jamie Shackleton đã vào vị trí (đã biết tên: Femi Seriki; game).
23:39:50 Bản đồ trận: sửa lại người vào sân: Femi Seriki chơi đúng vị trí này.
23:39:50 Bản đồ trận: người vào thay Ruben van Bommel đã vào vị trí (đã biết tên: Rodrigo Mora; game).
23:39:50 Bản đồ trận: sửa lại người vào sân: Rodrigo Mora chơi đúng vị trí này.
23:39:50 Bản đồ trận: người vào thay Jamie Shackleton đã vào vị trí (đã biết tên: Femi Seriki; game).
23:39:50 Bản đồ trận: sửa lại người vào sân: Femi Seriki chơi đúng vị trí này.
23:39:50 Bản đồ trận: người vào thay Ruben van Bommel đã vào vị trí (đã biết tên: Rodrigo Mora; game).
23:39:50 Bản đồ trận: sửa lại người vào sân: Rodrigo Mora chơi đúng vị trí này.
23:39:50 Bản đồ trận: người vào thay Jamie Shackleton đã vào vị trí (đã biết tên: Femi Seriki; game).
23:39:50 Bản đồ trận: sửa lại người vào sân: Femi Seriki chơi đúng vị trí này.
23:39:50 Bản đồ trận: người vào thay Ruben van Bommel đã vào vị trí (đã biết tên: Rodrigo Mora; game).
23:39:50 Bản đồ trận: sửa lại người vào sân: Rodrigo Mora chơi đúng vị trí này.
23:39:50 Bản đồ trận: người vào thay Jamie Shackleton đã vào vị trí (đã biết tên: Femi Seriki; game).
23:39:50 Bản đồ trận: sửa lại người vào sân: Femi Seriki chơi đúng vị trí này.
23:39:50 Bản đồ trận: người vào thay Ruben van Bommel đã vào vị trí (đã biết tên: Rodrigo Mora; game).
23:39:50 Bản đồ trận: sửa lại người vào sân: Rodrigo Mora chơi đúng vị trí này.
23:39:50 Bản đồ trận: người vào thay Jamie Shackleton đã vào vị trí (đã biết tên: Femi Seriki; game).
23:39:50 Bản đồ trận: sửa lại người vào sân: Femi Seriki chơi đúng vị trí này.
23:39:50 Bản đồ trận: người vào thay Ruben van Bommel đã vào vị trí (đã biết tên: Rodrigo Mora; game).
23:39:50 Bản đồ trận: sửa lại người vào sân: Rodrigo Mora chơi đúng vị trí này.
23:39:50 Bản đồ trận: người vào thay Jamie Shackleton đã vào vị trí (đã biết tên: Femi Seriki; game).
23:39:53 Bản đồ trận: sửa lại người vào sân: Rasmus Højlund chơi đúng vị trí này.
23:39:53 Bản đồ trận: người vào thay Sydie Peck đã vào vị trí (game chưa báo tên; game).
23:39:53 Bản đồ trận: sửa lại người vào sân: người vào thay Sydie Peck chơi đúng vị trí này.
23:39:53 Bản đồ trận: sửa lại người vào sân: Rasmus Højlund chơi đúng vị trí này.
23:39:53 Bản đồ trận: sửa lại người vào sân: Rasmus Højlund chơi đúng vị trí này.
23:39:53 Bản đồ trận: người vào thay Sydie Peck đã vào vị trí (game chưa báo tên; game).
23:39:53 Bản đồ trận: sửa lại người vào sân: người vào thay Sydie Peck chơi đúng vị trí này.
23:39:53 Bản đồ trận: sửa lại người vào sân: Rasmus Højlund chơi đúng vị trí này.
23:39:53 Bản đồ trận: sửa lại người vào sân: Rasmus Højlund chơi đúng vị trí này.
23:39:53 Bản đồ trận: người vào thay Sydie Peck đã vào vị trí (game chưa báo tên; game).
23:39:53 Bản đồ trận: sửa lại người vào sân: người vào thay Sydie Peck chơi đúng vị trí này.
23:39:53 Bản đồ trận: sửa lại người vào sân: Rasmus Højlund chơi đúng vị trí này.
23:39:53 Bản đồ trận: sửa lại người vào sân: Rasmus Højlund chơi đúng vị trí này.
23:39:53 Bản đồ trận: người vào thay Sydie Peck đã vào vị trí (game chưa báo tên; game).
23:39:53 Bản đồ trận: sửa lại người vào sân: người vào thay Sydie Peck chơi đúng vị trí này.
23:39:53 Bản đồ trận: sửa lại người vào sân: Rasmus Højlund chơi đúng vị trí này.
23:39:53 Bản đồ trận: sửa lại người vào sân: Rasmus Højlund chơi đúng vị trí này.
23:39:53 Bản đồ trận: người vào thay Sydie Peck đã vào vị trí (game chưa báo tên; game).
23:39:53 Bản đồ trận: sửa lại người vào sân: người vào thay Sydie Peck chơi đúng vị trí này.
23:39:53 Bản đồ trận: sửa lại người vào sân: Rasmus Højlund chơi đúng vị trí này.
23:39:54 Bản đồ trận: sửa lại người vào sân: Rasmus Højlund chơi đúng vị trí này.
23:39:54 Bản đồ trận: người vào thay Sydie Peck đã vào vị trí (game chưa báo tên; game).
23:39:54 Bản đồ trận: sửa lại người vào sân: người vào thay Sydie Peck chơi đúng vị trí này.
23:39:54 Bản đồ trận: sửa lại người vào sân: Rasmus Højlund chơi đúng vị trí này.
23:39:54 Bản đồ trận: sửa lại người vào sân: Rasmus Højlund chơi đúng vị trí này.
23:39:54 Bản đồ trận: người vào thay Sydie Peck đã vào vị trí (game chưa báo tên; game).
23:39:54 Bản đồ trận: sửa lại người vào sân: người vào thay Sydie Peck chơi đúng vị trí này.
23:39:54 Bản đồ trận: sửa lại người vào sân: Rasmus Højlund chơi đúng vị trí này.
23:39:54 Bản đồ trận: sửa lại người vào sân: Rasmus Højlund chơi đúng vị trí này.
23:39:54 Bản đồ trận: người vào thay Sydie Peck đã vào vị trí (game chưa báo tên; game).
23:39:54 Bản đồ trận: sửa lại người vào sân: người vào thay Sydie Peck chơi đúng vị trí này.
23:39:54 Bản đồ trận: sửa lại người vào sân: Rasmus Højlund chơi đúng vị trí này.
23:39:54 Bản đồ trận: sửa lại người vào sân: Rasmus Højlund chơi đúng vị trí này.
23:39:54 Bản đồ trận: người vào thay Sydie Peck đã vào vị trí (game chưa báo tên; game).
23:39:54 Bản đồ trận: sửa lại người vào sân: người vào thay Sydie Peck chơi đúng vị trí này.
23:39:54 Bản đồ trận: sửa lại người vào sân: Rasmus Højlund chơi đúng vị trí này.
23:39:55 Bản đồ trận: sửa lại người vào sân: Rasmus Højlund chơi đúng vị trí này.
23:39:55 Bản đồ trận: người vào thay Sydie Peck đã vào vị trí (game chưa báo tên; game).
23:39:55 Bản đồ trận: sửa lại người vào sân: người vào thay Sydie Peck chơi đúng vị trí này.
23:39:55 Bản đồ trận: sửa lại người vào sân: Rasmus Højlund chơi đúng vị trí này.
23:39:55 Bản đồ trận: sửa lại người vào sân: Rasmus Højlund chơi đúng vị trí này.
23:39:55 Bản đồ trận: người vào thay Sydie Peck đã vào vị trí (game chưa báo tên; game).
23:39:55 Bản đồ trận: sửa lại người vào sân: người vào thay Sydie Peck chơi đúng vị trí này.
23:39:55 Bản đồ trận: sửa lại người vào sân: Rasmus Højlund chơi đúng vị trí này.
23:39:55 Bản đồ trận: sửa lại người vào sân: Rasmus Højlund chơi đúng vị trí này.
23:39:55 Bản đồ trận: người vào thay Sydie Peck đã vào vị trí (game chưa báo tên; game).
23:39:55 Bản đồ trận: sửa lại người vào sân: người vào thay Sydie Peck chơi đúng vị trí này.
23:39:55 Bản đồ trận: sửa lại người vào sân: Rasmus Højlund chơi đúng vị trí này.
23:39:55 Bản đồ trận: sửa lại người vào sân: Rasmus Højlund chơi đúng vị trí này.
23:39:55 Bản đồ trận: người vào thay Sydie Peck đã vào vị trí (game chưa báo tên; game).
23:39:55 Bản đồ trận: sửa lại người vào sân: người vào thay Sydie Peck chơi đúng vị trí này.
23:39:55 Bản đồ trận: sửa lại người vào sân: Rasmus Højlund chơi đúng vị trí này.
23:39:55 Bản đồ trận: sửa lại người vào sân: Rasmus Højlund chơi đúng vị trí này.
23:39:55 Bản đồ trận: người vào thay Sydie Peck đã vào vị trí (game chưa báo tên; game).
23:39:55 Bản đồ trận: sửa lại người vào sân: người vào thay Sydie Peck chơi đúng vị trí này.
23:39:55 Bản đồ trận: sửa lại người vào sân: Rasmus Højlund chơi đúng vị trí này.
23:40:02 Bản đồ trận: sửa lại người vào sân: Rasmus Højlund chơi đúng vị trí này.
23:40:02 Bản đồ trận: người vào thay Sydie Peck đã vào vị trí (game chưa báo tên; game).
23:40:02 Bản đồ trận: sửa lại người vào sân: người vào thay Sydie Peck chơi đúng vị trí này.
23:40:02 Bản đồ trận: sửa lại người vào sân: Rasmus Højlund chơi đúng vị trí này.
23:40:02 Bản đồ trận: sửa lại người vào sân: Rasmus Højlund chơi đúng vị trí này.
23:40:02 Bản đồ trận: người vào thay Sydie Peck đã vào vị trí (game chưa báo tên; game).
23:40:02 Bản đồ trận: sửa lại người vào sân: người vào thay Sydie Peck chơi đúng vị trí này.
23:40:02 Bản đồ trận: sửa lại người vào sân: Rasmus Højlund chơi đúng vị trí này.
23:40:02 Bản đồ trận: sửa lại người vào sân: Rasmus Højlund chơi đúng vị trí này.
23:40:02 Bản đồ trận: người vào thay Sydie Peck đã vào vị trí (game chưa báo tên; game).
23:40:02 Bản đồ trận: sửa lại người vào sân: người vào thay Sydie Peck chơi đúng vị trí này.
23:40:02 Bản đồ trận: sửa lại người vào sân: Rasmus Højlund chơi đúng vị trí này.
23:40:02 Bản đồ trận: sửa lại người vào sân: Rasmus Højlund chơi đúng vị trí này.
23:40:02 Bản đồ trận: người vào thay Sydie Peck đã vào vị trí (game chưa báo tên; game).
23:40:02 Bản đồ trận: sửa lại người vào sân: người vào thay Sydie Peck chơi đúng vị trí này.
23:40:02 Bản đồ trận: sửa lại người vào sân: Rasmus Højlund chơi đúng vị trí này.
23:40:02 Bản đồ trận: sửa lại người vào sân: Rasmus Højlund chơi đúng vị trí này.
23:40:02 Bản đồ trận: người vào thay Sydie Peck đã vào vị trí (game chưa báo tên; game).
23:40:02 Bản đồ trận: sửa lại người vào sân: người vào thay Sydie Peck chơi đúng vị trí này.
23:40:02 Bản đồ trận: sửa lại người vào sân: Rasmus Højlund chơi đúng vị trí này.
23:40:02 Bản đồ trận: sửa lại người vào sân: Rasmus Højlund chơi đúng vị trí này.
23:40:02 Bản đồ trận: người vào thay Sydie Peck đã vào vị trí (game chưa báo tên; game).
23:40:02 Bản đồ trận: sửa lại người vào sân: người vào thay Sydie Peck chơi đúng vị trí này.
23:40:02 Bản đồ trận: sửa lại người vào sân: Rasmus Højlund chơi đúng vị trí này.
23:40:02 Bản đồ trận: sửa lại người vào sân: Rasmus Højlund chơi đúng vị trí này.
23:40:02 Bản đồ trận: người vào thay Sydie Peck đã vào vị trí (game chưa báo tên; game).
23:40:02 Bản đồ trận: sửa lại người vào sân: người vào thay Sydie Peck chơi đúng vị trí này.
23:40:02 Bản đồ trận: sửa lại người vào sân: Rasmus Højlund chơi đúng vị trí này.
23:40:02 Bản đồ trận: sửa lại người vào sân: Rasmus Højlund chơi đúng vị trí này.
23:40:02 Bản đồ trận: người vào thay Sydie Peck đã vào vị trí (game chưa báo tên; game).
23:40:02 Bản đồ trận: sửa lại người vào sân: người vào thay Sydie Peck chơi đúng vị trí này.
23:40:02 Bản đồ trận: sửa lại người vào sân: Rasmus Højlund chơi đúng vị trí này.
23:40:02 Bản đồ trận: sửa lại người vào sân: Rasmus Højlund chơi đúng vị trí này.
23:40:02 Bản đồ trận: người vào thay Sydie Peck đã vào vị trí (game chưa báo tên; game).
23:40:02 Bản đồ trận: sửa lại người vào sân: người vào thay Sydie Peck chơi đúng vị trí này.
23:40:02 Bản đồ trận: sửa lại người vào sân: Rasmus Højlund chơi đúng vị trí này.
23:40:02 Bản đồ trận: sửa lại người vào sân: Rasmus Højlund chơi đúng vị trí này.
23:40:02 Bản đồ trận: người vào thay Sydie Peck đã vào vị trí (game chưa báo tên; game).
23:40:02 Bản đồ trận: sửa lại người vào sân: người vào thay Sydie Peck chơi đúng vị trí này.
23:40:02 Bản đồ trận: sửa lại người vào sân: Rasmus Højlund chơi đúng vị trí này.
23:40:02 Bản đồ trận: sửa lại người vào sân: Rasmus Højlund chơi đúng vị trí này.
23:40:02 Bản đồ trận: người vào thay Sydie Peck đã vào vị trí (game chưa báo tên; game).
23:40:02 Bản đồ trận: sửa lại người vào sân: người vào thay Sydie Peck chơi đúng vị trí này.
23:40:02 Bản đồ trận: sửa lại người vào sân: Rasmus Højlund chơi đúng vị trí này.
23:40:02 Bản đồ trận: sửa lại người vào sân: Rasmus Højlund chơi đúng vị trí này.
23:40:02 Bản đồ trận: người vào thay Sydie Peck đã vào vị trí (game chưa báo tên; game).
23:40:02 Bản đồ trận: sửa lại người vào sân: người vào thay Sydie Peck chơi đúng vị trí này.
23:40:02 Bản đồ trận: sửa lại người vào sân: Rasmus Højlund chơi đúng vị trí này.
23:40:02 Bản đồ trận: sửa lại người vào sân: Rasmus Højlund chơi đúng vị trí này.
23:40:02 Bản đồ trận: người vào thay Sydie Peck đã vào vị trí (game chưa báo tên; game).
23:40:02 Bản đồ trận: sửa lại người vào sân: người vào thay Sydie Peck chơi đúng vị trí này.
23:40:02 Bản đồ trận: sửa lại người vào sân: Rasmus Højlund chơi đúng vị trí này.
23:40:02 Bản đồ trận: sửa lại người vào sân: Rasmus Højlund chơi đúng vị trí này.
23:40:02 Bản đồ trận: người vào thay Sydie Peck đã vào vị trí (game chưa báo tên; game).
23:40:02 Bản đồ trận: sửa lại người vào sân: người vào thay Sydie Peck chơi đúng vị trí này.
23:40:02 Bản đồ trận: sửa lại người vào sân: Rasmus Højlund chơi đúng vị trí này.
23:40:02 Bản đồ trận: sửa lại người vào sân: Rasmus Højlund chơi đúng vị trí này.
23:40:02 Bản đồ trận: người vào thay Sydie Peck đã vào vị trí (game chưa báo tên; game).
23:40:02 Bản đồ trận: sửa lại người vào sân: người vào thay Sydie Peck chơi đúng vị trí này.
23:40:02 Bản đồ trận: sửa lại người vào sân: Rasmus Højlund chơi đúng vị trí này.
23:40:02 Bản đồ trận: sửa lại người vào sân: Rasmus Højlund chơi đúng vị trí này.
23:40:02 Bản đồ trận: người vào thay Sydie Peck đã vào vị trí (game chưa báo tên; game).
23:40:02 Bản đồ trận: sửa lại người vào sân: người vào thay Sydie Peck chơi đúng vị trí này.
23:40:02 Bản đồ trận: sửa lại người vào sân: Rasmus Højlund chơi đúng vị trí này.
23:40:03 Bản đồ trận: sửa lại người vào sân: Rasmus Højlund chơi đúng vị trí này.
23:40:03 Bản đồ trận: người vào thay Sydie Peck đã vào vị trí (game chưa báo tên; game).
23:40:03 Bản đồ trận: sửa lại người vào sân: người vào thay Sydie Peck chơi đúng vị trí này.
23:40:03 Bản đồ trận: sửa lại người vào sân: Rasmus Højlund chơi đúng vị trí này.
23:40:03 Bản đồ trận: sửa lại người vào sân: Rasmus Højlund chơi đúng vị trí này.
23:40:03 Bản đồ trận: người vào thay Sydie Peck đã vào vị trí (game chưa báo tên; game).
23:40:03 Bản đồ trận: sửa lại người vào sân: người vào thay Sydie Peck chơi đúng vị trí này.
23:40:03 Bản đồ trận: sửa lại người vào sân: Rasmus Højlund chơi đúng vị trí này.
23:40:03 Bản đồ trận: sửa lại người vào sân: Rasmus Højlund chơi đúng vị trí này.
23:40:03 Bản đồ trận: người vào thay Sydie Peck đã vào vị trí (game chưa báo tên; game).
23:40:03 Bản đồ trận: sửa lại người vào sân: người vào thay Sydie Peck chơi đúng vị trí này.
23:40:03 Bản đồ trận: sửa lại người vào sân: Rasmus Højlund chơi đúng vị trí này.
23:40:03 Bản đồ trận: sửa lại người vào sân: Rasmus Højlund chơi đúng vị trí này.
23:40:03 Bản đồ trận: người vào thay Sydie Peck đã vào vị trí (game chưa báo tên; game).
23:40:03 Bản đồ trận: sửa lại người vào sân: người vào thay Sydie Peck chơi đúng vị trí này.
23:40:03 Bản đồ trận: sửa lại người vào sân: Rasmus Højlund chơi đúng vị trí này.
23:40:03 Bản đồ trận: sửa lại người vào sân: Rasmus Højlund chơi đúng vị trí này.
23:40:03 Bản đồ trận: người vào thay Sydie Peck đã vào vị trí (game chưa báo tên; game).
23:40:03 Bản đồ trận: sửa lại người vào sân: người vào thay Sydie Peck chơi đúng vị trí này.
23:40:03 Bản đồ trận: sửa lại người vào sân: Rasmus Højlund chơi đúng vị trí này.
23:40:03 Bản đồ trận: sửa lại người vào sân: Rasmus Højlund chơi đúng vị trí này.
23:40:03 Bản đồ trận: người vào thay Sydie Peck đã vào vị trí (game chưa báo tên; game).
23:40:03 Bản đồ trận: sửa lại người vào sân: người vào thay Sydie Peck chơi đúng vị trí này.
23:40:03 Bản đồ trận: sửa lại người vào sân: Rasmus Højlund chơi đúng vị trí này.
23:40:03 Bản đồ trận: sửa lại người vào sân: Rasmus Højlund chơi đúng vị trí này.
23:40:03 Bản đồ trận: người vào thay Sydie Peck đã vào vị trí (game chưa báo tên; game).
23:40:03 Bản đồ trận: sửa lại người vào sân: người vào thay Sydie Peck chơi đúng vị trí này.
23:40:03 Bản đồ trận: sửa lại người vào sân: Rasmus Højlund chơi đúng vị trí này.
23:40:03 Bản đồ trận: sửa lại người vào sân: Rasmus Højlund chơi đúng vị trí này.
23:40:03 Bản đồ trận: người vào thay Sydie Peck đã vào vị trí (game chưa báo tên; game).
23:40:03 Bản đồ trận: sửa lại người vào sân: người vào thay Sydie Peck chơi đúng vị trí này.
23:40:03 Bản đồ trận: sửa lại người vào sân: Rasmus Højlund chơi đúng vị trí này.
23:40:03 Bản đồ trận: sửa lại người vào sân: Rasmus Højlund chơi đúng vị trí này.
23:40:03 Bản đồ trận: người vào thay Sydie Peck đã vào vị trí (game chưa báo tên; game).
23:40:03 Bản đồ trận: sửa lại người vào sân: người vào thay Sydie Peck chơi đúng vị trí này.
23:40:03 Bản đồ trận: sửa lại người vào sân: Rasmus Højlund chơi đúng vị trí này.
23:40:03 Bản đồ trận: sửa lại người vào sân: Rasmus Højlund chơi đúng vị trí này.
23:40:03 Bản đồ trận: người vào thay Sydie Peck đã vào vị trí (game chưa báo tên; game).
23:40:03 Bản đồ trận: sửa lại người vào sân: người vào thay Sydie Peck chơi đúng vị trí này.
23:40:03 Bản đồ trận: sửa lại người vào sân: Rasmus Højlund chơi đúng vị trí này.
23:40:03 Bản đồ trận: sửa lại người vào sân: Rasmus Højlund chơi đúng vị trí này.
23:40:03 Bản đồ trận: người vào thay Sydie Peck đã vào vị trí (game chưa báo tên; game).
23:40:03 Bản đồ trận: sửa lại người vào sân: người vào thay Sydie Peck chơi đúng vị trí này.
23:40:03 Bản đồ trận: sửa lại người vào sân: Rasmus Højlund chơi đúng vị trí này.
23:40:03 Bản đồ trận: sửa lại người vào sân: Rasmus Højlund chơi đúng vị trí này.
23:40:03 Bản đồ trận: người vào thay Sydie Peck đã vào vị trí (game chưa báo tên; game).
23:40:03 Bản đồ trận: sửa lại người vào sân: người vào thay Sydie Peck chơi đúng vị trí này.
23:40:03 Bản đồ trận: sửa lại người vào sân: Rasmus Højlund chơi đúng vị trí này.
23:40:03 Bản đồ trận: sửa lại người vào sân: Rasmus Højlund chơi đúng vị trí này.
23:40:03 Bản đồ trận: người vào thay Sydie Peck đã vào vị trí (game chưa báo tên; game).
23:40:03 Bản đồ trận: sửa lại người vào sân: người vào thay Sydie Peck chơi đúng vị trí này.
23:40:03 Bản đồ trận: sửa lại người vào sân: Rasmus Højlund chơi đúng vị trí này.
23:40:03 Bản đồ trận: sửa lại người vào sân: Rasmus Højlund chơi đúng vị trí này.
23:40:03 Bản đồ trận: người vào thay Sydie Peck đã vào vị trí (game chưa báo tên; game).
23:40:03 Bản đồ trận: sửa lại người vào sân: người vào thay Sydie Peck chơi đúng vị trí này.
23:40:03 Bản đồ trận: sửa lại người vào sân: Rasmus Højlund chơi đúng vị trí này.
23:40:03 Bản đồ trận: sửa lại người vào sân: Rasmus Højlund chơi đúng vị trí này.
23:40:03 Bản đồ trận: người vào thay Sydie Peck đã vào vị trí (game chưa báo tên; game).
23:40:03 Bản đồ trận: sửa lại người vào sân: người vào thay Sydie Peck chơi đúng vị trí này.
23:40:03 Bản đồ trận: sửa lại người vào sân: Rasmus Højlund chơi đúng vị trí này.
23:40:03 Bản đồ trận: sửa lại người vào sân: Rasmus Højlund chơi đúng vị trí này.
23:40:03 Bản đồ trận: người vào thay Sydie Peck đã vào vị trí (game chưa báo tên; game).
23:40:03 Bản đồ trận: sửa lại người vào sân: người vào thay Sydie Peck chơi đúng vị trí này.
23:40:03 Bản đồ trận: sửa lại người vào sân: Rasmus Højlund chơi đúng vị trí này.
23:40:04 Bản đồ trận: sửa lại người vào sân: Rasmus Højlund chơi đúng vị trí này.
23:40:04 Bản đồ trận: người vào thay Sydie Peck đã vào vị trí (game chưa báo tên; game).
23:40:04 Bản đồ trận: sửa lại người vào sân: người vào thay Sydie Peck chơi đúng vị trí này.
23:40:04 Bản đồ trận: sửa lại người vào sân: Rasmus Højlund chơi đúng vị trí này.
23:40:04 Bản đồ trận: sửa lại người vào sân: Rasmus Højlund chơi đúng vị trí này.
23:40:04 Bản đồ trận: người vào thay Sydie Peck đã vào vị trí (game chưa báo tên; game).
23:40:04 Bản đồ trận: sửa lại người vào sân: người vào thay Sydie Peck chơi đúng vị trí này.
23:40:04 Bản đồ trận: sửa lại người vào sân: Rasmus Højlund chơi đúng vị trí này.
23:40:04 Bản đồ trận: sửa lại người vào sân: Rasmus Højlund chơi đúng vị trí này.
23:40:04 Bản đồ trận: người vào thay Sydie Peck đã vào vị trí (game chưa báo tên; game).
23:40:04 Bản đồ trận: sửa lại người vào sân: người vào thay Sydie Peck chơi đúng vị trí này.
23:40:04 Bản đồ trận: sửa lại người vào sân: Rasmus Højlund chơi đúng vị trí này.
23:40:04 Bản đồ trận: sửa lại người vào sân: Rasmus Højlund chơi đúng vị trí này.
23:40:04 Bản đồ trận: người vào thay Sydie Peck đã vào vị trí (game chưa báo tên; game).
23:40:04 Bản đồ trận: sửa lại người vào sân: người vào thay Sydie Peck chơi đúng vị trí này.
23:40:04 Bản đồ trận: sửa lại người vào sân: Rasmus Højlund chơi đúng vị trí này.
23:40:04 Bản đồ trận: sửa lại người vào sân: Rasmus Højlund chơi đúng vị trí này.
23:40:04 Bản đồ trận: người vào thay Sydie Peck đã vào vị trí (game chưa báo tên; game).
23:40:04 Bản đồ trận: sửa lại người vào sân: người vào thay Sydie Peck chơi đúng vị trí này.
23:40:04 Bản đồ trận: sửa lại người vào sân: Rasmus Højlund chơi đúng vị trí này.
23:40:07 Bản đồ trận: sửa lại người vào sân: người vào thay Callum O'Hare chơi đúng vị trí này.
23:40:07 Bản đồ trận: người vào thay Joaquin Seys đã vào vị trí (đã biết tên: Myles Lewis-Skelly; game).
23:40:07 Bản đồ trận: sửa lại người vào sân: Myles Lewis-Skelly chơi đúng vị trí này.
23:40:07 Bản đồ trận: người vào thay Callum O'Hare đã vào vị trí (game chưa báo tên; game).
23:40:07 Bản đồ trận: sửa lại người vào sân: người vào thay Callum O'Hare chơi đúng vị trí này.
23:40:07 Bản đồ trận: người vào thay Joaquin Seys đã vào vị trí (đã biết tên: Myles Lewis-Skelly; game).
23:40:07 Bản đồ trận: sửa lại người vào sân: Myles Lewis-Skelly chơi đúng vị trí này.
23:40:07 Bản đồ trận: người vào thay Callum O'Hare đã vào vị trí (game chưa báo tên; game).
23:40:07 Bản đồ trận: sửa lại người vào sân: người vào thay Callum O'Hare chơi đúng vị trí này.
23:40:07 Bản đồ trận: người vào thay Joaquin Seys đã vào vị trí (đã biết tên: Myles Lewis-Skelly; game).
23:40:07 Bản đồ trận: sửa lại người vào sân: Rasmus Højlund chơi đúng vị trí này.
23:40:07 Bản đồ trận: người vào thay Sydie Peck đã vào vị trí (game chưa báo tên; game).
23:40:07 Bản đồ trận: sửa lại người vào sân: Myles Lewis-Skelly chơi đúng vị trí này.
23:40:07 Bản đồ trận: người vào thay Callum O'Hare đã vào vị trí (game chưa báo tên; game).
23:40:07 Bản đồ trận: sửa lại người vào sân: người vào thay Callum O'Hare chơi đúng vị trí này.
23:40:07 Bản đồ trận: người vào thay Joaquin Seys đã vào vị trí (đã biết tên: Myles Lewis-Skelly; game).
23:40:07 Bản đồ trận: sửa lại người vào sân: người vào thay Sydie Peck chơi đúng vị trí này.
23:40:07 Bản đồ trận: sửa lại người vào sân: Rasmus Højlund chơi đúng vị trí này.
23:40:07 Bản đồ trận: sửa lại người vào sân: Rasmus Højlund chơi đúng vị trí này.
23:40:07 Bản đồ trận: người vào thay Sydie Peck đã vào vị trí (game chưa báo tên; game).
23:40:07 Bản đồ trận: sửa lại người vào sân: Myles Lewis-Skelly chơi đúng vị trí này.
23:40:07 Bản đồ trận: người vào thay Callum O'Hare đã vào vị trí (game chưa báo tên; game).
23:40:07 Bản đồ trận: sửa lại người vào sân: người vào thay Callum O'Hare chơi đúng vị trí này.
23:40:07 Bản đồ trận: người vào thay Joaquin Seys đã vào vị trí (đã biết tên: Myles Lewis-Skelly; game).
23:40:07 Bản đồ trận: sửa lại người vào sân: người vào thay Sydie Peck chơi đúng vị trí này.
23:40:07 Bản đồ trận: sửa lại người vào sân: Rasmus Højlund chơi đúng vị trí này.
23:40:07 Bản đồ trận: sửa lại người vào sân: Rasmus Højlund chơi đúng vị trí này.
23:40:07 Bản đồ trận: người vào thay Sydie Peck đã vào vị trí (game chưa báo tên; game).
23:40:07 Bản đồ trận: sửa lại người vào sân: Myles Lewis-Skelly chơi đúng vị trí này.
23:40:07 Bản đồ trận: người vào thay Callum O'Hare đã vào vị trí (game chưa báo tên; game).
23:40:07 Bản đồ trận: sửa lại người vào sân: người vào thay Callum O'Hare chơi đúng vị trí này.
23:40:07 Bản đồ trận: người vào thay Joaquin Seys đã vào vị trí (đã biết tên: Myles Lewis-Skelly; game).
23:40:07 Bản đồ trận: sửa lại người vào sân: người vào thay Sydie Peck chơi đúng vị trí này.
23:40:07 Bản đồ trận: sửa lại người vào sân: Rasmus Højlund chơi đúng vị trí này.
23:40:07 Bản đồ trận: sửa lại người vào sân: Rasmus Højlund chơi đúng vị trí này.
23:40:07 Bản đồ trận: người vào thay Sydie Peck đã vào vị trí (game chưa báo tên; game).
23:40:07 Bản đồ trận: sửa lại người vào sân: Myles Lewis-Skelly chơi đúng vị trí này.
23:40:07 Bản đồ trận: người vào thay Callum O'Hare đã vào vị trí (game chưa báo tên; game).
23:40:07 Bản đồ trận: sửa lại người vào sân: người vào thay Callum O'Hare chơi đúng vị trí này.
23:40:07 Bản đồ trận: người vào thay Joaquin Seys đã vào vị trí (đã biết tên: Myles Lewis-Skelly; game).
23:40:07 Bản đồ trận: sửa lại người vào sân: người vào thay Sydie Peck chơi đúng vị trí này.
23:40:07 Bản đồ trận: sửa lại người vào sân: Rasmus Højlund chơi đúng vị trí này.
23:40:07 Bản đồ trận: sửa lại người vào sân: Rasmus Højlund chơi đúng vị trí này.
23:40:07 Bản đồ trận: người vào thay Sydie Peck đã vào vị trí (game chưa báo tên; game).
23:40:07 Bản đồ trận: sửa lại người vào sân: Myles Lewis-Skelly chơi đúng vị trí này.
23:40:07 Bản đồ trận: người vào thay Callum O'Hare đã vào vị trí (game chưa báo tên; game).
23:40:07 Bản đồ trận: sửa lại người vào sân: người vào thay Callum O'Hare chơi đúng vị trí này.
23:40:07 Bản đồ trận: người vào thay Joaquin Seys đã vào vị trí (đã biết tên: Myles Lewis-Skelly; game).
23:40:07 Bản đồ trận: sửa lại người vào sân: người vào thay Sydie Peck chơi đúng vị trí này.
23:40:07 Bản đồ trận: sửa lại người vào sân: Rasmus Højlund chơi đúng vị trí này.
23:40:07 Bản đồ trận: sửa lại người vào sân: Rasmus Højlund chơi đúng vị trí này.
23:40:07 Bản đồ trận: người vào thay Sydie Peck đã vào vị trí (game chưa báo tên; game).
23:40:07 Bản đồ trận: sửa lại người vào sân: Myles Lewis-Skelly chơi đúng vị trí này.
23:40:07 Bản đồ trận: người vào thay Callum O'Hare đã vào vị trí (game chưa báo tên; game).
23:40:07 Bản đồ trận: sửa lại người vào sân: người vào thay Callum O'Hare chơi đúng vị trí này.
23:40:07 Bản đồ trận: người vào thay Joaquin Seys đã vào vị trí (đã biết tên: Myles Lewis-Skelly; game).
23:40:07 Bản đồ trận: sửa lại người vào sân: người vào thay Sydie Peck chơi đúng vị trí này.
23:40:07 Bản đồ trận: sửa lại người vào sân: Rasmus Højlund chơi đúng vị trí này.
23:40:07 Bản đồ trận: sửa lại người vào sân: Rasmus Højlund chơi đúng vị trí này.
23:40:07 Bản đồ trận: người vào thay Sydie Peck đã vào vị trí (game chưa báo tên; game).
23:40:07 Bản đồ trận: sửa lại người vào sân: Myles Lewis-Skelly chơi đúng vị trí này.
23:40:07 Bản đồ trận: người vào thay Callum O'Hare đã vào vị trí (game chưa báo tên; game).
23:40:07 Bản đồ trận: sửa lại người vào sân: người vào thay Callum O'Hare chơi đúng vị trí này.
23:40:07 Bản đồ trận: người vào thay Joaquin Seys đã vào vị trí (đã biết tên: Myles Lewis-Skelly; game).
23:40:07 Bản đồ trận: sửa lại người vào sân: người vào thay Sydie Peck chơi đúng vị trí này.
23:40:07 Bản đồ trận: sửa lại người vào sân: Rasmus Højlund chơi đúng vị trí này.
23:40:07 Bản đồ trận: sửa lại người vào sân: Rasmus Højlund chơi đúng vị trí này.
23:40:07 Bản đồ trận: người vào thay Sydie Peck đã vào vị trí (game chưa báo tên; game).
23:40:07 Bản đồ trận: sửa lại người vào sân: Myles Lewis-Skelly chơi đúng vị trí này.
23:40:07 Bản đồ trận: người vào thay Callum O'Hare đã vào vị trí (game chưa báo tên; game).
23:40:07 Bản đồ trận: sửa lại người vào sân: người vào thay Callum O'Hare chơi đúng vị trí này.
23:40:07 Bản đồ trận: người vào thay Joaquin Seys đã vào vị trí (đã biết tên: Myles Lewis-Skelly; game).
23:40:07 Bản đồ trận: sửa lại người vào sân: người vào thay Sydie Peck chơi đúng vị trí này.
23:40:07 Bản đồ trận: sửa lại người vào sân: Rasmus Højlund chơi đúng vị trí này.
23:40:07 Bản đồ trận: sửa lại người vào sân: Rasmus Højlund chơi đúng vị trí này.
23:40:07 Bản đồ trận: người vào thay Sydie Peck đã vào vị trí (game chưa báo tên; game).
23:40:07 Bản đồ trận: sửa lại người vào sân: Myles Lewis-Skelly chơi đúng vị trí này.
23:40:07 Bản đồ trận: người vào thay Callum O'Hare đã vào vị trí (game chưa báo tên; game).
23:40:07 Bản đồ trận: sửa lại người vào sân: người vào thay Callum O'Hare chơi đúng vị trí này.
23:40:07 Bản đồ trận: người vào thay Joaquin Seys đã vào vị trí (đã biết tên: Myles Lewis-Skelly; game).
23:40:07 Bản đồ trận: sửa lại người vào sân: người vào thay Sydie Peck chơi đúng vị trí này.
23:40:07 Bản đồ trận: sửa lại người vào sân: Rasmus Højlund chơi đúng vị trí này.
23:40:07 Bản đồ trận: sửa lại người vào sân: Rasmus Højlund chơi đúng vị trí này.
23:40:07 Bản đồ trận: người vào thay Sydie Peck đã vào vị trí (game chưa báo tên; game).
23:40:07 Bản đồ trận: sửa lại người vào sân: Myles Lewis-Skelly chơi đúng vị trí này.
23:40:07 Bản đồ trận: người vào thay Callum O'Hare đã vào vị trí (game chưa báo tên; game).
23:40:07 Bản đồ trận: sửa lại người vào sân: người vào thay Callum O'Hare chơi đúng vị trí này.
23:40:07 Bản đồ trận: người vào thay Joaquin Seys đã vào vị trí (đã biết tên: Myles Lewis-Skelly; game).
23:40:07 Bản đồ trận: sửa lại người vào sân: người vào thay Sydie Peck chơi đúng vị trí này.
23:40:07 Bản đồ trận: sửa lại người vào sân: Rasmus Højlund chơi đúng vị trí này.
23:40:07 Bản đồ trận: sửa lại người vào sân: Rasmus Højlund chơi đúng vị trí này.
23:40:07 Bản đồ trận: người vào thay Sydie Peck đã vào vị trí (game chưa báo tên; game).
23:40:07 Bản đồ trận: sửa lại người vào sân: Myles Lewis-Skelly chơi đúng vị trí này.
23:40:07 Bản đồ trận: người vào thay Callum O'Hare đã vào vị trí (game chưa báo tên; game).
23:40:07 Bản đồ trận: sửa lại người vào sân: người vào thay Callum O'Hare chơi đúng vị trí này.
23:40:07 Bản đồ trận: người vào thay Joaquin Seys đã vào vị trí (đã biết tên: Myles Lewis-Skelly; game).
23:40:08 Bản đồ trận: sửa lại người vào sân: người vào thay Sydie Peck chơi đúng vị trí này.
23:40:08 Bản đồ trận: sửa lại người vào sân: Rasmus Højlund chơi đúng vị trí này.
23:40:08 Bản đồ trận: sửa lại người vào sân: Myles Lewis-Skelly chơi đúng vị trí này.
23:40:08 Bản đồ trận: người vào thay Callum O'Hare đã vào vị trí (game chưa báo tên; game).
23:40:08 Bản đồ trận: sửa lại người vào sân: người vào thay Callum O'Hare chơi đúng vị trí này.
23:40:08 Bản đồ trận: người vào thay Joaquin Seys đã vào vị trí (đã biết tên: Myles Lewis-Skelly; game).
23:40:08 Bản đồ trận: sửa lại người vào sân: Myles Lewis-Skelly chơi đúng vị trí này.
23:40:08 Bản đồ trận: người vào thay Callum O'Hare đã vào vị trí (game chưa báo tên; game).
23:40:08 Bản đồ trận: sửa lại người vào sân: người vào thay Callum O'Hare chơi đúng vị trí này.
23:40:08 Bản đồ trận: người vào thay Joaquin Seys đã vào vị trí (đã biết tên: Myles Lewis-Skelly; game).
23:40:08 Bản đồ trận: sửa lại người vào sân: Myles Lewis-Skelly chơi đúng vị trí này.
23:40:08 Bản đồ trận: người vào thay Callum O'Hare đã vào vị trí (game chưa báo tên; game).
23:40:21 Bản đồ trận: sửa lại người vào sân: Guille Fernández chơi đúng vị trí này.
23:40:21 Bản đồ trận: người vào thay Joaquin Seys đã vào vị trí (đã biết tên: Myles Lewis-Skelly; game).
23:40:21 Bản đồ trận: sửa lại người vào sân: Tiago Gabriel chơi đúng vị trí này.
23:40:21 Bản đồ trận: người vào thay Franco Mastantuono đã vào vị trí (đã biết tên: Estevão Willian; game).
23:40:21 Bản đồ trận: sửa lại người vào sân: Elias Baum chơi đúng vị trí này.
23:40:21 Bản đồ trận: người vào thay Ruben van Bommel đã vào vị trí (đã biết tên: Rodrigo Mora; game).
23:40:24 Bản đồ trận: đã lưu diễn biến trận Sheffield United FC – Arsenal FC.
23:41:03 Lưu trữ thêm 58 trận trên thế giới vào dữ liệu của AI.
23:41:04 Đồng bộ xong: Arsenal FC, ngày 1/6/2026 (16.3s).
23:42:06 Tìm thấy bảng giá trị cầu thủ trong bộ nhớ game (359 dòng, 25.2s).
FL26 Dugout đang chạy tại http://127.0.0.1:8770/
23:43:57 Kết nối điện thoại qua Internet: https://null-hazards-television-mention.trycloudflare.com
23:44:09 Đồng bộ xong: Arsenal FC, ngày 1/6/2026 (15.0s).
23:44:51 Dò bộ nhớ game: 47 vùng, 1 bảng cầu thủ (10.3s).
23:45:14 Tìm thấy bảng giá trị cầu thủ trong bộ nhớ game (359 dòng, 22.9s).
FL26 Dugout đang chạy tại http://127.0.0.1:8770/
23:46:37 Kết nối điện thoại qua Internet: https://walk-dir-frog-salvador.trycloudflare.com
23:46:47 Đồng bộ xong: Arsenal FC, ngày 1/6/2026 (13.9s).
23:47:31 Dò bộ nhớ game: 47 vùng, 1 bảng cầu thủ (10.2s).
23:47:53 Tìm thấy bảng giá trị cầu thủ trong bộ nhớ game (359 dòng, 22.0s).
FL26 Dugout đang chạy tại http://127.0.0.1:8770/
00:17:48 Kết nối điện thoại qua Internet: https://nearest-wendy-ways-steering.trycloudflare.com
00:18:00 Đồng bộ xong: Arsenal FC, ngày 1/6/2026 (13.8s).
FL26 Dugout đang chạy tại http://127.0.0.1:8770/
00:18:54 Kết nối điện thoại qua Internet: https://symbols-submission-doc-davidson.trycloudflare.com
00:19:06 Đồng bộ xong: Arsenal FC, ngày 1/6/2026 (14.6s).
00:19:49 Dò bộ nhớ game: 47 vùng, 1 bảng cầu thủ (10.4s).
00:22:33 Bản đồ trận: chưa thấy trạng thái trận của game (3251 chỗ có mã cầu thủ, 14s); game đang tải trận, dò lại sau ít giây.
00:23:05 Dò bộ nhớ game: 89 vùng, 1 bảng cầu thủ (17.0s).
00:23:08 Bản đồ trận: chưa thấy trạng thái trận của game (4287 chỗ có mã cầu thủ, 30s); game đang tải trận, dò lại sau ít giây.
00:23:36 Bản đồ trận: thấy trạng thái trận của game: 22/22 cầu thủ (mã, số áo, vị trí; 25s, lúc game đang tải trận).
00:23:38 Bản đồ trận: đọc trực tiếp trạng thái trận của game: số áo, vị trí từng cầu thủ, thay người nhận ngay.
00:23:38 Bản đồ trận: ghi dữ liệu trận vào 20261002-002338_2026-06-01_79_101_4192.
00:23:38 Bản đồ trận: chỗ quả bóng đã nhớ không còn đúng (không đọc được), dò lại.
00:23:52 Bản đồ trận: thấy 2 bản đội hình của trận (15.8s): thay người được nhận ngay, cả thay nhanh lúc bóng chết.
00:24:12 Bản đồ trận: Bạn thay người 6': Tiago Gabriel vào, Ayden Heaven ra.
00:24:36 Bản đồ trận: đã thấy quả bóng (14.0s).
00:24:57 Bản đồ trận: không còn đọc được trạng thái trận của game (12 cầu thủ), dò lại.
00:24:58 Bản đồ trận: tìm thấy 34 vị trí cầu thủ (0 biết tên), chưa thấy bóng (0.7s).
00:25:02 Bản đồ trận: đã lưu diễn biến trận Arsenal FC – Preston North End FC.
Traceback (most recent call last):
  File "D:\FL26\SiderAddons\Dugout\dugout\matchlive.py", line 3403, in _find_sheet_job
    sh = find_sheet(self.proc, home, away, stop=self.stop_flag)
  File "D:\FL26\SiderAddons\Dugout\dugout\matchlive.py", line 665, in find_sheet
    for base, size in (proc.regions() if regions is None else regions):
                       ^^^^^^^^^^^^
AttributeError: 'NoneType' object has no attribute 'regions'
FL26 Dugout đang chạy tại http://127.0.0.1:8770/
00:34:52 Đồng bộ xong: Arsenal FC, ngày 1/6/2026 (5.9s).
00:34:55 Kết nối điện thoại qua Internet: https://devon-northeast-compute-bathroom.trycloudflare.com
00:42:59 Dò bộ nhớ game: 48 vùng, 0 bảng cầu thủ (11.0s).
00:43:18 Bản đồ trận: chưa thấy trạng thái trận của game (3104 chỗ có mã cầu thủ, 0 cặp, 0 đối tượng, nhóm []; 5s); game đang tải trận, dò lại ngay.
00:43:24 Bản đồ trận: chưa thấy trạng thái trận của game (3091 chỗ có mã cầu thủ, 0 cặp, 0 đối tượng, nhóm []; 5s); game đang tải trận, dò lại ngay.
00:43:30 Bản đồ trận: chưa thấy trạng thái trận của game (3096 chỗ có mã cầu thủ, 0 cặp, 0 đối tượng, nhóm []; 5s); game đang tải trận, dò lại ngay.
00:43:35 Bản đồ trận: chưa thấy trạng thái trận của game (3109 chỗ có mã cầu thủ, 0 cặp, 0 đối tượng, nhóm []; 5s); game đang tải trận, dò lại ngay.
00:43:41 Bản đồ trận: chưa thấy trạng thái trận của game (3126 chỗ có mã cầu thủ, 1 cặp, 0 đối tượng, nhóm []; 5s); game đang tải trận, dò lại ngay.
00:43:46 Bản đồ trận: chưa thấy trạng thái trận của game (3111 chỗ có mã cầu thủ, 0 cặp, 0 đối tượng, nhóm []; 5s); game đang tải trận, dò lại ngay.
00:43:52 Bản đồ trận: chưa thấy trạng thái trận của game (3120 chỗ có mã cầu thủ, 0 cặp, 0 đối tượng, nhóm []; 5s); game đang tải trận, dò lại ngay.
00:43:58 Bản đồ trận: chưa thấy trạng thái trận của game (3115 chỗ có mã cầu thủ, 0 cặp, 0 đối tượng, nhóm []; 5s); game đang tải trận, dò lại ngay.
00:44:03 Bản đồ trận: chưa thấy trạng thái trận của game (3111 chỗ có mã cầu thủ, 0 cặp, 0 đối tượng, nhóm []; 5s); game đang tải trận, dò lại ngay.
00:44:09 Bản đồ trận: chưa thấy trạng thái trận của game (3112 chỗ có mã cầu thủ, 0 cặp, 0 đối tượng, nhóm []; 5s); game đang tải trận, dò lại ngay.
00:44:15 Bản đồ trận: chưa thấy trạng thái trận của game (3110 chỗ có mã cầu thủ, 0 cặp, 0 đối tượng, nhóm []; 5s); game đang tải trận, dò lại ngay.
00:44:20 Bản đồ trận: chưa thấy trạng thái trận của game (3091 chỗ có mã cầu thủ, 0 cặp, 0 đối tượng, nhóm []; 5s); game đang tải trận, dò lại ngay.
00:45:50 Bản đồ trận: tìm thấy 34 vị trí cầu thủ (0 biết tên), chưa thấy bóng (0s).
00:45:50 Bản đồ trận: ghi dữ liệu trận vào 20261002-004550_2026-06-01_79_101_4192.
00:45:50 Bản đồ trận: chỗ quả bóng đã nhớ không còn đúng (không đọc được), dò lại.
00:46:03 Bản đồ trận: đã thấy quả bóng (13.7s).
00:46:08 Bản đồ trận: thấy tờ đội hình của trận trong bộ nhớ game (17.9s).
00:46:08 Bản đồ trận: Bạn: Tiago Gabriel rời sân 4'. (gone)
00:46:13 Bản đồ trận: người vào thay Tiago Gabriel đã vào vị trí (game chưa báo tên; sure).
00:47:41 Bản đồ trận: thấy 3 bản đội hình của trận (93.3s): thay người được nhận ngay, cả thay nhanh lúc bóng chết.
00:48:00 Bản đồ trận: thấy danh sách cầu thủ trên sân của hai đội (18.8s), Dugout nhận được thay người.
00:48:20 Bản đồ trận: đã ghi nhớ 4549 chỗ game giữ mã cầu thủ (20s): thay nhanh lúc bóng chết sẽ được dò tên theo đó.
00:48:20 Bản đồ trận: đọc trực tiếp đối tượng cầu thủ của game: 22 cầu thủ (tên và vị trí từ game; thay người nhận ngay).
00:48:20 Bản đồ trận: đối tượng cầu thủ của game: 21/21 cầu thủ trên sân; trỏ tới cơ thể []; vị trí [('-0x1c8', 17), ('-0x1e0', 16), ('-0x1d4', 15)].
00:48:39 Bản đồ trận: dò bộ nhớ: chưa thấy chỗ nào đổi từ Tiago Gabriel sang cầu thủ dự bị (19s).
FL26 Dugout đang chạy tại http://127.0.0.1:8770/
00:56:07 Kết nối điện thoại qua Internet: https://dash-reliance-blades-association.trycloudflare.com
00:56:19 Bản đồ trận: tìm thấy 34 vị trí cầu thủ (0 biết tên), chưa thấy bóng (0s).
00:56:19 Bản đồ trận: ghi dữ liệu trận vào 20261002-004550_2026-06-01_79_101_4192 (tiếp tục bản ghi cũ).
00:56:21 Đồng bộ xong: Arsenal FC, ngày 1/6/2026 (15.0s).
00:56:27 Bản đồ trận: thấy trạng thái trận của game: 22/22 cầu thủ (mã, số áo, vị trí; 8s).
00:56:32 Bản đồ trận: thấy 3 bản đội hình của trận (5.3s): thay người được nhận ngay, cả thay nhanh lúc bóng chết.
00:56:49 Bản đồ trận: đọc trực tiếp trạng thái trận của game: số áo, vị trí từng cầu thủ, thay người nhận ngay.
FL26 Dugout đang chạy tại http://127.0.0.1:8770/
00:57:13 Kết nối điện thoại qua Internet: https://satisfaction-collectables-scores-visit.trycloudflare.com
00:57:22 Đồng bộ xong: Arsenal FC, ngày 1/6/2026 (12.9s).
00:57:22 Bản đồ trận: tìm thấy 34 vị trí cầu thủ (0 biết tên), chưa thấy bóng (0s).
00:57:22 Bản đồ trận: ghi dữ liệu trận vào 20261002-004550_2026-06-01_79_101_4192 (tiếp tục bản ghi cũ).
00:57:29 Bản đồ trận: thấy trạng thái trận của game: 22/22 cầu thủ (mã, số áo, vị trí; 8s).
00:57:29 Bản đồ trận: đọc trực tiếp trạng thái trận của game: số áo, vị trí từng cầu thủ, thay người nhận ngay.
00:57:33 Bản đồ trận: thấy 3 bản đội hình của trận (4.1s): thay người được nhận ngay, cả thay nhanh lúc bóng chết.
00:59:52 Bản đồ trận: chỗ quả bóng đã nhớ không còn đúng (không đọc được), dò lại.
00:59:58 Bản đồ trận: tìm bóng trong đối tượng cầu thủ: 886 chỗ thử (0 chung, 886 qua con trỏ), chưa thấy.
01:00:11 Bản đồ trận: tìm bóng trong đối tượng cầu thủ: 0 chỗ thử (0 chung, 0 qua con trỏ), chưa thấy.
01:00:46 Bản đồ trận: tìm bóng trong đối tượng cầu thủ: 1332 chỗ thử (0 chung, 1332 qua con trỏ), thấy bóng (5.6s).
01:00:46 Bản đồ trận: đã thấy quả bóng (5.6s).
01:00:53 Bản đồ trận: quả bóng đang đọc nhảy vị trí hoặc dính một cầu thủ: không phải quả bóng thật, dò lại.
01:00:59 Bản đồ trận: tìm bóng trong đối tượng cầu thủ: 999 chỗ thử (0 chung, 999 qua con trỏ), thấy bóng (5.6s).
01:00:59 Bản đồ trận: đã thấy quả bóng (5.6s).
01:01:04 Bản đồ trận: quả bóng đang đọc nhảy vị trí hoặc dính một cầu thủ: không phải quả bóng thật, dò lại.
01:01:10 Bản đồ trận: tìm bóng trong đối tượng cầu thủ: 1066 chỗ thử (0 chung, 1066 qua con trỏ), chưa thấy.
01:01:12 Bản đồ trận: Có thẻ vàng (Dugout đang học chỗ game ghi thẻ: chưa biết ai).
01:01:23 Bản đồ trận: đã thấy quả bóng (13.2s).
01:01:49 Bản đồ trận: quả bóng đang đọc nhảy vị trí hoặc dính một cầu thủ: không phải quả bóng thật, dò lại.
01:01:55 Bản đồ trận: tìm bóng trong đối tượng cầu thủ: 1477 chỗ thử (0 chung, 1477 qua con trỏ), chưa thấy.
01:02:09 Bản đồ trận: đã thấy quả bóng (13.7s).
01:03:52 Bản đồ trận: Đối thủ thay người 46': Robbie Brady vào, Andrija Vukčević ra.
01:05:47 Bản đồ trận: Đối thủ thay người 61': Brad Potts vào, Odeluga Offiah ra.
01:08:03 Bản đồ trận: Đối thủ thay người 78': Lewis Dobbin vào, Daniel Jebbison ra.
01:08:22 Bản đồ trận: Bạn thay người 78': Iván Fresneda vào, Elias Baum ra.
01:08:22 Bản đồ trận: Bạn thay người 78': Joaquin Seys vào, Myles Lewis-Skelly ra.
01:08:22 Bản đồ trận: Bạn thay người 78': Christ Inao Oulaï vào, Declan Rice ra.
01:08:22 Bản đồ trận: Bạn thay người 78': Ruben van Bommel vào, Antonio Nusa ra.
01:08:22 Bản đồ trận: Bạn thay người 78': Roger Fernandes vào, Estevão Willian ra.
01:08:22 Bản đồ trận: Bạn thay người 78': Lennart Karl vào, Rodrigo Mora ra.
01:10:22 Bản đồ trận: Bạn thay người 88': Francesco Pio Esposito vào, Rasmus Højlund ra.
01:10:56 Bản đồ trận: Bạn: Joaquin Seys chuyển từ LB sang CB.
01:10:56 Bản đồ trận: Bạn: Pau Cubarsí chuyển từ CB sang LB.
01:11:14 Bản đồ trận: Bạn: Pau Cubarsí chuyển từ LB sang CB.
01:11:14 Bản đồ trận: Bạn: Joaquin Seys chuyển từ CB sang LB.
01:13:43 Bản đồ trận: đã lưu diễn biến trận Arsenal FC – Preston North End FC.
01:14:02 Dò bộ nhớ game: 43 vùng, 1 bảng cầu thủ (11.1s).
01:14:31 Tìm thấy bảng giá trị cầu thủ trong bộ nhớ game (218 dòng, 29.0s).
01:14:37 Lưu trữ thêm 44 trận trên thế giới vào dữ liệu của AI.
01:14:39 Đồng bộ xong: Arsenal FC, ngày 11/6/2026 (27.0s).
01:14:40 Bản đồ trận: chưa thấy trạng thái trận của game (4166 chỗ có mã cầu thủ, 0 cặp, 0 đối tượng, nhóm []; 30s); game đang tải trận, dò lại ngay.
01:14:47 Bản đồ trận: chưa thấy trạng thái trận của game (4174 chỗ có mã cầu thủ, 0 cặp, 0 đối tượng, nhóm []; 5s); game đang tải trận, dò lại ngay.
01:14:53 Bản đồ trận: chưa thấy trạng thái trận của game (4174 chỗ có mã cầu thủ, 0 cặp, 0 đối tượng, nhóm []; 5s); game đang tải trận, dò lại ngay.
01:15:00 Bản đồ trận: chưa thấy trạng thái trận của game (4174 chỗ có mã cầu thủ, 0 cặp, 0 đối tượng, nhóm []; 5s); game đang tải trận, dò lại ngay.
01:15:06 Bản đồ trận: chưa thấy trạng thái trận của game (4182 chỗ có mã cầu thủ, 0 cặp, 0 đối tượng, nhóm []; 5s); game đang tải trận, dò lại ngay.
01:15:12 Bản đồ trận: chưa thấy trạng thái trận của game (4182 chỗ có mã cầu thủ, 0 cặp, 0 đối tượng, nhóm []; 5s); game đang tải trận, dò lại ngay.
01:15:18 Bản đồ trận: chưa thấy trạng thái trận của game (4182 chỗ có mã cầu thủ, 0 cặp, 0 đối tượng, nhóm []; 5s); game đang tải trận, dò lại ngay.
01:15:24 Bản đồ trận: chưa thấy trạng thái trận của game (4182 chỗ có mã cầu thủ, 0 cặp, 0 đối tượng, nhóm []; 5s); game đang tải trận, dò lại ngay.
01:15:31 Bản đồ trận: chưa thấy trạng thái trận của game (4182 chỗ có mã cầu thủ, 0 cặp, 0 đối tượng, nhóm []; 5s); game đang tải trận, dò lại ngay.
01:15:36 Bản đồ trận: chưa thấy trạng thái trận của game (4182 chỗ có mã cầu thủ, 0 cặp, 0 đối tượng, nhóm []; 5s); game đang tải trận, dò lại ngay.
01:15:43 Bản đồ trận: chưa thấy trạng thái trận của game (4182 chỗ có mã cầu thủ, 0 cặp, 0 đối tượng, nhóm []; 5s); game đang tải trận, dò lại ngay.
01:15:48 Bản đồ trận: chưa thấy trạng thái trận của game (4182 chỗ có mã cầu thủ, 0 cặp, 0 đối tượng, nhóm []; 4s); game đang tải trận, dò lại ngay.
01:15:55 Bản đồ trận: chưa thấy trạng thái trận của game (4182 chỗ có mã cầu thủ, 0 cặp, 0 đối tượng, nhóm []; 5s); game đang tải trận, dò lại ngay.
01:16:00 Bản đồ trận: chưa thấy trạng thái trận của game (4182 chỗ có mã cầu thủ, 0 cặp, 0 đối tượng, nhóm []; 4s); game đang tải trận, dò lại ngay.
01:16:07 Bản đồ trận: chưa thấy trạng thái trận của game (4182 chỗ có mã cầu thủ, 0 cặp, 0 đối tượng, nhóm []; 5s); game đang tải trận, dò lại ngay.
01:16:13 Bản đồ trận: chưa thấy trạng thái trận của game (4182 chỗ có mã cầu thủ, 0 cặp, 0 đối tượng, nhóm []; 5s); game đang tải trận, dò lại ngay.
01:16:18 Bản đồ trận: chưa thấy trạng thái trận của game (4182 chỗ có mã cầu thủ, 0 cặp, 0 đối tượng, nhóm []; 4s); game đang tải trận, dò lại ngay.
01:16:24 Bản đồ trận: chưa thấy trạng thái trận của game (4182 chỗ có mã cầu thủ, 0 cặp, 0 đối tượng, nhóm []; 5s); game đang tải trận, dò lại ngay.
01:16:30 Bản đồ trận: chưa thấy trạng thái trận của game (4182 chỗ có mã cầu thủ, 0 cặp, 0 đối tượng, nhóm []; 5s); game đang tải trận, dò lại ngay.
01:16:36 Bản đồ trận: chưa thấy trạng thái trận của game (4182 chỗ có mã cầu thủ, 0 cặp, 0 đối tượng, nhóm []; 5s); game đang tải trận, dò lại ngay.
01:16:42 Bản đồ trận: chưa thấy trạng thái trận của game (4182 chỗ có mã cầu thủ, 0 cặp, 0 đối tượng, nhóm []; 5s); game đang tải trận, dò lại ngay.
01:16:48 Bản đồ trận: chưa thấy trạng thái trận của game (4182 chỗ có mã cầu thủ, 0 cặp, 0 đối tượng, nhóm []; 5s); game đang tải trận, dò lại ngay.
01:16:54 Bản đồ trận: chưa thấy trạng thái trận của game (4182 chỗ có mã cầu thủ, 0 cặp, 0 đối tượng, nhóm []; 4s); game đang tải trận, dò lại ngay.
01:17:00 Bản đồ trận: chưa thấy trạng thái trận của game (4182 chỗ có mã cầu thủ, 0 cặp, 0 đối tượng, nhóm []; 5s); game đang tải trận, dò lại ngay.
01:17:05 Bản đồ trận: chưa thấy trạng thái trận của game (4182 chỗ có mã cầu thủ, 0 cặp, 0 đối tượng, nhóm []; 4s); game đang tải trận, dò lại ngay.
01:17:12 Bản đồ trận: chưa thấy trạng thái trận của game (4182 chỗ có mã cầu thủ, 0 cặp, 0 đối tượng, nhóm []; 6s); game đang tải trận, dò lại ngay.
01:17:19 Bản đồ trận: chưa thấy trạng thái trận của game (4182 chỗ có mã cầu thủ, 0 cặp, 0 đối tượng, nhóm []; 5s); game đang tải trận, dò lại ngay.
01:17:25 Bản đồ trận: chưa thấy trạng thái trận của game (4182 chỗ có mã cầu thủ, 0 cặp, 0 đối tượng, nhóm []; 5s); game đang tải trận, dò lại ngay.
01:17:32 Bản đồ trận: chưa thấy trạng thái trận của game (4182 chỗ có mã cầu thủ, 0 cặp, 0 đối tượng, nhóm []; 6s); game đang tải trận, dò lại ngay.
01:17:38 Bản đồ trận: chưa thấy trạng thái trận của game (4182 chỗ có mã cầu thủ, 0 cặp, 0 đối tượng, nhóm []; 5s); game đang tải trận, dò lại ngay.
01:17:45 Bản đồ trận: chưa thấy trạng thái trận của game (4182 chỗ có mã cầu thủ, 0 cặp, 0 đối tượng, nhóm []; 5s); game đang tải trận, dò lại ngay.
01:17:51 Bản đồ trận: chưa thấy trạng thái trận của game (4182 chỗ có mã cầu thủ, 0 cặp, 0 đối tượng, nhóm []; 5s); game đang tải trận, dò lại ngay.
01:17:57 Bản đồ trận: chưa thấy trạng thái trận của game (4182 chỗ có mã cầu thủ, 0 cặp, 0 đối tượng, nhóm []; 4s); game đang tải trận, dò lại ngay.
01:18:04 Bản đồ trận: chưa thấy trạng thái trận của game (4182 chỗ có mã cầu thủ, 0 cặp, 0 đối tượng, nhóm []; 6s); game đang tải trận, dò lại ngay.
01:18:10 Bản đồ trận: chưa thấy trạng thái trận của game (4182 chỗ có mã cầu thủ, 0 cặp, 0 đối tượng, nhóm []; 5s); game đang tải trận, dò lại ngay.
01:18:16 Bản đồ trận: chưa thấy trạng thái trận của game (4182 chỗ có mã cầu thủ, 0 cặp, 0 đối tượng, nhóm []; 5s); game đang tải trận, dò lại ngay.
01:18:23 Bản đồ trận: chưa thấy trạng thái trận của game (4182 chỗ có mã cầu thủ, 0 cặp, 0 đối tượng, nhóm []; 5s); game đang tải trận, dò lại ngay.
01:18:28 Bản đồ trận: chưa thấy trạng thái trận của game (4182 chỗ có mã cầu thủ, 0 cặp, 0 đối tượng, nhóm []; 4s); game đang tải trận, dò lại ngay.
01:18:35 Bản đồ trận: chưa thấy trạng thái trận của game (4182 chỗ có mã cầu thủ, 0 cặp, 0 đối tượng, nhóm []; 5s); game đang tải trận, dò lại ngay.
01:18:40 Bản đồ trận: chưa thấy trạng thái trận của game (4182 chỗ có mã cầu thủ, 0 cặp, 0 đối tượng, nhóm []; 4s); game đang tải trận, dò lại ngay.
01:18:47 Bản đồ trận: chưa thấy trạng thái trận của game (4182 chỗ có mã cầu thủ, 0 cặp, 0 đối tượng, nhóm []; 6s); game đang tải trận, dò lại ngay.
01:18:52 Bản đồ trận: chưa thấy trạng thái trận của game (4182 chỗ có mã cầu thủ, 0 cặp, 0 đối tượng, nhóm []; 4s); game đang tải trận, dò lại ngay.
01:18:59 Bản đồ trận: chưa thấy trạng thái trận của game (4182 chỗ có mã cầu thủ, 0 cặp, 0 đối tượng, nhóm []; 5s); game đang tải trận, dò lại ngay.
01:19:04 Bản đồ trận: chưa thấy trạng thái trận của game (4182 chỗ có mã cầu thủ, 0 cặp, 0 đối tượng, nhóm []; 5s); game đang tải trận, dò lại ngay.
01:19:10 Bản đồ trận: chưa thấy trạng thái trận của game (4182 chỗ có mã cầu thủ, 0 cặp, 0 đối tượng, nhóm []; 5s); game đang tải trận, dò lại ngay.
01:19:17 Bản đồ trận: chưa thấy trạng thái trận của game (4182 chỗ có mã cầu thủ, 0 cặp, 0 đối tượng, nhóm []; 5s); game đang tải trận, dò lại ngay.
01:19:23 Bản đồ trận: chưa thấy trạng thái trận của game (4182 chỗ có mã cầu thủ, 0 cặp, 0 đối tượng, nhóm []; 4s); game đang tải trận, dò lại ngay.
01:19:29 Bản đồ trận: chưa thấy trạng thái trận của game (4182 chỗ có mã cầu thủ, 0 cặp, 0 đối tượng, nhóm []; 5s); game đang tải trận, dò lại ngay.
01:19:35 Bản đồ trận: chưa thấy trạng thái trận của game (4183 chỗ có mã cầu thủ, 0 cặp, 0 đối tượng, nhóm []; 4s); game đang tải trận, dò lại ngay.
01:19:41 Bản đồ trận: chưa thấy trạng thái trận của game (4182 chỗ có mã cầu thủ, 0 cặp, 0 đối tượng, nhóm []; 5s); game đang tải trận, dò lại ngay.
01:19:47 Bản đồ trận: chưa thấy trạng thái trận của game (4182 chỗ có mã cầu thủ, 0 cặp, 0 đối tượng, nhóm []; 5s); game đang tải trận, dò lại ngay.
01:19:53 Bản đồ trận: chưa thấy trạng thái trận của game (4182 chỗ có mã cầu thủ, 0 cặp, 0 đối tượng, nhóm []; 4s); game đang tải trận, dò lại ngay.
01:20:00 Bản đồ trận: chưa thấy trạng thái trận của game (4184 chỗ có mã cầu thủ, 0 cặp, 0 đối tượng, nhóm []; 5s); game đang tải trận, dò lại ngay.
01:20:05 Bản đồ trận: chưa thấy trạng thái trận của game (4184 chỗ có mã cầu thủ, 0 cặp, 0 đối tượng, nhóm []; 4s); game đang tải trận, dò lại ngay.
01:20:12 Bản đồ trận: chưa thấy trạng thái trận của game (4184 chỗ có mã cầu thủ, 0 cặp, 0 đối tượng, nhóm []; 5s); game đang tải trận, dò lại ngay.
01:20:17 Bản đồ trận: chưa thấy trạng thái trận của game (4184 chỗ có mã cầu thủ, 0 cặp, 0 đối tượng, nhóm []; 4s); game đang tải trận, dò lại ngay.
01:20:24 Bản đồ trận: chưa thấy trạng thái trận của game (4184 chỗ có mã cầu thủ, 0 cặp, 0 đối tượng, nhóm []; 5s); game đang tải trận, dò lại ngay.
01:20:29 Bản đồ trận: chưa thấy trạng thái trận của game (4184 chỗ có mã cầu thủ, 0 cặp, 0 đối tượng, nhóm []; 4s); game đang tải trận, dò lại ngay.
01:20:35 Bản đồ trận: chưa thấy trạng thái trận của game (4184 chỗ có mã cầu thủ, 0 cặp, 0 đối tượng, nhóm []; 5s); game đang tải trận, dò lại ngay.
01:20:41 Bản đồ trận: chưa thấy trạng thái trận của game (4184 chỗ có mã cầu thủ, 0 cặp, 0 đối tượng, nhóm []; 5s); game đang tải trận, dò lại ngay.
01:20:47 Bản đồ trận: chưa thấy trạng thái trận của game (4184 chỗ có mã cầu thủ, 0 cặp, 0 đối tượng, nhóm []; 5s); game đang tải trận, dò lại ngay.
01:20:53 Bản đồ trận: chưa thấy trạng thái trận của game (4184 chỗ có mã cầu thủ, 0 cặp, 0 đối tượng, nhóm []; 5s); game đang tải trận, dò lại ngay.
01:20:59 Bản đồ trận: chưa thấy trạng thái trận của game (4184 chỗ có mã cầu thủ, 0 cặp, 0 đối tượng, nhóm []; 5s); game đang tải trận, dò lại ngay.
01:21:05 Bản đồ trận: chưa thấy trạng thái trận của game (4184 chỗ có mã cầu thủ, 0 cặp, 0 đối tượng, nhóm []; 5s); game đang tải trận, dò lại ngay.
01:21:11 Bản đồ trận: chưa thấy trạng thái trận của game (4184 chỗ có mã cầu thủ, 0 cặp, 0 đối tượng, nhóm []; 5s); game đang tải trận, dò lại ngay.
01:21:17 Bản đồ trận: chưa thấy trạng thái trận của game (4184 chỗ có mã cầu thủ, 0 cặp, 0 đối tượng, nhóm []; 5s); game đang tải trận, dò lại ngay.
01:21:23 Bản đồ trận: chưa thấy trạng thái trận của game (4184 chỗ có mã cầu thủ, 0 cặp, 0 đối tượng, nhóm []; 5s); game đang tải trận, dò lại ngay.
01:21:30 Bản đồ trận: chưa thấy trạng thái trận của game (4184 chỗ có mã cầu thủ, 0 cặp, 0 đối tượng, nhóm []; 6s); game đang tải trận, dò lại ngay.
01:21:36 Bản đồ trận: chưa thấy trạng thái trận của game (4184 chỗ có mã cầu thủ, 0 cặp, 0 đối tượng, nhóm []; 4s); game đang tải trận, dò lại ngay.
01:21:42 Bản đồ trận: chưa thấy trạng thái trận của game (4184 chỗ có mã cầu thủ, 0 cặp, 0 đối tượng, nhóm []; 5s); game đang tải trận, dò lại ngay.
01:21:47 Bản đồ trận: chưa thấy trạng thái trận của game (4184 chỗ có mã cầu thủ, 0 cặp, 0 đối tượng, nhóm []; 4s); game đang tải trận, dò lại ngay.
01:21:53 Bản đồ trận: chưa thấy trạng thái trận của game (4184 chỗ có mã cầu thủ, 0 cặp, 0 đối tượng, nhóm []; 4s); game đang tải trận, dò lại ngay.
01:21:59 Bản đồ trận: chưa thấy trạng thái trận của game (4184 chỗ có mã cầu thủ, 0 cặp, 0 đối tượng, nhóm []; 5s); game đang tải trận, dò lại ngay.
01:22:04 Bản đồ trận: chưa thấy trạng thái trận của game (4184 chỗ có mã cầu thủ, 0 cặp, 0 đối tượng, nhóm []; 4s); game đang tải trận, dò lại ngay.
01:22:11 Bản đồ trận: chưa thấy trạng thái trận của game (4184 chỗ có mã cầu thủ, 0 cặp, 0 đối tượng, nhóm []; 5s); game đang tải trận, dò lại ngay.
01:22:16 Bản đồ trận: chưa thấy trạng thái trận của game (4184 chỗ có mã cầu thủ, 0 cặp, 0 đối tượng, nhóm []; 4s); game đang tải trận, dò lại ngay.
01:22:22 Bản đồ trận: chưa thấy trạng thái trận của game (4184 chỗ có mã cầu thủ, 0 cặp, 0 đối tượng, nhóm []; 5s); game đang tải trận, dò lại ngay.
01:22:27 Bản đồ trận: chưa thấy trạng thái trận của game (4184 chỗ có mã cầu thủ, 0 cặp, 0 đối tượng, nhóm []; 4s); game đang tải trận, dò lại ngay.
01:22:34 Bản đồ trận: chưa thấy trạng thái trận của game (4184 chỗ có mã cầu thủ, 0 cặp, 0 đối tượng, nhóm []; 5s); game đang tải trận, dò lại ngay.
01:22:39 Bản đồ trận: chưa thấy trạng thái trận của game (4182 chỗ có mã cầu thủ, 0 cặp, 0 đối tượng, nhóm []; 4s); game đang tải trận, dò lại ngay.
01:22:46 Bản đồ trận: chưa thấy trạng thái trận của game (4182 chỗ có mã cầu thủ, 0 cặp, 0 đối tượng, nhóm []; 5s); game đang tải trận, dò lại ngay.
01:22:51 Bản đồ trận: chưa thấy trạng thái trận của game (4182 chỗ có mã cầu thủ, 0 cặp, 0 đối tượng, nhóm []; 4s); game đang tải trận, dò lại ngay.
01:22:57 Bản đồ trận: chưa thấy trạng thái trận của game (4182 chỗ có mã cầu thủ, 0 cặp, 0 đối tượng, nhóm []; 5s); game đang tải trận, dò lại ngay.
01:23:03 Bản đồ trận: chưa thấy trạng thái trận của game (4182 chỗ có mã cầu thủ, 0 cặp, 0 đối tượng, nhóm []; 4s); game đang tải trận, dò lại ngay.
01:23:09 Bản đồ trận: chưa thấy trạng thái trận của game (4182 chỗ có mã cầu thủ, 0 cặp, 0 đối tượng, nhóm []; 5s); game đang tải trận, dò lại ngay.
01:23:14 Bản đồ trận: chưa thấy trạng thái trận của game (4182 chỗ có mã cầu thủ, 0 cặp, 0 đối tượng, nhóm []; 4s); game đang tải trận, dò lại ngay.
01:23:20 Bản đồ trận: chưa thấy trạng thái trận của game (4182 chỗ có mã cầu thủ, 0 cặp, 0 đối tượng, nhóm []; 5s); game đang tải trận, dò lại ngay.
01:23:26 Bản đồ trận: chưa thấy trạng thái trận của game (4182 chỗ có mã cầu thủ, 0 cặp, 0 đối tượng, nhóm []; 4s); game đang tải trận, dò lại ngay.
01:23:32 Bản đồ trận: chưa thấy trạng thái trận của game (4182 chỗ có mã cầu thủ, 0 cặp, 0 đối tượng, nhóm []; 5s); game đang tải trận, dò lại ngay.
01:23:38 Bản đồ trận: chưa thấy trạng thái trận của game (4182 chỗ có mã cầu thủ, 0 cặp, 0 đối tượng, nhóm []; 4s); game đang tải trận, dò lại ngay.
01:23:44 Bản đồ trận: chưa thấy trạng thái trận của game (4182 chỗ có mã cầu thủ, 0 cặp, 0 đối tượng, nhóm []; 5s); game đang tải trận, dò lại ngay.
01:23:50 Bản đồ trận: chưa thấy trạng thái trận của game (4182 chỗ có mã cầu thủ, 0 cặp, 0 đối tượng, nhóm []; 4s); game đang tải trận, dò lại ngay.
01:23:56 Bản đồ trận: chưa thấy trạng thái trận của game (4182 chỗ có mã cầu thủ, 0 cặp, 0 đối tượng, nhóm []; 5s); game đang tải trận, dò lại ngay.
01:24:02 Bản đồ trận: chưa thấy trạng thái trận của game (4182 chỗ có mã cầu thủ, 0 cặp, 0 đối tượng, nhóm []; 5s); game đang tải trận, dò lại ngay.
01:24:08 Bản đồ trận: chưa thấy trạng thái trận của game (4182 chỗ có mã cầu thủ, 0 cặp, 0 đối tượng, nhóm []; 4s); game đang tải trận, dò lại ngay.
01:24:14 Bản đồ trận: chưa thấy trạng thái trận của game (4182 chỗ có mã cầu thủ, 0 cặp, 0 đối tượng, nhóm []; 5s); game đang tải trận, dò lại ngay.
01:24:20 Bản đồ trận: chưa thấy trạng thái trận của game (4182 chỗ có mã cầu thủ, 0 cặp, 0 đối tượng, nhóm []; 4s); game đang tải trận, dò lại ngay.
01:24:26 Bản đồ trận: chưa thấy trạng thái trận của game (4182 chỗ có mã cầu thủ, 0 cặp, 0 đối tượng, nhóm []; 5s); game đang tải trận, dò lại ngay.
01:24:32 Bản đồ trận: chưa thấy trạng thái trận của game (4182 chỗ có mã cầu thủ, 0 cặp, 0 đối tượng, nhóm []; 4s); game đang tải trận, dò lại ngay.
01:24:38 Bản đồ trận: chưa thấy trạng thái trận của game (4182 chỗ có mã cầu thủ, 0 cặp, 0 đối tượng, nhóm []; 5s); game đang tải trận, dò lại ngay.
01:24:44 Bản đồ trận: chưa thấy trạng thái trận của game (4182 chỗ có mã cầu thủ, 0 cặp, 0 đối tượng, nhóm []; 5s); game đang tải trận, dò lại ngay.
01:24:50 Bản đồ trận: chưa thấy trạng thái trận của game (4182 chỗ có mã cầu thủ, 0 cặp, 0 đối tượng, nhóm []; 4s); game đang tải trận, dò lại ngay.
01:24:55 Bản đồ trận: chưa thấy trạng thái trận của game (4182 chỗ có mã cầu thủ, 0 cặp, 0 đối tượng, nhóm []; 5s); game đang tải trận, dò lại ngay.
01:25:01 Bản đồ trận: chưa thấy trạng thái trận của game (4182 chỗ có mã cầu thủ, 0 cặp, 0 đối tượng, nhóm []; 5s); game đang tải trận, dò lại ngay.
FL26 Dugout đang chạy tại http://127.0.0.1:8770/
01:25:20 Kết nối điện thoại qua Internet: https://reload-sterling-vision-expression.trycloudflare.com
01:25:33 Đồng bộ xong: Arsenal FC, ngày 11/6/2026 (13.1s).
01:25:37 Bản đồ trận: chưa thấy trạng thái trận của game (4182 chỗ có mã cầu thủ, 0 cặp, 0 đối tượng, nhóm []; 5s); game đang tải trận, dò lại ngay.
01:25:43 Bản đồ trận: chưa thấy trạng thái trận của game (4181 chỗ có mã cầu thủ, 0 cặp, 0 đối tượng, nhóm []; 5s); game đang tải trận, dò lại ngay.
01:25:50 Bản đồ trận: chưa thấy trạng thái trận của game (4181 chỗ có mã cầu thủ, 0 cặp, 0 đối tượng, nhóm []; 5s); game đang tải trận, dò lại ngay.
01:25:55 Bản đồ trận: chưa thấy trạng thái trận của game (4181 chỗ có mã cầu thủ, 0 cặp, 0 đối tượng, nhóm []; 4s); game đang tải trận, dò lại ngay.
01:26:02 Bản đồ trận: chưa thấy trạng thái trận của game (4181 chỗ có mã cầu thủ, 0 cặp, 0 đối tượng, nhóm []; 6s); game đang tải trận, dò lại ngay.
01:26:08 Bản đồ trận: chưa thấy trạng thái trận của game (4181 chỗ có mã cầu thủ, 0 cặp, 0 đối tượng, nhóm []; 4s); game đang tải trận, dò lại ngay.
01:26:14 Bản đồ trận: chưa thấy trạng thái trận của game (4181 chỗ có mã cầu thủ, 0 cặp, 0 đối tượng, nhóm []; 5s); game đang tải trận, dò lại ngay.
01:26:20 Bản đồ trận: chưa thấy trạng thái trận của game (4182 chỗ có mã cầu thủ, 0 cặp, 0 đối tượng, nhóm []; 5s); game đang tải trận, dò lại ngay.
01:26:26 Bản đồ trận: chưa thấy trạng thái trận của game (4181 chỗ có mã cầu thủ, 0 cặp, 0 đối tượng, nhóm []; 5s); game đang tải trận, dò lại ngay.
01:26:33 Bản đồ trận: chưa thấy trạng thái trận của game (4181 chỗ có mã cầu thủ, 0 cặp, 0 đối tượng, nhóm []; 5s); game đang tải trận, dò lại ngay.
01:26:38 Bản đồ trận: chưa thấy trạng thái trận của game (4181 chỗ có mã cầu thủ, 0 cặp, 0 đối tượng, nhóm []; 4s); game đang tải trận, dò lại ngay.
01:26:45 Bản đồ trận: chưa thấy trạng thái trận của game (4181 chỗ có mã cầu thủ, 0 cặp, 0 đối tượng, nhóm []; 5s); game đang tải trận, dò lại ngay.
01:26:50 Bản đồ trận: chưa thấy trạng thái trận của game (4181 chỗ có mã cầu thủ, 0 cặp, 0 đối tượng, nhóm []; 4s); game đang tải trận, dò lại ngay.
01:26:56 Bản đồ trận: chưa thấy trạng thái trận của game (4181 chỗ có mã cầu thủ, 0 cặp, 0 đối tượng, nhóm []; 5s); game đang tải trận, dò lại ngay.
01:27:02 Bản đồ trận: chưa thấy trạng thái trận của game (4181 chỗ có mã cầu thủ, 0 cặp, 0 đối tượng, nhóm []; 4s); game đang tải trận, dò lại ngay.
01:27:08 Bản đồ trận: chưa thấy trạng thái trận của game (4181 chỗ có mã cầu thủ, 0 cặp, 0 đối tượng, nhóm []; 4s); game đang tải trận, dò lại ngay.
01:27:13 Bản đồ trận: chưa thấy trạng thái trận của game (4181 chỗ có mã cầu thủ, 0 cặp, 0 đối tượng, nhóm []; 4s); game đang tải trận, dò lại ngay.
01:27:19 Bản đồ trận: chưa thấy trạng thái trận của game (4181 chỗ có mã cầu thủ, 0 cặp, 0 đối tượng, nhóm []; 5s); game đang tải trận, dò lại ngay.
01:27:25 Bản đồ trận: chưa thấy trạng thái trận của game (4181 chỗ có mã cầu thủ, 0 cặp, 0 đối tượng, nhóm []; 5s); game đang tải trận, dò lại ngay.
01:27:31 Bản đồ trận: chưa thấy trạng thái trận của game (4181 chỗ có mã cầu thủ, 0 cặp, 0 đối tượng, nhóm []; 4s); game đang tải trận, dò lại ngay.
01:27:36 Bản đồ trận: chưa thấy trạng thái trận của game (4181 chỗ có mã cầu thủ, 0 cặp, 0 đối tượng, nhóm []; 5s); game đang tải trận, dò lại ngay.
01:27:42 Bản đồ trận: chưa thấy trạng thái trận của game (4181 chỗ có mã cầu thủ, 0 cặp, 0 đối tượng, nhóm []; 4s); game đang tải trận, dò lại ngay.
01:27:48 Bản đồ trận: chưa thấy trạng thái trận của game (4181 chỗ có mã cầu thủ, 0 cặp, 0 đối tượng, nhóm []; 5s); game đang tải trận, dò lại ngay.
01:27:53 Bản đồ trận: chưa thấy trạng thái trận của game (4181 chỗ có mã cầu thủ, 0 cặp, 0 đối tượng, nhóm []; 4s); game đang tải trận, dò lại ngay.
01:28:00 Bản đồ trận: chưa thấy trạng thái trận của game (4181 chỗ có mã cầu thủ, 0 cặp, 0 đối tượng, nhóm []; 5s); game đang tải trận, dò lại ngay.
01:28:05 Bản đồ trận: chưa thấy trạng thái trận của game (4181 chỗ có mã cầu thủ, 0 cặp, 0 đối tượng, nhóm []; 4s); game đang tải trận, dò lại ngay.
01:28:11 Bản đồ trận: chưa thấy trạng thái trận của game (4181 chỗ có mã cầu thủ, 0 cặp, 0 đối tượng, nhóm []; 5s); game đang tải trận, dò lại ngay.
01:28:17 Bản đồ trận: chưa thấy trạng thái trận của game (4181 chỗ có mã cầu thủ, 0 cặp, 0 đối tượng, nhóm []; 4s); game đang tải trận, dò lại ngay.
01:28:23 Bản đồ trận: chưa thấy trạng thái trận của game (4181 chỗ có mã cầu thủ, 0 cặp, 0 đối tượng, nhóm []; 5s); game đang tải trận, dò lại ngay.
01:28:28 Bản đồ trận: chưa thấy trạng thái trận của game (4181 chỗ có mã cầu thủ, 0 cặp, 0 đối tượng, nhóm []; 4s); game đang tải trận, dò lại ngay.
01:28:35 Bản đồ trận: chưa thấy trạng thái trận của game (4181 chỗ có mã cầu thủ, 0 cặp, 0 đối tượng, nhóm []; 5s); game đang tải trận, dò lại ngay.
01:28:40 Bản đồ trận: chưa thấy trạng thái trận của game (4181 chỗ có mã cầu thủ, 0 cặp, 0 đối tượng, nhóm []; 4s); game đang tải trận, dò lại ngay.
01:28:46 Bản đồ trận: chưa thấy trạng thái trận của game (4181 chỗ có mã cầu thủ, 0 cặp, 0 đối tượng, nhóm []; 5s); game đang tải trận, dò lại ngay.
01:28:52 Bản đồ trận: chưa thấy trạng thái trận của game (4181 chỗ có mã cầu thủ, 0 cặp, 0 đối tượng, nhóm []; 4s); game đang tải trận, dò lại ngay.
01:28:57 Bản đồ trận: chưa thấy trạng thái trận của game (4181 chỗ có mã cầu thủ, 0 cặp, 0 đối tượng, nhóm []; 5s); game đang tải trận, dò lại ngay.
01:29:03 Bản đồ trận: chưa thấy trạng thái trận của game (4181 chỗ có mã cầu thủ, 0 cặp, 0 đối tượng, nhóm []; 5s); game đang tải trận, dò lại ngay.
01:29:09 Bản đồ trận: chưa thấy trạng thái trận của game (4181 chỗ có mã cầu thủ, 0 cặp, 0 đối tượng, nhóm []; 4s); game đang tải trận, dò lại ngay.
01:29:29 Dò bộ nhớ game: 44 vùng, 1 bảng cầu thủ (9.9s).
01:29:53 Tìm thấy bảng giá trị cầu thủ trong bộ nhớ game (218 dòng, 23.6s).
01:42:56 Bản đồ trận: tìm thấy 34 vị trí cầu thủ (0 biết tên), chưa thấy bóng (0.6s).
01:42:56 Bản đồ trận: ghi dữ liệu trận vào 20261002-014256_2026-06-11_79_101_207.
01:43:15 Bản đồ trận: thấy trạng thái trận của game: 22/22 cầu thủ (mã, số áo, vị trí; 19s).
01:43:15 Bản đồ trận: đọc trực tiếp trạng thái trận của game: số áo, vị trí từng cầu thủ, thay người nhận ngay.
01:43:24 Bản đồ trận: thấy 3 bản đội hình của trận (9.1s): thay người được nhận ngay, cả thay nhanh lúc bóng chết.
01:43:26 Bản đồ trận: tìm bóng trong đối tượng cầu thủ: 1381 chỗ thử (0 chung, 1381 qua con trỏ), chưa thấy.
01:43:41 Bản đồ trận: đã thấy quả bóng (14.5s).
01:44:02 Bản đồ trận: quả bóng đang đọc nhảy vị trí hoặc dính một cầu thủ: không phải quả bóng thật, dò lại.
01:44:08 Bản đồ trận: tìm bóng trong đối tượng cầu thủ: 1092 chỗ thử (0 chung, 1092 qua con trỏ), chưa thấy.
01:44:27 Bản đồ trận: tìm bóng trong đối tượng cầu thủ: 1304 chỗ thử (0 chung, 1304 qua con trỏ), thấy bóng (5.6s).
01:44:27 Bản đồ trận: đã thấy quả bóng (5.6s).
01:45:02 Bản đồ trận: ghi nhớ danh sách cầu thủ của game (215 con trỏ, 16 danh sách, 1 chỗ cố định; 64s): trận sau đọc ngay lúc giao bóng.
01:45:17 Bản đồ trận: ghi nhớ 15 chỗ game trỏ tới quả bóng (0 cố định; 15s): bóng mới sau bàn thắng được đọc ngay.
01:53:02 Bản đồ trận: Đối thủ thay người 79': Caspar Jander vào, Kuryu Matsuki ra.
01:53:27 Bản đồ trận: Bạn thay người 79': Marc Casadó vào, Elias Baum ra.
01:53:27 Bản đồ trận: Bạn thay người 79': Álex Valle vào, Joaquin Seys ra.
01:53:27 Bản đồ trận: Bạn thay người 79': Hugo Larsson vào, Guille Fernández ra.
01:53:27 Bản đồ trận: Bạn thay người 79': Antonio Nusa vào, Ruben van Bommel ra.
01:53:27 Bản đồ trận: Bạn thay người 79': Estevão Willian vào, Roger Fernandes ra.
01:53:27 Bản đồ trận: Bạn thay người 79': Rodrigo Mora vào, Nico Paz ra.
01:54:08 Bản đồ trận: Bạn thay người 81': Francesco Pio Esposito vào, Endrick ra.
01:55:14 Bản đồ trận: Đối thủ thay người 89': Elias Jelert vào, Mads Roerslev ra.
01:56:39 Bản đồ trận: Đối thủ thay người 94': James Bree vào, Welington ra.
01:57:03 Bản đồ trận: đã lưu diễn biến trận Arsenal FC – Southampton FC.
01:57:40 Lưu trữ thêm 34 trận trên thế giới vào dữ liệu của AI.
01:57:42 Đồng bộ xong: Arsenal FC, ngày 13/6/2026 (14.8s).
01:58:12 Lưu trữ thêm 139 trận trên thế giới vào dữ liệu của AI.
01:58:14 Đồng bộ xong: Arsenal FC, ngày 23/6/2026 (15.7s).
01:59:17 Lưu trữ thêm 67 trận trên thế giới vào dữ liệu của AI.
01:59:19 Đồng bộ xong: Arsenal FC, ngày 26/6/2026 (18.8s).
01:59:49 Đồng bộ xong: Arsenal FC, ngày 28/6/2026 (12.8s).
02:00:01 Bản đồ trận: chưa thấy trạng thái trận của game (6672 chỗ có mã cầu thủ, 10 cặp, 0 đối tượng, nhóm []; 16s); game đang tải trận, dò lại ngay.
02:00:07 Đồng bộ xong: Arsenal FC, ngày 29/6/2026 (12.6s).
02:00:13 Bản đồ trận: chưa thấy trạng thái trận của game (6848 chỗ có mã cầu thủ, 10 cặp, 0 đối tượng, nhóm []; 10s); game đang tải trận, dò lại ngay.
02:00:22 Bản đồ trận: chưa thấy trạng thái trận của game (7088 chỗ có mã cầu thủ, 10 cặp, 0 đối tượng, nhóm []; 8s); game đang tải trận, dò lại ngay.
02:00:31 Bản đồ trận: chưa thấy trạng thái trận của game (7115 chỗ có mã cầu thủ, 10 cặp, 0 đối tượng, nhóm []; 8s); game đang tải trận, dò lại ngay.
02:00:46 Lưu trữ thêm 1 trận trên thế giới vào dữ liệu của AI.
02:00:48 Đồng bộ xong: Arsenal FC, ngày 30/6/2026 (17.6s).
02:00:52 Bản đồ trận: chưa thấy trạng thái trận của game (6563 chỗ có mã cầu thủ, 10 cặp, 0 đối tượng, nhóm []; 19s); game đang tải trận, dò lại ngay.
02:04:22 Đồng bộ xong: Arsenal FC, ngày 1/7/2026 (14.2s).
02:12:42 Đồng bộ xong: Arsenal FC, ngày 2/7/2026 (10.8s).
02:15:25 Đồng bộ xong: Arsenal FC, ngày 3/7/2026 (10.6s).
02:15:39 Đồng bộ xong: Arsenal FC, ngày 4/7/2026 (9.9s).
02:16:12 Đồng bộ xong: Arsenal FC, ngày 10/7/2026 (11.2s).
02:16:56 Đồng bộ xong: Arsenal FC, ngày 13/7/2026 (10.9s).
02:17:55 1/5 Công thức OVR theo vị trí
02:17:56   OVR: sai số trung bình 0.70 điểm, 90% lệch không quá 1
02:17:56 2/5 Độ hợp vị trí (học từ hạng A/B/C của 27448 cầu thủ)
02:18:04 Đồng bộ xong: Arsenal FC, ngày 24/7/2026 (14.0s).
02:18:57 3/5 Phong cách chơi hợp chỉ số
02:19:15   phong cách chơi: đúng ngay 54.8%, nằm trong 3 gợi ý đầu 87.2%
02:19:33 4/5 Kỹ năng cầu thủ hợp chỉ số (41 kỹ năng)
02:20:43   kỹ năng cầu thủ: 41 mô hình, AUC trung bình 0.882
02:20:44 5/5 Phát triển theo tuổi (database gốc -> các save Master League)
02:20:46   2026/ML00000000  ngày 2037-12-02  4764 cặp
02:20:48   2026/ML00000001  ngày 2034-11-03  8252 cặp
02:20:49   2026/ML00000002  ngày 2026-08-07  26101 cặp
02:20:51   2026/ML00000003  ngày 2039-02-04  3370 cặp
02:20:52   2026/ML00000004  ngày 2025-08-22  0 cặp
02:20:55   2026_ML00000002 - Arsenal FC (2026-04-11/2026-04-25.sav  ngày 2026-04-25  27101 cặp
02:20:57   2026_ML00000002 - Arsenal FC (2026-04-11/2026-05-29.sav  ngày 2026-05-29  27101 cặp
02:20:59   2026_ML00000002 - Arsenal FC (2026-04-11/2026-06-30.sav  ngày 2026-06-30  27101 cặp
02:21:01   2026_ML00000002 - Arsenal FC (2026-04-11/2026-07-10.sav  ngày 2026-07-10  26101 cặp
02:21:02   2026_ML00000002 - Arsenal FC (2026-04-11/2026-07-13.sav  ngày 2026-07-13  26101 cặp
02:21:04   2026_ML00000002 - Arsenal FC (2026-04-11/2026-07-24.sav  ngày 2026-07-24  26101 cặp
02:21:15   sai số dự đoán chỉ số trung bình 0.63 (nếu coi như không đổi: 0.94)
02:21:15 Xong.
02:21:33 Lưu trữ thêm 12 trận trên thế giới vào dữ liệu của AI.
02:21:36 Đồng bộ xong: Arsenal FC, ngày 9/8/2026 (12.4s).
02:22:19 Lưu trữ thêm 40 trận trên thế giới vào dữ liệu của AI.
02:22:21 Đồng bộ xong: Arsenal FC, ngày 21/8/2026 (11.6s).
02:22:46 Bản đồ trận: chưa thấy trạng thái trận của game (2525 chỗ có mã cầu thủ, 0 cặp, 0 đối tượng, nhóm []; 6s); game đang tải trận, dò lại ngay.
02:22:51 Bản đồ trận: chưa thấy trạng thái trận của game (2520 chỗ có mã cầu thủ, 0 cặp, 0 đối tượng, nhóm []; 4s); game đang tải trận, dò lại ngay.
02:22:57 Bản đồ trận: chưa thấy trạng thái trận của game (2519 chỗ có mã cầu thủ, 0 cặp, 0 đối tượng, nhóm []; 5s); game đang tải trận, dò lại ngay.
02:23:08 Bản đồ trận: chưa thấy trạng thái trận của game (2519 chỗ có mã cầu thủ, 0 cặp, 0 đối tượng, nhóm []; 10s); game đang tải trận, dò lại ngay.
02:23:10 Đồng bộ xong: Arsenal FC, ngày 21/8/2026 (8.5s).
02:23:22 Bản đồ trận: chưa thấy trạng thái trận của game (2702 chỗ có mã cầu thủ, 0 cặp, 0 đối tượng, nhóm []; 13s); game đang tải trận, dò lại ngay.
02:23:26 Đồng bộ xong: Arsenal FC, ngày 22/8/2026 (11.4s).
02:23:32 Bản đồ trận: chưa thấy trạng thái trận của game (2716 chỗ có mã cầu thủ, 0 cặp, 0 đối tượng, nhóm []; 8s); game đang tải trận, dò lại ngay.
02:23:38 Bản đồ trận: chưa thấy trạng thái trận của game (2716 chỗ có mã cầu thủ, 0 cặp, 0 đối tượng, nhóm []; 5s); game đang tải trận, dò lại ngay.
02:23:44 Bản đồ trận: chưa thấy trạng thái trận của game (2716 chỗ có mã cầu thủ, 0 cặp, 0 đối tượng, nhóm []; 6s); game đang tải trận, dò lại ngay.
02:23:52 Bản đồ trận: chưa thấy trạng thái trận của game (2712 chỗ có mã cầu thủ, 0 cặp, 0 đối tượng, nhóm []; 6s); game đang tải trận, dò lại ngay.
02:23:58 Bản đồ trận: chưa thấy trạng thái trận của game (2703 chỗ có mã cầu thủ, 0 cặp, 0 đối tượng, nhóm []; 5s); game đang tải trận, dò lại ngay.
02:24:05 Bản đồ trận: chưa thấy trạng thái trận của game (2713 chỗ có mã cầu thủ, 0 cặp, 0 đối tượng, nhóm []; 6s); game đang tải trận, dò lại ngay.
02:24:12 Bản đồ trận: chưa thấy trạng thái trận của game (2704 chỗ có mã cầu thủ, 0 cặp, 0 đối tượng, nhóm []; 5s); game đang tải trận, dò lại ngay.
02:24:18 Bản đồ trận: chưa thấy trạng thái trận của game (2705 chỗ có mã cầu thủ, 0 cặp, 0 đối tượng, nhóm []; 5s); game đang tải trận, dò lại ngay.
02:24:25 Bản đồ trận: chưa thấy trạng thái trận của game (2709 chỗ có mã cầu thủ, 0 cặp, 0 đối tượng, nhóm []; 6s); game đang tải trận, dò lại ngay.
02:24:31 Bản đồ trận: chưa thấy trạng thái trận của game (2790 chỗ có mã cầu thủ, 0 cặp, 0 đối tượng, nhóm []; 5s); game đang tải trận, dò lại ngay.
02:24:38 Bản đồ trận: chưa thấy trạng thái trận của game (2674 chỗ có mã cầu thủ, 0 cặp, 0 đối tượng, nhóm []; 5s); game đang tải trận, dò lại ngay.
02:24:45 Bản đồ trận: chưa thấy trạng thái trận của game (2559 chỗ có mã cầu thủ, 0 cặp, 0 đối tượng, nhóm []; 6s); game đang tải trận, dò lại ngay.
02:24:52 Bản đồ trận: chưa thấy trạng thái trận của game (2581 chỗ có mã cầu thủ, 0 cặp, 0 đối tượng, nhóm []; 6s); game đang tải trận, dò lại ngay.
02:24:59 Bản đồ trận: chưa thấy trạng thái trận của game (2583 chỗ có mã cầu thủ, 0 cặp, 0 đối tượng, nhóm []; 6s); game đang tải trận, dò lại ngay.
02:25:05 Bản đồ trận: chưa thấy trạng thái trận của game (2605 chỗ có mã cầu thủ, 0 cặp, 0 đối tượng, nhóm []; 5s); game đang tải trận, dò lại ngay.
02:25:13 Bản đồ trận: chưa thấy trạng thái trận của game (2597 chỗ có mã cầu thủ, 0 cặp, 0 đối tượng, nhóm []; 6s); game đang tải trận, dò lại ngay.
02:25:20 Bản đồ trận: chưa thấy trạng thái trận của game (2604 chỗ có mã cầu thủ, 0 cặp, 0 đối tượng, nhóm []; 6s); game đang tải trận, dò lại ngay.
02:25:27 Bản đồ trận: chưa thấy trạng thái trận của game (2602 chỗ có mã cầu thủ, 0 cặp, 0 đối tượng, nhóm []; 5s); game đang tải trận, dò lại ngay.
02:25:34 Bản đồ trận: chưa thấy trạng thái trận của game (2598 chỗ có mã cầu thủ, 0 cặp, 0 đối tượng, nhóm []; 6s); game đang tải trận, dò lại ngay.
02:25:41 Bản đồ trận: chưa thấy trạng thái trận của game (2578 chỗ có mã cầu thủ, 0 cặp, 0 đối tượng, nhóm []; 6s); game đang tải trận, dò lại ngay.
02:25:49 Bản đồ trận: chưa thấy trạng thái trận của game (2576 chỗ có mã cầu thủ, 0 cặp, 0 đối tượng, nhóm []; 6s); game đang tải trận, dò lại ngay.
02:25:56 Bản đồ trận: chưa thấy trạng thái trận của game (2576 chỗ có mã cầu thủ, 0 cặp, 0 đối tượng, nhóm []; 5s); game đang tải trận, dò lại ngay.
02:26:02 Bản đồ trận: chưa thấy trạng thái trận của game (2567 chỗ có mã cầu thủ, 0 cặp, 0 đối tượng, nhóm []; 5s); game đang tải trận, dò lại ngay.
02:26:09 Bản đồ trận: chưa thấy trạng thái trận của game (2557 chỗ có mã cầu thủ, 0 cặp, 0 đối tượng, nhóm []; 6s); game đang tải trận, dò lại ngay.
02:26:16 Bản đồ trận: chưa thấy trạng thái trận của game (2567 chỗ có mã cầu thủ, 0 cặp, 0 đối tượng, nhóm []; 6s); game đang tải trận, dò lại ngay.
02:26:24 Bản đồ trận: chưa thấy trạng thái trận của game (2556 chỗ có mã cầu thủ, 0 cặp, 0 đối tượng, nhóm []; 6s); game đang tải trận, dò lại ngay.
02:26:30 Bản đồ trận: chưa thấy trạng thái trận của game (2545 chỗ có mã cầu thủ, 0 cặp, 0 đối tượng, nhóm []; 5s); game đang tải trận, dò lại ngay.
02:26:37 Bản đồ trận: chưa thấy trạng thái trận của game (2539 chỗ có mã cầu thủ, 0 cặp, 0 đối tượng, nhóm []; 6s); game đang tải trận, dò lại ngay.
02:26:45 Bản đồ trận: chưa thấy trạng thái trận của game (2540 chỗ có mã cầu thủ, 0 cặp, 0 đối tượng, nhóm []; 6s); game đang tải trận, dò lại ngay.
02:26:51 Bản đồ trận: chưa thấy trạng thái trận của game (2545 chỗ có mã cầu thủ, 0 cặp, 0 đối tượng, nhóm []; 6s); game đang tải trận, dò lại ngay.
02:26:58 Bản đồ trận: chưa thấy trạng thái trận của game (2552 chỗ có mã cầu thủ, 0 cặp, 0 đối tượng, nhóm []; 6s); game đang tải trận, dò lại ngay.
02:27:06 Bản đồ trận: chưa thấy trạng thái trận của game (2554 chỗ có mã cầu thủ, 0 cặp, 0 đối tượng, nhóm []; 6s); game đang tải trận, dò lại ngay.
02:27:13 Bản đồ trận: chưa thấy trạng thái trận của game (2556 chỗ có mã cầu thủ, 0 cặp, 0 đối tượng, nhóm []; 6s); game đang tải trận, dò lại ngay.
02:27:20 Bản đồ trận: chưa thấy trạng thái trận của game (2542 chỗ có mã cầu thủ, 0 cặp, 0 đối tượng, nhóm []; 6s); game đang tải trận, dò lại ngay.
02:27:27 Bản đồ trận: chưa thấy trạng thái trận của game (2685 chỗ có mã cầu thủ, 0 cặp, 0 đối tượng, nhóm []; 5s); game đang tải trận, dò lại ngay.
02:27:33 Bản đồ trận: chưa thấy trạng thái trận của game (3362 chỗ có mã cầu thủ, 0 cặp, 0 đối tượng, nhóm []; 5s); game đang tải trận, dò lại ngay.
02:27:41 Bản đồ trận: chưa thấy trạng thái trận của game (3583 chỗ có mã cầu thủ, 2 cặp, 0 đối tượng, nhóm []; 7s); game đang tải trận, dò lại ngay.
02:27:49 Bản đồ trận: chưa thấy trạng thái trận của game (3657 chỗ có mã cầu thủ, 0 cặp, 0 đối tượng, nhóm []; 6s); game đang tải trận, dò lại ngay.
02:27:50 Bản đồ trận: thấy trạng thái trận của game ngay từ danh sách của game: 22/22 cầu thủ (0.0s, lúc game đang tải trận).
02:27:51 Bản đồ trận: đọc trực tiếp trạng thái trận của game: số áo, vị trí từng cầu thủ, thay người nhận ngay (từ cảnh ra sân).
02:27:51 Bản đồ trận: ghi dữ liệu trận vào 20261002-022751_2026-08-22_17_101_382.
02:29:39 Bản đồ trận: tìm bóng trong đối tượng cầu thủ: 1999 chỗ thử (0 chung, 1999 qua con trỏ), thấy bóng (5.6s).
02:29:39 Bản đồ trận: đã thấy quả bóng (5.6s).
02:29:42 Bản đồ trận: quả bóng đang đọc nhảy vị trí hoặc dính một cầu thủ: không phải quả bóng thật, dò lại.
02:29:51 Bản đồ trận: tìm bóng trong đối tượng cầu thủ: 1850 chỗ thử (0 chung, 1850 qua con trỏ), chưa thấy.
02:30:05 Bản đồ trận: đã thấy quả bóng (13.4s).
02:30:40 Bản đồ trận: ghi nhớ danh sách cầu thủ của game (344 con trỏ, 14 danh sách, 1 chỗ cố định; 73s): trận sau đọc ngay lúc giao bóng.
02:31:11 Bản đồ trận: ghi nhớ 0 chỗ game trỏ tới quả bóng (0 cố định; 31s): bóng mới sau bàn thắng được đọc ngay.
02:32:11 Bản đồ trận: tìm bóng trong đối tượng cầu thủ: 0 chỗ thử (0 chung, 0 qua con trỏ), chưa thấy.
02:32:28 Bản đồ trận: đã thấy quả bóng (4.2s, ở chỗ đã biết).
02:34:31 Bản đồ trận: tìm bóng trong đối tượng cầu thủ: 408 chỗ thử (0 chung, 408 qua con trỏ), chưa thấy.
D:\FL26\SiderAddons\Dugout\dugout\matchlive.py:1267: RuntimeWarning: All-NaN slice encountered
  good = ok & (ground >= 0.3) & (path >= 2.0) & (np.nanmax(speed, 0) <= 45)
02:34:49 Bản đồ trận: đã thấy quả bóng (4.2s, ở chỗ đã biết).
02:35:40 Bản đồ trận: tìm bóng trong đối tượng cầu thủ: 643 chỗ thử (0 chung, 643 qua con trỏ), chưa thấy.
02:36:08 Bản đồ trận: đã thấy quả bóng (4.4s, ở chỗ đã biết).
02:36:56 Bản đồ trận: tìm bóng trong đối tượng cầu thủ: 579 chỗ thử (0 chung, 579 qua con trỏ), chưa thấy.
02:37:19 Bản đồ trận: tìm bóng trong đối tượng cầu thủ: 1558 chỗ thử (0 chung, 1558 qua con trỏ), chưa thấy.
D:\FL26\SiderAddons\Dugout\.venv\Lib\site-packages\numpy\_core\fromnumeric.py:54: RuntimeWarning: overflow encountered in multiply
  return bound(*args, **kwds)
02:37:42 Bản đồ trận: tìm bóng trong đối tượng cầu thủ: 1197 chỗ thử (0 chung, 1197 qua con trỏ), thấy bóng (5.6s).
02:37:42 Bản đồ trận: đã thấy quả bóng (5.6s).
02:37:53 Bản đồ trận: quả bóng đang đọc nhảy vị trí hoặc dính một cầu thủ: không phải quả bóng thật, dò lại.
02:37:58 Bản đồ trận: tìm bóng trong đối tượng cầu thủ: 1613 chỗ thử (0 chung, 1613 qua con trỏ), chưa thấy.
02:38:16 Bản đồ trận: tìm bóng trong đối tượng cầu thủ: 1030 chỗ thử (0 chung, 1030 qua con trỏ), chưa thấy.
02:38:36 Bản đồ trận: tìm bóng trong đối tượng cầu thủ: 1687 chỗ thử (0 chung, 1687 qua con trỏ), thấy bóng (5.6s).
02:38:36 Bản đồ trận: đã thấy quả bóng (5.6s).
02:38:41 Bản đồ trận: quả bóng đang đọc nhảy vị trí hoặc dính một cầu thủ: không phải quả bóng thật, dò lại.
02:38:46 Bản đồ trận: tìm bóng trong đối tượng cầu thủ: 1051 chỗ thử (0 chung, 1051 qua con trỏ), chưa thấy.
02:39:00 Bản đồ trận: đã thấy quả bóng (13.7s).
02:39:17 Bản đồ trận: tìm bóng trong đối tượng cầu thủ: 570 chỗ thử (0 chung, 570 qua con trỏ), chưa thấy.
02:39:56 Bản đồ trận: Bạn thay người 65': Iván Fresneda vào, Omar El Hilali ra.
02:40:08 Bản đồ trận: tìm bóng trong đối tượng cầu thủ: 1295 chỗ thử (0 chung, 1295 qua con trỏ), chưa thấy.
02:40:21 Bản đồ trận: Có thẻ vàng (Dugout đang học chỗ game ghi thẻ: chưa biết ai).
02:40:25 Bản đồ trận: tìm bóng trong đối tượng cầu thủ: 0 chỗ thử (0 chung, 0 qua con trỏ), chưa thấy.
02:40:49 Bản đồ trận: đã thấy quả bóng (4.2s, ở chỗ đã biết).
02:41:27 Bản đồ trận: tìm bóng trong đối tượng cầu thủ: 863 chỗ thử (0 chung, 863 qua con trỏ), chưa thấy.
02:41:40 Bản đồ trận: đã thấy quả bóng (13.5s).
02:42:46 Bản đồ trận: ghi nhớ 2 chỗ game trỏ tới quả bóng (2 cố định; 2s): bóng mới sau bàn thắng được đọc ngay.
02:43:04 Bản đồ trận: Bạn thay người 85': Joaquin Seys vào, Myles Lewis-Skelly ra.
02:43:04 Bản đồ trận: Bạn thay người 85': Roger Fernandes vào, Estevão Willian ra.
02:43:04 Bản đồ trận: Bạn thay người 85': Nico Paz vào, Rodrigo Mora ra.
02:43:16 Bản đồ trận: tìm bóng trong đối tượng cầu thủ: 929 chỗ thử (0 chung, 929 qua con trỏ), thấy bóng (5.6s).
02:43:16 Bản đồ trận: đã thấy quả bóng (5.6s).
02:43:26 Bản đồ trận: quả bóng đang đọc nhảy vị trí hoặc dính một cầu thủ: không phải quả bóng thật, dò lại.
02:43:35 Bản đồ trận: tìm bóng trong đối tượng cầu thủ: 1041 chỗ thử (0 chung, 1041 qua con trỏ), chưa thấy.
02:43:49 Bản đồ trận: đã thấy quả bóng (13.2s).
02:44:19 Bản đồ trận: ghi nhớ 4 chỗ game trỏ tới quả bóng (1 cố định; 4s): bóng mới sau bàn thắng được đọc ngay.
02:44:37 Bản đồ trận: Đối thủ thay người 94': David Ozoh vào, Cheick Doucouré ra.
02:44:37 Bản đồ trận: Đối thủ thay người 94': Eddie Nketiah vào, Ismaïla Sarr ra.
02:44:44 Bản đồ trận: tìm bóng trong đối tượng cầu thủ: 837 chỗ thử (0 chung, 837 qua con trỏ), thấy bóng (5.6s).
02:44:44 Bản đồ trận: đã thấy quả bóng (5.6s).
02:45:06 Bản đồ trận: ghi nhớ 7 chỗ game trỏ tới quả bóng (0 cố định; 2s): bóng mới sau bàn thắng được đọc ngay.
02:45:24 Bản đồ trận: đã lưu diễn biến trận Arsenal FC – Crystal Palace FC.
02:46:28 Lưu trữ thêm 155 trận trên thế giới vào dữ liệu của AI.
02:46:30 Đồng bộ xong: Arsenal FC, ngày 23/8/2026 (10.7s).
02:47:19 Lưu trữ thêm 486 trận trên thế giới vào dữ liệu của AI.
02:47:22 Đồng bộ xong: Arsenal FC, ngày 27/8/2026 (12.6s).
02:47:38 Bản đồ trận: chưa thấy trạng thái trận của game (3455 chỗ có mã cầu thủ, 0 cặp, 0 đối tượng, nhóm []; 11s); game đang tải trận, dò lại ngay.
02:47:40 Đồng bộ xong: Arsenal FC, ngày 29/8/2026 (10.9s).
02:47:46 Bản đồ trận: chưa thấy trạng thái trận của game (3455 chỗ có mã cầu thủ, 0 cặp, 0 đối tượng, nhóm []; 7s); game đang tải trận, dò lại ngay.
02:47:52 Bản đồ trận: chưa thấy trạng thái trận của game (3334 chỗ có mã cầu thủ, 0 cặp, 0 đối tượng, nhóm []; 5s); game đang tải trận, dò lại ngay.
02:47:59 Bản đồ trận: chưa thấy trạng thái trận của game (3108 chỗ có mã cầu thủ, 0 cặp, 0 đối tượng, nhóm []; 5s); game đang tải trận, dò lại ngay.
02:48:06 Bản đồ trận: chưa thấy trạng thái trận của game (3126 chỗ có mã cầu thủ, 0 cặp, 0 đối tượng, nhóm []; 6s); game đang tải trận, dò lại ngay.
02:48:13 Bản đồ trận: chưa thấy trạng thái trận của game (3133 chỗ có mã cầu thủ, 0 cặp, 0 đối tượng, nhóm []; 6s); game đang tải trận, dò lại ngay.
02:48:20 Bản đồ trận: chưa thấy trạng thái trận của game (3131 chỗ có mã cầu thủ, 0 cặp, 0 đối tượng, nhóm []; 5s); game đang tải trận, dò lại ngay.
02:48:27 Bản đồ trận: chưa thấy trạng thái trận của game (3136 chỗ có mã cầu thủ, 0 cặp, 0 đối tượng, nhóm []; 6s); game đang tải trận, dò lại ngay.
02:48:34 Bản đồ trận: chưa thấy trạng thái trận của game (3131 chỗ có mã cầu thủ, 0 cặp, 0 đối tượng, nhóm []; 6s); game đang tải trận, dò lại ngay.
02:48:40 Bản đồ trận: chưa thấy trạng thái trận của game (3130 chỗ có mã cầu thủ, 0 cặp, 0 đối tượng, nhóm []; 5s); game đang tải trận, dò lại ngay.
02:48:47 Bản đồ trận: chưa thấy trạng thái trận của game (3049 chỗ có mã cầu thủ, 0 cặp, 0 đối tượng, nhóm []; 6s); game đang tải trận, dò lại ngay.
02:48:54 Bản đồ trận: chưa thấy trạng thái trận của game (3049 chỗ có mã cầu thủ, 0 cặp, 0 đối tượng, nhóm []; 6s); game đang tải trận, dò lại ngay.
02:49:02 Bản đồ trận: chưa thấy trạng thái trận của game (3050 chỗ có mã cầu thủ, 0 cặp, 0 đối tượng, nhóm []; 6s); game đang tải trận, dò lại ngay.
02:49:08 Bản đồ trận: chưa thấy trạng thái trận của game (3050 chỗ có mã cầu thủ, 0 cặp, 0 đối tượng, nhóm []; 5s); game đang tải trận, dò lại ngay.
02:49:15 Bản đồ trận: chưa thấy trạng thái trận của game (3052 chỗ có mã cầu thủ, 0 cặp, 0 đối tượng, nhóm []; 6s); game đang tải trận, dò lại ngay.
02:49:22 Bản đồ trận: chưa thấy trạng thái trận của game (3040 chỗ có mã cầu thủ, 0 cặp, 0 đối tượng, nhóm []; 6s); game đang tải trận, dò lại ngay.
02:49:29 Bản đồ trận: chưa thấy trạng thái trận của game (3028 chỗ có mã cầu thủ, 0 cặp, 0 đối tượng, nhóm []; 5s); game đang tải trận, dò lại ngay.
02:49:35 Bản đồ trận: chưa thấy trạng thái trận của game (3027 chỗ có mã cầu thủ, 0 cặp, 0 đối tượng, nhóm []; 5s); game đang tải trận, dò lại ngay.
02:49:42 Bản đồ trận: chưa thấy trạng thái trận của game (2993 chỗ có mã cầu thủ, 0 cặp, 0 đối tượng, nhóm []; 6s); game đang tải trận, dò lại ngay.
02:49:49 Bản đồ trận: chưa thấy trạng thái trận của game (2993 chỗ có mã cầu thủ, 0 cặp, 0 đối tượng, nhóm []; 6s); game đang tải trận, dò lại ngay.
02:49:56 Bản đồ trận: chưa thấy trạng thái trận của game (2986 chỗ có mã cầu thủ, 0 cặp, 0 đối tượng, nhóm []; 6s); game đang tải trận, dò lại ngay.
02:50:04 Bản đồ trận: chưa thấy trạng thái trận của game (2993 chỗ có mã cầu thủ, 0 cặp, 0 đối tượng, nhóm []; 6s); game đang tải trận, dò lại ngay.
02:50:11 Bản đồ trận: chưa thấy trạng thái trận của game (2993 chỗ có mã cầu thủ, 0 cặp, 0 đối tượng, nhóm []; 6s); game đang tải trận, dò lại ngay.
02:50:18 Bản đồ trận: chưa thấy trạng thái trận của game (2839 chỗ có mã cầu thủ, 0 cặp, 0 đối tượng, nhóm []; 6s); game đang tải trận, dò lại ngay.
02:50:26 Bản đồ trận: chưa thấy trạng thái trận của game (3616 chỗ có mã cầu thủ, 0 cặp, 0 đối tượng, nhóm []; 7s); game đang tải trận, dò lại ngay.
02:50:32 Bản đồ trận: chưa thấy trạng thái trận của game (3512 chỗ có mã cầu thủ, 0 cặp, 0 đối tượng, nhóm []; 5s); game đang tải trận, dò lại ngay.
02:50:40 Bản đồ trận: chưa thấy trạng thái trận của game (3828 chỗ có mã cầu thủ, 3 cặp, 1 đối tượng, nhóm []; 7s); game đang tải trận, dò lại ngay.
02:50:42 Bản đồ trận: thấy trạng thái trận của game ngay từ danh sách của game: 20/22 cầu thủ (0.0s, lúc game đang tải trận).
02:52:22 Bản đồ trận: đọc trực tiếp trạng thái trận của game: số áo, vị trí từng cầu thủ, thay người nhận ngay (từ cảnh ra sân).
02:52:22 Bản đồ trận: ghi dữ liệu trận vào 20261002-025222_2026-08-29_17_4071_101.
02:52:33 Bản đồ trận: tìm bóng trong đối tượng cầu thủ: 1587 chỗ thử (0 chung, 1587 qua con trỏ), chưa thấy.
02:52:56 Bản đồ trận: tìm bóng trong đối tượng cầu thủ: 453 chỗ thử (0 chung, 453 qua con trỏ), chưa thấy.
02:53:20 Bản đồ trận: tìm bóng trong đối tượng cầu thủ: 808 chỗ thử (0 chung, 808 qua con trỏ), chưa thấy.
02:53:28 Bản đồ trận: ghi nhớ danh sách cầu thủ của game (343 con trỏ, 14 danh sách, 1 chỗ cố định; 37s): trận sau đọc ngay lúc giao bóng.
02:53:45 Bản đồ trận: tìm bóng trong đối tượng cầu thủ: 1347 chỗ thử (0 chung, 1347 qua con trỏ), chưa thấy.
02:54:15 Bản đồ trận: tìm bóng trong đối tượng cầu thủ: 779 chỗ thử (0 chung, 779 qua con trỏ), chưa thấy.
02:54:50 Bản đồ trận: tìm bóng trong đối tượng cầu thủ: 1400 chỗ thử (0 chung, 1400 qua con trỏ), chưa thấy.
02:55:30 Bản đồ trận: tìm bóng trong đối tượng cầu thủ: 1220 chỗ thử (0 chung, 1220 qua con trỏ), chưa thấy.
02:56:15 Bản đồ trận: tìm bóng trong đối tượng cầu thủ: 812 chỗ thử (0 chung, 812 qua con trỏ), chưa thấy.
02:57:05 Bản đồ trận: tìm bóng trong đối tượng cầu thủ: 1477 chỗ thử (0 chung, 1477 qua con trỏ), chưa thấy.
02:58:04 Bản đồ trận: tìm bóng trong đối tượng cầu thủ: 1820 chỗ thử (0 chung, 1820 qua con trỏ), chưa thấy.
02:59:04 Bản đồ trận: tìm bóng trong đối tượng cầu thủ: 86 chỗ thử (0 chung, 86 qua con trỏ), chưa thấy.
02:59:07 Bản đồ trận: Đối thủ thay người 46': Rayan vào, David Brooks ra.
D:\FL26\SiderAddons\Dugout\dugout\matchlive.py:1267: RuntimeWarning: All-NaN slice encountered
  good = ok & (ground >= 0.3) & (path >= 2.0) & (np.nanmax(speed, 0) <= 45)
D:\FL26\SiderAddons\Dugout\.venv\Lib\site-packages\numpy\_core\fromnumeric.py:54: RuntimeWarning: overflow encountered in multiply
  return bound(*args, **kwds)
03:00:04 Bản đồ trận: tìm bóng trong đối tượng cầu thủ: 1618 chỗ thử (0 chung, 1618 qua con trỏ), chưa thấy.
03:01:04 Bản đồ trận: tìm bóng trong đối tượng cầu thủ: 1885 chỗ thử (0 chung, 1885 qua con trỏ), chưa thấy.
03:02:04 Bản đồ trận: tìm bóng trong đối tượng cầu thủ: 969 chỗ thử (0 chung, 969 qua con trỏ), chưa thấy.
03:03:00 Bản đồ trận: tìm bóng trong đối tượng cầu thủ: 0 chỗ thử (0 chung, 0 qua con trỏ), chưa thấy.
03:03:06 Bản đồ trận: Đối thủ thay người 75': Eli Junior Kroupi vào, Evanilson ra.
03:03:06 Bản đồ trận: Bạn thay người 75': Joaquin Seys vào, Álex Valle ra.
03:03:06 Bản đồ trận: Bạn thay người 75': Antonio Nusa vào, Cristiano Ronaldo Júnior ra.
03:04:08 Bản đồ trận: Bạn thay người 81': Iván Fresneda vào, Omar El Hilali ra.
03:04:08 Bản đồ trận: Bạn thay người 81': Franco Mastantuono vào, Roger Fernandes ra.
03:04:09 Bản đồ trận: tìm bóng trong đối tượng cầu thủ: 418 chỗ thử (0 chung, 418 qua con trỏ), chưa thấy.
03:05:09 Bản đồ trận: tìm bóng trong đối tượng cầu thủ: 1459 chỗ thử (0 chung, 1459 qua con trỏ), chưa thấy.
03:05:47 Bản đồ trận: Đối thủ thay người 86': Julián Araujo vào, Álex Jiménez ra.
03:05:47 Bản đồ trận: Bạn thay người 86': Christ Inao Oulaï vào, Guille Fernández ra.
03:06:09 Bản đồ trận: tìm bóng trong đối tượng cầu thủ: 1312 chỗ thử (0 chung, 1312 qua con trỏ), chưa thấy.
03:07:09 Bản đồ trận: tìm bóng trong đối tượng cầu thủ: 1334 chỗ thử (0 chung, 1334 qua con trỏ), chưa thấy.
03:07:22 Bản đồ trận: đã lưu diễn biến trận AFC Bournemouth – Arsenal FC.
03:07:57 Lưu trữ thêm 208 trận trên thế giới vào dữ liệu của AI.
03:08:00 Đồng bộ xong: Arsenal FC, ngày 31/8/2026 (15.6s).
03:08:26 Đồng bộ xong: Arsenal FC, ngày 31/8/2026 (8.8s).
03:08:48 Đồng bộ xong: Arsenal FC, ngày 31/8/2026 (8.9s).
03:09:05 Lưu trữ thêm 249 trận trên thế giới vào dữ liệu của AI.
03:09:06 Bản đồ trận: chưa thấy trạng thái trận của game (3348 chỗ có mã cầu thủ, 1 cặp, 1 đối tượng, nhóm [1]; 14s); game đang tải trận, dò lại ngay.
03:09:07 Đồng bộ xong: Arsenal FC, ngày 19/9/2026 (13.7s).
03:09:13 Bản đồ trận: chưa thấy trạng thái trận của game (3075 chỗ có mã cầu thủ, 1 cặp, 1 đối tượng, nhóm [1]; 6s); game đang tải trận, dò lại ngay.
03:09:20 Bản đồ trận: chưa thấy trạng thái trận của game (3037 chỗ có mã cầu thủ, 1 cặp, 1 đối tượng, nhóm [1]; 6s); game đang tải trận, dò lại ngay.
03:09:28 Bản đồ trận: chưa thấy trạng thái trận của game (3031 chỗ có mã cầu thủ, 1 cặp, 1 đối tượng, nhóm [1]; 6s); game đang tải trận, dò lại ngay.
03:09:34 Bản đồ trận: chưa thấy trạng thái trận của game (3033 chỗ có mã cầu thủ, 1 cặp, 1 đối tượng, nhóm [1]; 5s); game đang tải trận, dò lại ngay.
03:09:41 Bản đồ trận: chưa thấy trạng thái trận của game (3051 chỗ có mã cầu thủ, 1 cặp, 1 đối tượng, nhóm [1]; 6s); game đang tải trận, dò lại ngay.
03:09:49 Bản đồ trận: chưa thấy trạng thái trận của game (3051 chỗ có mã cầu thủ, 1 cặp, 1 đối tượng, nhóm [1]; 6s); game đang tải trận, dò lại ngay.
03:09:56 Bản đồ trận: chưa thấy trạng thái trận của game (3053 chỗ có mã cầu thủ, 1 cặp, 1 đối tượng, nhóm [1]; 6s); game đang tải trận, dò lại ngay.
03:10:02 Bản đồ trận: chưa thấy trạng thái trận của game (3055 chỗ có mã cầu thủ, 1 cặp, 1 đối tượng, nhóm [1]; 5s); game đang tải trận, dò lại ngay.
03:10:09 Bản đồ trận: chưa thấy trạng thái trận của game (3054 chỗ có mã cầu thủ, 1 cặp, 1 đối tượng, nhóm [1]; 6s); game đang tải trận, dò lại ngay.
03:10:17 Bản đồ trận: chưa thấy trạng thái trận của game (3060 chỗ có mã cầu thủ, 1 cặp, 1 đối tượng, nhóm [1]; 6s); game đang tải trận, dò lại ngay.
03:10:24 Bản đồ trận: chưa thấy trạng thái trận của game (3046 chỗ có mã cầu thủ, 1 cặp, 1 đối tượng, nhóm [1]; 6s); game đang tải trận, dò lại ngay.
03:10:32 Bản đồ trận: chưa thấy trạng thái trận của game (3023 chỗ có mã cầu thủ, 1 cặp, 1 đối tượng, nhóm [1]; 6s); game đang tải trận, dò lại ngay.
03:10:38 Bản đồ trận: chưa thấy trạng thái trận của game (3017 chỗ có mã cầu thủ, 1 cặp, 1 đối tượng, nhóm [1]; 5s); game đang tải trận, dò lại ngay.
03:10:45 Bản đồ trận: chưa thấy trạng thái trận của game (3014 chỗ có mã cầu thủ, 1 cặp, 1 đối tượng, nhóm [1]; 6s); game đang tải trận, dò lại ngay.
03:10:52 Bản đồ trận: chưa thấy trạng thái trận của game (3021 chỗ có mã cầu thủ, 1 cặp, 1 đối tượng, nhóm [1]; 6s); game đang tải trận, dò lại ngay.
03:11:00 Bản đồ trận: chưa thấy trạng thái trận của game (3016 chỗ có mã cầu thủ, 1 cặp, 1 đối tượng, nhóm [1]; 6s); game đang tải trận, dò lại ngay.
03:11:07 Bản đồ trận: chưa thấy trạng thái trận của game (3013 chỗ có mã cầu thủ, 1 cặp, 1 đối tượng, nhóm [1]; 6s); game đang tải trận, dò lại ngay.
03:11:13 Bản đồ trận: chưa thấy trạng thái trận của game (3013 chỗ có mã cầu thủ, 1 cặp, 1 đối tượng, nhóm [1]; 5s); game đang tải trận, dò lại ngay.
03:11:21 Bản đồ trận: chưa thấy trạng thái trận của game (3013 chỗ có mã cầu thủ, 1 cặp, 1 đối tượng, nhóm [1]; 6s); game đang tải trận, dò lại ngay.
03:11:28 Bản đồ trận: chưa thấy trạng thái trận của game (3013 chỗ có mã cầu thủ, 1 cặp, 1 đối tượng, nhóm [1]; 6s); game đang tải trận, dò lại ngay.
03:11:35 Bản đồ trận: chưa thấy trạng thái trận của game (3006 chỗ có mã cầu thủ, 1 cặp, 1 đối tượng, nhóm [1]; 6s); game đang tải trận, dò lại ngay.
03:11:42 Bản đồ trận: chưa thấy trạng thái trận của game (3777 chỗ có mã cầu thủ, 1 cặp, 1 đối tượng, nhóm [1]; 5s); game đang tải trận, dò lại ngay.
03:11:48 Bản đồ trận: chưa thấy trạng thái trận của game (3847 chỗ có mã cầu thủ, 1 cặp, 1 đối tượng, nhóm [1]; 5s); game đang tải trận, dò lại ngay.
03:11:57 Bản đồ trận: chưa thấy trạng thái trận của game (4096 chỗ có mã cầu thủ, 4 cặp, 1 đối tượng, nhóm [1]; 7s); game đang tải trận, dò lại ngay.
03:12:05 Bản đồ trận: chưa thấy trạng thái trận của game (4094 chỗ có mã cầu thủ, 3 cặp, 3 đối tượng, nhóm [2, 1]; 8s); game đang tải trận, dò lại ngay.
03:12:07 Bản đồ trận: thấy trạng thái trận của game ngay từ danh sách của game: 20/22 cầu thủ (0.0s, lúc game đang tải trận).
03:12:20 Bản đồ trận: đọc trực tiếp trạng thái trận của game: số áo, vị trí từng cầu thủ, thay người nhận ngay (từ cảnh ra sân).
03:12:20 Bản đồ trận: ghi dữ liệu trận vào 20261002-031220_2026-09-19_17_101_103.
03:12:30 Bản đồ trận: tìm bóng trong đối tượng cầu thủ: 1490 chỗ thử (0 chung, 1490 qua con trỏ), chưa thấy.
03:12:53 Bản đồ trận: tìm bóng trong đối tượng cầu thủ: 1202 chỗ thử (0 chung, 1202 qua con trỏ), chưa thấy.
03:13:16 Bản đồ trận: tìm bóng trong đối tượng cầu thủ: 1398 chỗ thử (0 chung, 1398 qua con trỏ), chưa thấy.
03:13:41 Bản đồ trận: tìm bóng trong đối tượng cầu thủ: 1400 chỗ thử (0 chung, 1400 qua con trỏ), chưa thấy.
03:13:48 Bản đồ trận: ghi nhớ danh sách cầu thủ của game (349 con trỏ, 16 danh sách, 1 chỗ cố định; 68s): trận sau đọc ngay lúc giao bóng.
D:\FL26\SiderAddons\Dugout\dugout\matchlive.py:1267: RuntimeWarning: All-NaN slice encountered
  good = ok & (ground >= 0.3) & (path >= 2.0) & (np.nanmax(speed, 0) <= 45)
03:14:11 Bản đồ trận: tìm bóng trong đối tượng cầu thủ: 1107 chỗ thử (0 chung, 1107 qua con trỏ), chưa thấy.
03:14:46 Bản đồ trận: tìm bóng trong đối tượng cầu thủ: 1638 chỗ thử (0 chung, 1638 qua con trỏ), chưa thấy.
D:\FL26\SiderAddons\Dugout\.venv\Lib\site-packages\numpy\_core\fromnumeric.py:54: RuntimeWarning: overflow encountered in multiply
  return bound(*args, **kwds)
03:15:26 Bản đồ trận: tìm bóng trong đối tượng cầu thủ: 1013 chỗ thử (0 chung, 1013 qua con trỏ), chưa thấy.
03:16:12 Bản đồ trận: tìm bóng trong đối tượng cầu thủ: 1427 chỗ thử (0 chung, 1427 qua con trỏ), chưa thấy.
03:17:02 Bản đồ trận: tìm bóng trong đối tượng cầu thủ: 950 chỗ thử (0 chung, 950 qua con trỏ), chưa thấy.
03:17:57 Bản đồ trận: tìm bóng trong đối tượng cầu thủ: 1066 chỗ thử (0 chung, 1066 qua con trỏ), chưa thấy.
03:18:57 Bản đồ trận: tìm bóng trong đối tượng cầu thủ: 1277 chỗ thử (0 chung, 1277 qua con trỏ), chưa thấy.
03:19:57 Bản đồ trận: tìm bóng trong đối tượng cầu thủ: 1419 chỗ thử (0 chung, 1419 qua con trỏ), chưa thấy.
03:20:40 Bản đồ trận: Đối thủ thay người 67': Joe Gomez vào, Milos Kerkez ra.
03:20:55 Bản đồ trận: Bạn thay người 67': Iván Fresneda vào, Omar El Hilali ra.
03:20:55 Bản đồ trận: Bạn thay người 67': Cristiano Ronaldo Júnior vào, Antonio Nusa ra.
03:21:07 Bản đồ trận: tìm bóng trong đối tượng cầu thủ: 1225 chỗ thử (0 chung, 1225 qua con trỏ), chưa thấy.
03:22:07 Bản đồ trận: tìm bóng trong đối tượng cầu thủ: 1360 chỗ thử (0 chung, 1360 qua con trỏ), chưa thấy.
03:23:07 Bản đồ trận: tìm bóng trong đối tượng cầu thủ: 981 chỗ thử (0 chung, 981 qua con trỏ), chưa thấy.
03:23:24 Bản đồ trận: Đối thủ thay người 82': Jeremie Frimpong vào, Conor Bradley ra.
03:23:43 Bản đồ trận: Bạn thay người 82': Álex Valle vào, Joaquin Seys ra.
03:23:43 Bản đồ trận: Bạn thay người 82': Franco Mastantuono vào, Estevão Willian ra.
03:24:07 Bản đồ trận: tìm bóng trong đối tượng cầu thủ: 1145 chỗ thử (0 chung, 1145 qua con trỏ), chưa thấy.
03:25:03 Bản đồ trận: tìm bóng trong đối tượng cầu thủ: 0 chỗ thử (0 chung, 0 qua con trỏ), chưa thấy.
03:25:14 Bản đồ trận: Bạn thay người 92': Guille Fernández vào, Hugo Larsson ra.
03:26:07 Bản đồ trận: tìm bóng trong đối tượng cầu thủ: 1326 chỗ thử (0 chung, 1326 qua con trỏ), chưa thấy.
03:26:10 Bản đồ trận: đã lưu diễn biến trận Arsenal FC – Liverpool FC.
03:26:46 Lưu trữ thêm 227 trận trên thế giới vào dữ liệu của AI.
03:26:48 Đồng bộ xong: Arsenal FC, ngày 22/9/2026 (22.5s).
03:30:08 Bản đồ trận: chưa thấy trạng thái trận của game (3057 chỗ có mã cầu thủ, 2 cặp, 2 đối tượng, nhóm []; 5s); game đang tải trận, dò lại ngay.
03:30:13 Bản đồ trận: chưa thấy trạng thái trận của game (3054 chỗ có mã cầu thủ, 2 cặp, 2 đối tượng, nhóm []; 4s); game đang tải trận, dò lại ngay.
03:30:19 Bản đồ trận: chưa thấy trạng thái trận của game (3078 chỗ có mã cầu thủ, 2 cặp, 2 đối tượng, nhóm []; 4s); game đang tải trận, dò lại ngay.
03:30:25 Bản đồ trận: chưa thấy trạng thái trận của game (3022 chỗ có mã cầu thủ, 2 cặp, 2 đối tượng, nhóm []; 5s); game đang tải trận, dò lại ngay.
03:30:38 Bản đồ trận: chưa thấy trạng thái trận của game (3343 chỗ có mã cầu thủ, 2 cặp, 2 đối tượng, nhóm []; 12s); game đang tải trận, dò lại ngay.
03:30:39 Đồng bộ xong: Arsenal FC, ngày 23/9/2026 (11.4s).
03:30:46 Bản đồ trận: chưa thấy trạng thái trận của game (3142 chỗ có mã cầu thủ, 2 cặp, 2 đối tượng, nhóm []; 6s); game đang tải trận, dò lại ngay.
03:30:53 Bản đồ trận: chưa thấy trạng thái trận của game (3143 chỗ có mã cầu thủ, 2 cặp, 2 đối tượng, nhóm []; 6s); game đang tải trận, dò lại ngay.
03:30:59 Bản đồ trận: chưa thấy trạng thái trận của game (3142 chỗ có mã cầu thủ, 2 cặp, 2 đối tượng, nhóm []; 5s); game đang tải trận, dò lại ngay.
03:31:08 Bản đồ trận: chưa thấy trạng thái trận của game (3142 chỗ có mã cầu thủ, 2 cặp, 2 đối tượng, nhóm []; 7s); game đang tải trận, dò lại ngay.
03:31:14 Bản đồ trận: chưa thấy trạng thái trận của game (3145 chỗ có mã cầu thủ, 2 cặp, 2 đối tượng, nhóm []; 5s); game đang tải trận, dò lại ngay.
03:31:21 Bản đồ trận: chưa thấy trạng thái trận của game (3143 chỗ có mã cầu thủ, 2 cặp, 2 đối tượng, nhóm []; 6s); game đang tải trận, dò lại ngay.
03:31:29 Bản đồ trận: chưa thấy trạng thái trận của game (3138 chỗ có mã cầu thủ, 2 cặp, 2 đối tượng, nhóm []; 6s); game đang tải trận, dò lại ngay.
03:31:36 Bản đồ trận: chưa thấy trạng thái trận của game (3161 chỗ có mã cầu thủ, 2 cặp, 2 đối tượng, nhóm []; 6s); game đang tải trận, dò lại ngay.
03:31:42 Bản đồ trận: chưa thấy trạng thái trận của game (3177 chỗ có mã cầu thủ, 2 cặp, 2 đối tượng, nhóm []; 6s); game đang tải trận, dò lại ngay.
03:31:50 Bản đồ trận: chưa thấy trạng thái trận của game (3169 chỗ có mã cầu thủ, 2 cặp, 2 đối tượng, nhóm []; 6s); game đang tải trận, dò lại ngay.
03:31:58 Bản đồ trận: chưa thấy trạng thái trận của game (3187 chỗ có mã cầu thủ, 2 cặp, 2 đối tượng, nhóm []; 6s); game đang tải trận, dò lại ngay.
03:32:04 Bản đồ trận: chưa thấy trạng thái trận của game (3167 chỗ có mã cầu thủ, 2 cặp, 2 đối tượng, nhóm []; 6s); game đang tải trận, dò lại ngay.
03:32:11 Bản đồ trận: chưa thấy trạng thái trận của game (3177 chỗ có mã cầu thủ, 2 cặp, 2 đối tượng, nhóm []; 6s); game đang tải trận, dò lại ngay.
03:32:19 Bản đồ trận: chưa thấy trạng thái trận của game (3155 chỗ có mã cầu thủ, 2 cặp, 2 đối tượng, nhóm []; 6s); game đang tải trận, dò lại ngay.
03:32:26 Bản đồ trận: chưa thấy trạng thái trận của game (3139 chỗ có mã cầu thủ, 2 cặp, 2 đối tượng, nhóm []; 6s); game đang tải trận, dò lại ngay.
03:32:33 Bản đồ trận: chưa thấy trạng thái trận của game (3137 chỗ có mã cầu thủ, 2 cặp, 2 đối tượng, nhóm []; 5s); game đang tải trận, dò lại ngay.
03:32:40 Bản đồ trận: chưa thấy trạng thái trận của game (3134 chỗ có mã cầu thủ, 2 cặp, 2 đối tượng, nhóm []; 6s); game đang tải trận, dò lại ngay.
03:32:47 Bản đồ trận: chưa thấy trạng thái trận của game (3135 chỗ có mã cầu thủ, 2 cặp, 2 đối tượng, nhóm []; 6s); game đang tải trận, dò lại ngay.
03:32:55 Bản đồ trận: chưa thấy trạng thái trận của game (3135 chỗ có mã cầu thủ, 2 cặp, 2 đối tượng, nhóm []; 6s); game đang tải trận, dò lại ngay.
03:33:02 Bản đồ trận: chưa thấy trạng thái trận của game (3135 chỗ có mã cầu thủ, 2 cặp, 2 đối tượng, nhóm []; 6s); game đang tải trận, dò lại ngay.
03:33:09 Bản đồ trận: chưa thấy trạng thái trận của game (3135 chỗ có mã cầu thủ, 2 cặp, 2 đối tượng, nhóm []; 6s); game đang tải trận, dò lại ngay.
03:33:16 Bản đồ trận: chưa thấy trạng thái trận của game (3124 chỗ có mã cầu thủ, 1 cặp, 1 đối tượng, nhóm []; 5s); game đang tải trận, dò lại ngay.
03:33:23 Bản đồ trận: chưa thấy trạng thái trận của game (3857 chỗ có mã cầu thủ, 1 cặp, 1 đối tượng, nhóm []; 6s); game đang tải trận, dò lại ngay.
03:33:28 Bản đồ trận: chưa thấy trạng thái trận của game (3952 chỗ có mã cầu thủ, 1 cặp, 1 đối tượng, nhóm []; 4s); game đang tải trận, dò lại ngay.
03:33:36 Bản đồ trận: chưa thấy trạng thái trận của game (3784 chỗ có mã cầu thủ, 1 cặp, 1 đối tượng, nhóm []; 7s); game đang tải trận, dò lại ngay.
03:33:44 Bản đồ trận: chưa thấy trạng thái trận của game (4026 chỗ có mã cầu thủ, 1 cặp, 1 đối tượng, nhóm []; 7s); game đang tải trận, dò lại ngay.
03:33:46 Bản đồ trận: thấy trạng thái trận của game ngay từ danh sách của game: 20/22 cầu thủ (0.0s, lúc game đang tải trận).
03:33:54 Bản đồ trận: đọc trực tiếp trạng thái trận của game: số áo, vị trí từng cầu thủ, thay người nhận ngay (từ cảnh ra sân).
03:33:54 Bản đồ trận: ghi dữ liệu trận vào 20261002-033354_2026-09-23_17_100_101.
03:34:05 Bản đồ trận: tìm bóng trong đối tượng cầu thủ: 1282 chỗ thử (0 chung, 1282 qua con trỏ), chưa thấy.
03:34:27 Bản đồ trận: tìm bóng trong đối tượng cầu thủ: 1238 chỗ thử (0 chung, 1238 qua con trỏ), chưa thấy.
03:34:49 Bản đồ trận: tìm bóng trong đối tượng cầu thủ: 1497 chỗ thử (0 chung, 1497 qua con trỏ), chưa thấy.
03:35:14 Bản đồ trận: tìm bóng trong đối tượng cầu thủ: 1054 chỗ thử (0 chung, 1054 qua con trỏ), chưa thấy.
03:35:45 Bản đồ trận: tìm bóng trong đối tượng cầu thủ: 1235 chỗ thử (0 chung, 1235 qua con trỏ), chưa thấy.
03:36:01 Bản đồ trận: ghi nhớ danh sách cầu thủ của game (645 con trỏ, 16 danh sách, 1 chỗ cố định; 66s): trận sau đọc ngay lúc giao bóng.
03:36:20 Bản đồ trận: tìm bóng trong đối tượng cầu thủ: 956 chỗ thử (0 chung, 956 qua con trỏ), chưa thấy.
03:37:11 Bản đồ trận: tìm bóng trong đối tượng cầu thủ: 1314 chỗ thử (0 chung, 1314 qua con trỏ), chưa thấy.
03:37:56 Bản đồ trận: tìm bóng trong đối tượng cầu thủ: 1488 chỗ thử (0 chung, 1488 qua con trỏ), chưa thấy.
03:38:46 Bản đồ trận: tìm bóng trong đối tượng cầu thủ: 1266 chỗ thử (0 chung, 1266 qua con trỏ), chưa thấy.
03:39:41 Bản đồ trận: tìm bóng trong đối tượng cầu thủ: 859 chỗ thử (0 chung, 859 qua con trỏ), chưa thấy.
03:40:41 Bản đồ trận: tìm bóng trong đối tượng cầu thủ: 1075 chỗ thử (0 chung, 1075 qua con trỏ), chưa thấy.
D:\FL26\SiderAddons\Dugout\dugout\matchlive.py:1267: RuntimeWarning: All-NaN slice encountered
  good = ok & (ground >= 0.3) & (path >= 2.0) & (np.nanmax(speed, 0) <= 45)
03:41:41 Bản đồ trận: tìm bóng trong đối tượng cầu thủ: 1437 chỗ thử (0 chung, 1437 qua con trỏ), chưa thấy.
03:42:41 Bản đồ trận: tìm bóng trong đối tượng cầu thủ: 966 chỗ thử (0 chung, 966 qua con trỏ), chưa thấy.
03:43:09 Bản đồ trận: Đối thủ thay người 70': Amad Diallo vào, Diogo Dalot ra.
03:43:41 Bản đồ trận: tìm bóng trong đối tượng cầu thủ: 1286 chỗ thử (0 chung, 1286 qua con trỏ), chưa thấy.
03:43:46 Bản đồ trận: Đối thủ thay người 74': Diego León vào, Luke Shaw ra.
03:43:46 Bản đồ trận: Đối thủ thay người 74': Jadon Sancho vào, Marcus Rashford ra.
03:44:10 Bản đồ trận: Bạn thay người 74': Joaquin Seys vào, Elias Baum ra.
03:44:10 Bản đồ trận: Bạn thay người 74': Cristiano Ronaldo Júnior vào, Ruben van Bommel ra.
03:44:41 Bản đồ trận: tìm bóng trong đối tượng cầu thủ: 1054 chỗ thử (0 chung, 1054 qua con trỏ), chưa thấy.
03:45:41 Bản đồ trận: tìm bóng trong đối tượng cầu thủ: 619 chỗ thử (0 chung, 619 qua con trỏ), chưa thấy.
D:\FL26\SiderAddons\Dugout\.venv\Lib\site-packages\numpy\_core\fromnumeric.py:54: RuntimeWarning: overflow encountered in multiply
  return bound(*args, **kwds)
03:45:55 Bản đồ trận: Bạn thay người 82': Franco Mastantuono vào, Estevão Willian ra.
03:46:41 Bản đồ trận: tìm bóng trong đối tượng cầu thủ: 1436 chỗ thử (0 chung, 1436 qua con trỏ), chưa thấy.
03:46:41 Bản đồ trận: tìm lại đối tượng cầu thủ của game (35s).
03:47:37 Bản đồ trận: tìm bóng trong đối tượng cầu thủ: 0 chỗ thử (0 chung, 0 qua con trỏ), chưa thấy.
03:47:45 Bản đồ trận: thấy 1 bản đội hình của trận (53.1s): thay người được nhận ngay, cả thay nhanh lúc bóng chết.
03:48:28 Bản đồ trận: đã lưu diễn biến trận Manchester United FC – Arsenal FC.
03:49:09 Lưu trữ thêm 108 trận trên thế giới vào dữ liệu của AI.
03:49:12 Đồng bộ xong: Arsenal FC, ngày 26/9/2026 (19.3s).
03:49:13 Bản đồ trận: chưa thấy trạng thái trận của game (3101 chỗ có mã cầu thủ, 6 cặp, 5 đối tượng, nhóm [1]; 22s); game đang tải trận, dò lại ngay.
03:49:21 Bản đồ trận: chưa thấy trạng thái trận của game (2947 chỗ có mã cầu thủ, 3 cặp, 2 đối tượng, nhóm [1]; 6s); game đang tải trận, dò lại ngay.
03:49:28 Bản đồ trận: chưa thấy trạng thái trận của game (2911 chỗ có mã cầu thủ, 3 cặp, 2 đối tượng, nhóm [1]; 6s); game đang tải trận, dò lại ngay.
03:49:35 Bản đồ trận: chưa thấy trạng thái trận của game (3042 chỗ có mã cầu thủ, 3 cặp, 2 đối tượng, nhóm [1]; 6s); game đang tải trận, dò lại ngay.
03:49:43 Bản đồ trận: chưa thấy trạng thái trận của game (3047 chỗ có mã cầu thủ, 3 cặp, 2 đối tượng, nhóm [1]; 6s); game đang tải trận, dò lại ngay.
03:49:49 Bản đồ trận: chưa thấy trạng thái trận của game (3047 chỗ có mã cầu thủ, 3 cặp, 2 đối tượng, nhóm [1]; 5s); game đang tải trận, dò lại ngay.
03:49:57 Bản đồ trận: chưa thấy trạng thái trận của game (3047 chỗ có mã cầu thủ, 3 cặp, 2 đối tượng, nhóm [1]; 6s); game đang tải trận, dò lại ngay.
03:50:04 Bản đồ trận: chưa thấy trạng thái trận của game (3047 chỗ có mã cầu thủ, 3 cặp, 2 đối tượng, nhóm [1]; 6s); game đang tải trận, dò lại ngay.
03:50:11 Bản đồ trận: chưa thấy trạng thái trận của game (3047 chỗ có mã cầu thủ, 3 cặp, 2 đối tượng, nhóm [1]; 6s); game đang tải trận, dò lại ngay.
03:50:19 Bản đồ trận: chưa thấy trạng thái trận của game (3047 chỗ có mã cầu thủ, 3 cặp, 2 đối tượng, nhóm [1]; 6s); game đang tải trận, dò lại ngay.
03:50:26 Bản đồ trận: chưa thấy trạng thái trận của game (3047 chỗ có mã cầu thủ, 3 cặp, 2 đối tượng, nhóm [1]; 6s); game đang tải trận, dò lại ngay.
03:50:32 Bản đồ trận: chưa thấy trạng thái trận của game (3047 chỗ có mã cầu thủ, 3 cặp, 2 đối tượng, nhóm [1]; 5s); game đang tải trận, dò lại ngay.
03:50:40 Bản đồ trận: chưa thấy trạng thái trận của game (3047 chỗ có mã cầu thủ, 3 cặp, 2 đối tượng, nhóm [1]; 6s); game đang tải trận, dò lại ngay.
03:50:48 Bản đồ trận: chưa thấy trạng thái trận của game (3047 chỗ có mã cầu thủ, 3 cặp, 2 đối tượng, nhóm [1]; 6s); game đang tải trận, dò lại ngay.
03:50:54 Bản đồ trận: chưa thấy trạng thái trận của game (3047 chỗ có mã cầu thủ, 3 cặp, 2 đối tượng, nhóm [1]; 5s); game đang tải trận, dò lại ngay.
03:51:01 Bản đồ trận: chưa thấy trạng thái trận của game (3047 chỗ có mã cầu thủ, 3 cặp, 2 đối tượng, nhóm [1]; 6s); game đang tải trận, dò lại ngay.
03:51:08 Bản đồ trận: chưa thấy trạng thái trận của game (3019 chỗ có mã cầu thủ, 2 cặp, 2 đối tượng, nhóm [1]; 5s); game đang tải trận, dò lại ngay.
03:51:15 Bản đồ trận: chưa thấy trạng thái trận của game (3020 chỗ có mã cầu thủ, 2 cặp, 2 đối tượng, nhóm [1]; 5s); game đang tải trận, dò lại ngay.
03:51:21 Bản đồ trận: chưa thấy trạng thái trận của game (3020 chỗ có mã cầu thủ, 2 cặp, 2 đối tượng, nhóm [1]; 6s); game đang tải trận, dò lại ngay.
03:51:28 Bản đồ trận: chưa thấy trạng thái trận của game (3020 chỗ có mã cầu thủ, 2 cặp, 2 đối tượng, nhóm [1]; 5s); game đang tải trận, dò lại ngay.
03:51:35 Bản đồ trận: chưa thấy trạng thái trận của game (3020 chỗ có mã cầu thủ, 2 cặp, 2 đối tượng, nhóm [1]; 6s); game đang tải trận, dò lại ngay.
03:51:42 Bản đồ trận: chưa thấy trạng thái trận của game (3020 chỗ có mã cầu thủ, 2 cặp, 2 đối tượng, nhóm [1]; 6s); game đang tải trận, dò lại ngay.
03:51:48 Bản đồ trận: chưa thấy trạng thái trận của game (3020 chỗ có mã cầu thủ, 2 cặp, 2 đối tượng, nhóm [1]; 5s); game đang tải trận, dò lại ngay.
03:51:55 Bản đồ trận: chưa thấy trạng thái trận của game (3020 chỗ có mã cầu thủ, 2 cặp, 2 đối tượng, nhóm [1]; 6s); game đang tải trận, dò lại ngay.
03:52:02 Bản đồ trận: chưa thấy trạng thái trận của game (3020 chỗ có mã cầu thủ, 2 cặp, 2 đối tượng, nhóm [1]; 6s); game đang tải trận, dò lại ngay.
03:52:08 Bản đồ trận: chưa thấy trạng thái trận của game (3020 chỗ có mã cầu thủ, 2 cặp, 2 đối tượng, nhóm [1]; 5s); game đang tải trận, dò lại ngay.
03:52:16 Bản đồ trận: chưa thấy trạng thái trận của game (3020 chỗ có mã cầu thủ, 2 cặp, 2 đối tượng, nhóm [1]; 6s); game đang tải trận, dò lại ngay.
03:52:22 Bản đồ trận: chưa thấy trạng thái trận của game (3020 chỗ có mã cầu thủ, 2 cặp, 2 đối tượng, nhóm [1]; 5s); game đang tải trận, dò lại ngay.
03:52:29 Bản đồ trận: chưa thấy trạng thái trận của game (3020 chỗ có mã cầu thủ, 2 cặp, 2 đối tượng, nhóm [1]; 5s); game đang tải trận, dò lại ngay.
03:52:35 Bản đồ trận: chưa thấy trạng thái trận của game (3020 chỗ có mã cầu thủ, 2 cặp, 2 đối tượng, nhóm [1]; 5s); game đang tải trận, dò lại ngay.
03:52:42 Bản đồ trận: chưa thấy trạng thái trận của game (3020 chỗ có mã cầu thủ, 2 cặp, 2 đối tượng, nhóm [1]; 6s); game đang tải trận, dò lại ngay.
03:52:49 Bản đồ trận: chưa thấy trạng thái trận của game (3020 chỗ có mã cầu thủ, 2 cặp, 2 đối tượng, nhóm [1]; 6s); game đang tải trận, dò lại ngay.
03:52:56 Bản đồ trận: chưa thấy trạng thái trận của game (3020 chỗ có mã cầu thủ, 2 cặp, 2 đối tượng, nhóm [1]; 6s); game đang tải trận, dò lại ngay.
03:53:04 Bản đồ trận: chưa thấy trạng thái trận của game (3020 chỗ có mã cầu thủ, 2 cặp, 2 đối tượng, nhóm [1]; 6s); game đang tải trận, dò lại ngay.
03:53:12 Bản đồ trận: chưa thấy trạng thái trận của game (3020 chỗ có mã cầu thủ, 2 cặp, 2 đối tượng, nhóm [1]; 6s); game đang tải trận, dò lại ngay.
03:53:18 Bản đồ trận: chưa thấy trạng thái trận của game (3020 chỗ có mã cầu thủ, 2 cặp, 2 đối tượng, nhóm [1]; 6s); game đang tải trận, dò lại ngay.
03:53:25 Bản đồ trận: chưa thấy trạng thái trận của game (3020 chỗ có mã cầu thủ, 2 cặp, 2 đối tượng, nhóm [1]; 5s); game đang tải trận, dò lại ngay.
03:53:32 Bản đồ trận: chưa thấy trạng thái trận của game (3020 chỗ có mã cầu thủ, 2 cặp, 2 đối tượng, nhóm [1]; 6s); game đang tải trận, dò lại ngay.
03:53:38 Bản đồ trận: chưa thấy trạng thái trận của game (3020 chỗ có mã cầu thủ, 2 cặp, 2 đối tượng, nhóm [1]; 5s); game đang tải trận, dò lại ngay.
03:53:44 Bản đồ trận: chưa thấy trạng thái trận của game (3020 chỗ có mã cầu thủ, 2 cặp, 2 đối tượng, nhóm [1]; 5s); game đang tải trận, dò lại ngay.
03:53:51 Bản đồ trận: chưa thấy trạng thái trận của game (3020 chỗ có mã cầu thủ, 2 cặp, 2 đối tượng, nhóm [1]; 5s); game đang tải trận, dò lại ngay.
03:53:57 Bản đồ trận: chưa thấy trạng thái trận của game (3020 chỗ có mã cầu thủ, 2 cặp, 2 đối tượng, nhóm [1]; 5s); game đang tải trận, dò lại ngay.
03:54:04 Bản đồ trận: chưa thấy trạng thái trận của game (3020 chỗ có mã cầu thủ, 2 cặp, 2 đối tượng, nhóm [1]; 6s); game đang tải trận, dò lại ngay.
03:54:10 Bản đồ trận: chưa thấy trạng thái trận của game (3020 chỗ có mã cầu thủ, 2 cặp, 2 đối tượng, nhóm [1]; 5s); game đang tải trận, dò lại ngay.
03:54:17 Bản đồ trận: chưa thấy trạng thái trận của game (3020 chỗ có mã cầu thủ, 2 cặp, 2 đối tượng, nhóm [1]; 6s); game đang tải trận, dò lại ngay.
03:54:23 Bản đồ trận: chưa thấy trạng thái trận của game (3020 chỗ có mã cầu thủ, 2 cặp, 2 đối tượng, nhóm [1]; 5s); game đang tải trận, dò lại ngay.
03:54:30 Bản đồ trận: chưa thấy trạng thái trận của game (3020 chỗ có mã cầu thủ, 2 cặp, 2 đối tượng, nhóm [1]; 6s); game đang tải trận, dò lại ngay.
03:54:36 Bản đồ trận: chưa thấy trạng thái trận của game (3020 chỗ có mã cầu thủ, 2 cặp, 2 đối tượng, nhóm [1]; 5s); game đang tải trận, dò lại ngay.
03:54:42 Bản đồ trận: chưa thấy trạng thái trận của game (3020 chỗ có mã cầu thủ, 2 cặp, 2 đối tượng, nhóm [1]; 5s); game đang tải trận, dò lại ngay.
03:54:49 Bản đồ trận: chưa thấy trạng thái trận của game (3020 chỗ có mã cầu thủ, 2 cặp, 2 đối tượng, nhóm [1]; 6s); game đang tải trận, dò lại ngay.
03:54:55 Bản đồ trận: chưa thấy trạng thái trận của game (3020 chỗ có mã cầu thủ, 2 cặp, 2 đối tượng, nhóm [1]; 5s); game đang tải trận, dò lại ngay.
03:55:02 Bản đồ trận: chưa thấy trạng thái trận của game (3020 chỗ có mã cầu thủ, 2 cặp, 2 đối tượng, nhóm [1]; 6s); game đang tải trận, dò lại ngay.
03:55:09 Bản đồ trận: chưa thấy trạng thái trận của game (3020 chỗ có mã cầu thủ, 2 cặp, 2 đối tượng, nhóm [1]; 5s); game đang tải trận, dò lại ngay.
03:55:15 Bản đồ trận: chưa thấy trạng thái trận của game (3020 chỗ có mã cầu thủ, 2 cặp, 2 đối tượng, nhóm [1]; 5s); game đang tải trận, dò lại ngay.
03:55:22 Bản đồ trận: chưa thấy trạng thái trận của game (3020 chỗ có mã cầu thủ, 2 cặp, 2 đối tượng, nhóm [1]; 6s); game đang tải trận, dò lại ngay.
03:55:28 Bản đồ trận: chưa thấy trạng thái trận của game (3020 chỗ có mã cầu thủ, 2 cặp, 2 đối tượng, nhóm [1]; 5s); game đang tải trận, dò lại ngay.
03:55:35 Bản đồ trận: chưa thấy trạng thái trận của game (3020 chỗ có mã cầu thủ, 2 cặp, 2 đối tượng, nhóm [1]; 6s); game đang tải trận, dò lại ngay.
03:55:42 Bản đồ trận: chưa thấy trạng thái trận của game (3020 chỗ có mã cầu thủ, 2 cặp, 2 đối tượng, nhóm [1]; 5s); game đang tải trận, dò lại ngay.
03:55:48 Bản đồ trận: chưa thấy trạng thái trận của game (3020 chỗ có mã cầu thủ, 2 cặp, 2 đối tượng, nhóm [1]; 5s); game đang tải trận, dò lại ngay.
03:55:55 Bản đồ trận: chưa thấy trạng thái trận của game (3020 chỗ có mã cầu thủ, 2 cặp, 2 đối tượng, nhóm [1]; 5s); game đang tải trận, dò lại ngay.
03:56:01 Bản đồ trận: chưa thấy trạng thái trận của game (3020 chỗ có mã cầu thủ, 2 cặp, 2 đối tượng, nhóm [1]; 5s); game đang tải trận, dò lại ngay.
03:56:08 Bản đồ trận: chưa thấy trạng thái trận của game (3020 chỗ có mã cầu thủ, 2 cặp, 2 đối tượng, nhóm [1]; 6s); game đang tải trận, dò lại ngay.
03:56:15 Bản đồ trận: chưa thấy trạng thái trận của game (3020 chỗ có mã cầu thủ, 2 cặp, 2 đối tượng, nhóm [1]; 5s); game đang tải trận, dò lại ngay.
03:56:21 Bản đồ trận: chưa thấy trạng thái trận của game (3020 chỗ có mã cầu thủ, 2 cặp, 2 đối tượng, nhóm [1]; 5s); game đang tải trận, dò lại ngay.
03:56:28 Bản đồ trận: chưa thấy trạng thái trận của game (3020 chỗ có mã cầu thủ, 2 cặp, 2 đối tượng, nhóm [1]; 6s); game đang tải trận, dò lại ngay.
03:56:34 Bản đồ trận: chưa thấy trạng thái trận của game (3020 chỗ có mã cầu thủ, 2 cặp, 2 đối tượng, nhóm [1]; 5s); game đang tải trận, dò lại ngay.
03:56:41 Bản đồ trận: chưa thấy trạng thái trận của game (3020 chỗ có mã cầu thủ, 2 cặp, 2 đối tượng, nhóm [1]; 5s); game đang tải trận, dò lại ngay.
03:56:47 Bản đồ trận: chưa thấy trạng thái trận của game (3020 chỗ có mã cầu thủ, 2 cặp, 2 đối tượng, nhóm [1]; 5s); game đang tải trận, dò lại ngay.
03:56:53 Bản đồ trận: chưa thấy trạng thái trận của game (3020 chỗ có mã cầu thủ, 2 cặp, 2 đối tượng, nhóm [1]; 5s); game đang tải trận, dò lại ngay.
03:57:00 Bản đồ trận: chưa thấy trạng thái trận của game (3020 chỗ có mã cầu thủ, 2 cặp, 2 đối tượng, nhóm [1]; 5s); game đang tải trận, dò lại ngay.
03:57:06 Bản đồ trận: chưa thấy trạng thái trận của game (3020 chỗ có mã cầu thủ, 2 cặp, 2 đối tượng, nhóm [1]; 5s); game đang tải trận, dò lại ngay.
03:57:13 Bản đồ trận: chưa thấy trạng thái trận của game (3020 chỗ có mã cầu thủ, 2 cặp, 2 đối tượng, nhóm [1]; 6s); game đang tải trận, dò lại ngay.
FL26 Dugout đang chạy tại http://127.0.0.1:8770/
03:57:30 Kết nối điện thoại qua Internet: https://trans-flour-webshots-cooling.trycloudflare.com
03:57:42 Đồng bộ xong: Arsenal FC, ngày 26/9/2026 (13.2s).
03:57:47 Bản đồ trận: chưa thấy trạng thái trận của game (3020 chỗ có mã cầu thủ, 2 cặp, 2 đối tượng, nhóm [1]; 7s); game đang tải trận, dò lại ngay.
03:57:53 Bản đồ trận: chưa thấy trạng thái trận của game (3020 chỗ có mã cầu thủ, 2 cặp, 2 đối tượng, nhóm [1]; 5s); game đang tải trận, dò lại ngay.
03:58:00 Bản đồ trận: chưa thấy trạng thái trận của game (3020 chỗ có mã cầu thủ, 2 cặp, 2 đối tượng, nhóm [1]; 6s); game đang tải trận, dò lại ngay.
03:58:06 Bản đồ trận: chưa thấy trạng thái trận của game (3020 chỗ có mã cầu thủ, 2 cặp, 2 đối tượng, nhóm [1]; 5s); game đang tải trận, dò lại ngay.
03:58:12 Bản đồ trận: chưa thấy trạng thái trận của game (3020 chỗ có mã cầu thủ, 2 cặp, 2 đối tượng, nhóm [1]; 5s); game đang tải trận, dò lại ngay.
03:58:19 Bản đồ trận: chưa thấy trạng thái trận của game (3020 chỗ có mã cầu thủ, 2 cặp, 2 đối tượng, nhóm [1]; 5s); game đang tải trận, dò lại ngay.
03:58:25 Bản đồ trận: chưa thấy trạng thái trận của game (3020 chỗ có mã cầu thủ, 2 cặp, 2 đối tượng, nhóm [1]; 5s); game đang tải trận, dò lại ngay.
03:58:32 Bản đồ trận: chưa thấy trạng thái trận của game (3020 chỗ có mã cầu thủ, 2 cặp, 2 đối tượng, nhóm [1]; 6s); game đang tải trận, dò lại ngay.
03:58:38 Bản đồ trận: chưa thấy trạng thái trận của game (3020 chỗ có mã cầu thủ, 2 cặp, 2 đối tượng, nhóm [1]; 5s); game đang tải trận, dò lại ngay.
03:58:44 Bản đồ trận: chưa thấy trạng thái trận của game (3020 chỗ có mã cầu thủ, 2 cặp, 2 đối tượng, nhóm [1]; 5s); game đang tải trận, dò lại ngay.
03:58:51 Bản đồ trận: chưa thấy trạng thái trận của game (3020 chỗ có mã cầu thủ, 2 cặp, 2 đối tượng, nhóm [1]; 5s); game đang tải trận, dò lại ngay.
FL26 Dugout đang chạy tại http://127.0.0.1:8770/
03:59:11 Kết nối điện thoại qua Internet: https://springs-fort-waves-cameras.trycloudflare.com
03:59:20 Đồng bộ xong: Arsenal FC, ngày 26/9/2026 (13.5s).
03:59:24 Bản đồ trận: chưa thấy trạng thái trận của game (3021 chỗ có mã cầu thủ, 2 cặp, 2 đối tượng, nhóm [1]; 6s); game đang tải trận, dò lại ngay.
03:59:31 Bản đồ trận: chưa thấy trạng thái trận của game (3021 chỗ có mã cầu thủ, 2 cặp, 2 đối tượng, nhóm [1]; 6s); game đang tải trận, dò lại ngay.
03:59:37 Bản đồ trận: chưa thấy trạng thái trận của game (3021 chỗ có mã cầu thủ, 2 cặp, 2 đối tượng, nhóm [1]; 5s); game đang tải trận, dò lại ngay.
03:59:44 Bản đồ trận: chưa thấy trạng thái trận của game (3021 chỗ có mã cầu thủ, 2 cặp, 2 đối tượng, nhóm [1]; 5s); game đang tải trận, dò lại ngay.
03:59:50 Bản đồ trận: chưa thấy trạng thái trận của game (3021 chỗ có mã cầu thủ, 2 cặp, 2 đối tượng, nhóm [1]; 5s); game đang tải trận, dò lại ngay.
03:59:56 Bản đồ trận: chưa thấy trạng thái trận của game (3021 chỗ có mã cầu thủ, 2 cặp, 2 đối tượng, nhóm [1]; 5s); game đang tải trận, dò lại ngay.
04:00:03 Bản đồ trận: chưa thấy trạng thái trận của game (3021 chỗ có mã cầu thủ, 2 cặp, 2 đối tượng, nhóm [1]; 6s); game đang tải trận, dò lại ngay.
04:00:09 Bản đồ trận: chưa thấy trạng thái trận của game (3021 chỗ có mã cầu thủ, 2 cặp, 2 đối tượng, nhóm [1]; 5s); game đang tải trận, dò lại ngay.
04:00:15 Bản đồ trận: chưa thấy trạng thái trận của game (3021 chỗ có mã cầu thủ, 2 cặp, 2 đối tượng, nhóm [1]; 5s); game đang tải trận, dò lại ngay.
04:00:22 Bản đồ trận: chưa thấy trạng thái trận của game (3021 chỗ có mã cầu thủ, 2 cặp, 2 đối tượng, nhóm [1]; 5s); game đang tải trận, dò lại ngay.
04:00:28 Bản đồ trận: chưa thấy trạng thái trận của game (3021 chỗ có mã cầu thủ, 2 cặp, 2 đối tượng, nhóm [1]; 5s); game đang tải trận, dò lại ngay.
04:00:35 Bản đồ trận: chưa thấy trạng thái trận của game (3021 chỗ có mã cầu thủ, 2 cặp, 2 đối tượng, nhóm [1]; 6s); game đang tải trận, dò lại ngay.
04:00:42 Bản đồ trận: chưa thấy trạng thái trận của game (3021 chỗ có mã cầu thủ, 2 cặp, 2 đối tượng, nhóm [1]; 5s); game đang tải trận, dò lại ngay.
04:00:48 Bản đồ trận: chưa thấy trạng thái trận của game (3021 chỗ có mã cầu thủ, 2 cặp, 2 đối tượng, nhóm [1]; 5s); game đang tải trận, dò lại ngay.
04:00:55 Bản đồ trận: chưa thấy trạng thái trận của game (3020 chỗ có mã cầu thủ, 2 cặp, 2 đối tượng, nhóm [1]; 5s); game đang tải trận, dò lại ngay.
04:01:01 Bản đồ trận: chưa thấy trạng thái trận của game (3020 chỗ có mã cầu thủ, 2 cặp, 2 đối tượng, nhóm [1]; 5s); game đang tải trận, dò lại ngay.
04:01:08 Bản đồ trận: chưa thấy trạng thái trận của game (3020 chỗ có mã cầu thủ, 2 cặp, 2 đối tượng, nhóm [1]; 6s); game đang tải trận, dò lại ngay.
04:01:14 Bản đồ trận: chưa thấy trạng thái trận của game (3020 chỗ có mã cầu thủ, 2 cặp, 2 đối tượng, nhóm [1]; 5s); game đang tải trận, dò lại ngay.
04:01:21 Bản đồ trận: chưa thấy trạng thái trận của game (3020 chỗ có mã cầu thủ, 2 cặp, 2 đối tượng, nhóm [1]; 5s); game đang tải trận, dò lại ngay.
04:01:27 Bản đồ trận: chưa thấy trạng thái trận của game (3020 chỗ có mã cầu thủ, 2 cặp, 2 đối tượng, nhóm [1]; 5s); game đang tải trận, dò lại ngay.
04:01:33 Bản đồ trận: chưa thấy trạng thái trận của game (3020 chỗ có mã cầu thủ, 2 cặp, 2 đối tượng, nhóm [1]; 5s); game đang tải trận, dò lại ngay.
04:01:40 Bản đồ trận: chưa thấy trạng thái trận của game (3020 chỗ có mã cầu thủ, 2 cặp, 2 đối tượng, nhóm [1]; 6s); game đang tải trận, dò lại ngay.
04:01:46 Bản đồ trận: chưa thấy trạng thái trận của game (3020 chỗ có mã cầu thủ, 2 cặp, 2 đối tượng, nhóm [1]; 4s); game đang tải trận, dò lại ngay.
04:01:54 Bản đồ trận: chưa thấy trạng thái trận của game (3020 chỗ có mã cầu thủ, 2 cặp, 2 đối tượng, nhóm [1]; 7s); game đang tải trận, dò lại ngay.
04:02:02 Bản đồ trận: chưa thấy trạng thái trận của game (3020 chỗ có mã cầu thủ, 2 cặp, 2 đối tượng, nhóm [1]; 6s); game đang tải trận, dò lại ngay.
04:02:12 Bản đồ trận: chưa thấy trạng thái trận của game (3020 chỗ có mã cầu thủ, 2 cặp, 2 đối tượng, nhóm [1]; 9s); game đang tải trận, dò lại ngay.
04:02:18 Bản đồ trận: chưa thấy trạng thái trận của game (3020 chỗ có mã cầu thủ, 2 cặp, 2 đối tượng, nhóm [1]; 5s); game đang tải trận, dò lại ngay.
04:02:25 Bản đồ trận: chưa thấy trạng thái trận của game (3020 chỗ có mã cầu thủ, 2 cặp, 2 đối tượng, nhóm [1]; 6s); game đang tải trận, dò lại ngay.
04:02:32 Bản đồ trận: chưa thấy trạng thái trận của game (3020 chỗ có mã cầu thủ, 2 cặp, 2 đối tượng, nhóm [1]; 5s); game đang tải trận, dò lại ngay.
04:02:36 Bản đồ trận: chưa thấy trạng thái trận của game (1005 chỗ có mã cầu thủ, 1 cặp, 0 đối tượng, nhóm []; 3s); game đang tải trận, dò lại ngay.
FL26 Dugout đang chạy tại http://127.0.0.1:8770/
04:31:55 Kết nối điện thoại qua Internet: https://transparency-smithsonian-played-serving.trycloudflare.com
04:32:02 Đồng bộ xong: Arsenal FC, ngày 26/9/2026 (9.1s).
04:38:53 Dò bộ nhớ game: 46 vùng, 1 bảng cầu thủ (7.4s).
04:39:11 Tìm thấy bảng giá trị cầu thủ trong bộ nhớ game (819 dòng, 17.7s).
04:39:12 Bản đồ trận: chưa thấy trạng thái trận của game (2587 chỗ có mã cầu thủ, 0 cặp, 0 đối tượng, nhóm []; 17s); game đang tải trận, dò lại ngay.
04:39:19 Bản đồ trận: chưa thấy trạng thái trận của game (3643 chỗ có mã cầu thủ, 0 cặp, 0 đối tượng, nhóm []; 5s); game đang tải trận, dò lại ngay.
04:39:26 Bản đồ trận: chưa thấy trạng thái trận của game (3821 chỗ có mã cầu thủ, 0 cặp, 0 đối tượng, nhóm []; 6s); game đang tải trận, dò lại ngay.
04:39:27 Bản đồ trận: thấy trạng thái trận của game ngay từ danh sách của game: 22/22 cầu thủ (0.0s, lúc game đang tải trận).
04:39:27 Bản đồ trận: đọc trực tiếp trạng thái trận của game: số áo, vị trí từng cầu thủ, thay người nhận ngay (từ cảnh ra sân).
04:39:27 Bản đồ trận: ghi dữ liệu trận vào 20261002-043927_2026-09-26_17_101_106.
04:39:38 Bản đồ trận: tìm bóng trong đối tượng cầu thủ: 1474 chỗ thử (0 chung, 1474 qua con trỏ), chưa thấy.
04:39:53 Bản đồ trận: đã thấy quả bóng (15.0s).
04:40:24 Bản đồ trận: ghi nhớ danh sách cầu thủ của game (185 con trỏ, 17 danh sách, 1 chỗ cố định; 6s): trận sau đọc ngay lúc giao bóng.
04:40:25 Bản đồ trận: ghi nhớ 19 chỗ game trỏ tới quả bóng (0 cố định; 1s): bóng mới sau bàn thắng được đọc ngay.
04:40:26 Bản đồ trận: thấy trạng thái trận của game ngay từ danh sách của game: 22/22 cầu thủ (0.0s).
04:40:26 Bản đồ trận: tìm thấy 34 vị trí cầu thủ (0 biết tên), chưa thấy bóng (0s).
04:40:26 Bản đồ trận: ghi dữ liệu trận vào 20261002-043927_2026-09-26_17_101_106 (tiếp tục bản ghi cũ).
04:40:26 Bản đồ trận: tìm thấy 34 vị trí cầu thủ (0 biết tên), chưa thấy bóng (0s).
04:40:26 Bản đồ trận: ghi dữ liệu trận vào 20261002-043927_2026-09-26_17_101_106 (tiếp tục bản ghi cũ).
04:40:26 Bản đồ trận: tìm thấy 34 vị trí cầu thủ (0 biết tên), chưa thấy bóng (0s).
04:40:26 Bản đồ trận: ghi dữ liệu trận vào 20261002-043927_2026-09-26_17_101_106 (tiếp tục bản ghi cũ).
04:40:26 Bản đồ trận: tìm thấy 34 vị trí cầu thủ (0 biết tên), chưa thấy bóng (0s).
04:40:26 Bản đồ trận: ghi dữ liệu trận vào 20261002-043927_2026-09-26_17_101_106 (tiếp tục bản ghi cũ).
04:40:26 Bản đồ trận: tìm thấy 34 vị trí cầu thủ (0 biết tên), chưa thấy bóng (0s).
04:40:26 Bản đồ trận: ghi dữ liệu trận vào 20261002-043927_2026-09-26_17_101_106 (tiếp tục bản ghi cũ).
04:40:26 Bản đồ trận: tìm thấy 34 vị trí cầu thủ (0 biết tên), chưa thấy bóng (0s).
04:40:26 Bản đồ trận: ghi dữ liệu trận vào 20261002-043927_2026-09-26_17_101_106 (tiếp tục bản ghi cũ).
04:40:26 Bản đồ trận: tìm thấy 34 vị trí cầu thủ (0 biết tên), chưa thấy bóng (0s).
04:40:26 Bản đồ trận: ghi dữ liệu trận vào 20261002-043927_2026-09-26_17_101_106 (tiếp tục bản ghi cũ).
04:40:26 Bản đồ trận: tìm thấy 34 vị trí cầu thủ (0 biết tên), chưa thấy bóng (0s).
04:40:26 Bản đồ trận: ghi dữ liệu trận vào 20261002-043927_2026-09-26_17_101_106 (tiếp tục bản ghi cũ).
04:40:27 Bản đồ trận: tìm thấy 34 vị trí cầu thủ (0 biết tên), chưa thấy bóng (0s).
04:40:27 Bản đồ trận: ghi dữ liệu trận vào 20261002-043927_2026-09-26_17_101_106 (tiếp tục bản ghi cũ).
04:40:27 Bản đồ trận: chưa thấy trạng thái trận của game (576 chỗ có mã cầu thủ, 0 cặp, 0 đối tượng, nhóm []; 1s).
04:40:27 Bản đồ trận: đã lưu diễn biến trận Arsenal FC – Newcastle United FC.
04:41:33 Bản đồ trận: chưa thấy trạng thái trận của game (2273 chỗ có mã cầu thủ, 0 cặp, 0 đối tượng, nhóm []; 4s); game đang tải trận, dò lại ngay.
04:41:38 Bản đồ trận: chưa thấy trạng thái trận của game (3322 chỗ có mã cầu thủ, 0 cặp, 0 đối tượng, nhóm []; 4s); game đang tải trận, dò lại ngay.
04:41:42 Bản đồ trận: chưa thấy trạng thái trận của game (3371 chỗ có mã cầu thủ, 0 cặp, 0 đối tượng, nhóm []; 3s); game đang tải trận, dò lại ngay.
04:41:48 Bản đồ trận: chưa thấy trạng thái trận của game (3380 chỗ có mã cầu thủ, 0 cặp, 0 đối tượng, nhóm []; 4s); game đang tải trận, dò lại ngay.
04:41:55 Bản đồ trận: chưa thấy trạng thái trận của game (3634 chỗ có mã cầu thủ, 0 cặp, 0 đối tượng, nhóm []; 5s); game đang tải trận, dò lại ngay.
04:42:01 Bản đồ trận: chưa thấy trạng thái trận của game (3733 chỗ có mã cầu thủ, 0 cặp, 0 đối tượng, nhóm []; 5s); game đang tải trận, dò lại ngay.
04:42:07 Bản đồ trận: tìm thấy 34 vị trí cầu thủ (0 biết tên), chưa thấy bóng (0s).
04:42:07 Bản đồ trận: ghi dữ liệu trận vào 20261002-044207_2026-09-26_17_101_106.
04:42:10 Bản đồ trận: thấy trạng thái trận của game: 22/22 cầu thủ (mã, số áo, vị trí; 8s, lúc game đang tải trận).
04:42:11 Bản đồ trận: đọc trực tiếp trạng thái trận của game: số áo, vị trí từng cầu thủ, thay người nhận ngay.
04:42:20 Bản đồ trận: tìm bóng trong đối tượng cầu thủ: 1672 chỗ thử (0 chung, 1672 qua con trỏ), thấy bóng (5.6s).
04:42:20 Bản đồ trận: đã thấy quả bóng (5.6s).
04:42:21 Bản đồ trận: thấy 2 bản đội hình của trận (10.8s): thay người được nhận ngay, cả thay nhanh lúc bóng chết.
04:42:29 Bản đồ trận: quả bóng đang đọc nhảy vị trí hoặc dính một cầu thủ: không phải quả bóng thật, dò lại.
04:42:38 Bản đồ trận: tìm bóng trong đối tượng cầu thủ: 2 chỗ thử (0 chung, 2 qua con trỏ), chưa thấy.
D:\FL26\SiderAddons\Dugout\dugout\matchlive.py:1292: RuntimeWarning: All-NaN slice encountered
  good = ok & (ground >= 0.3) & (path >= 2.0) & (np.nanmax(speed, 0) <= 45)
04:43:23 Bản đồ trận: tìm bóng trong đối tượng cầu thủ: 1334 chỗ thử (0 chung, 1335 qua con trỏ), chưa thấy.
04:43:33 Bản đồ trận: ghi nhớ danh sách cầu thủ của game (231 con trỏ, 8 danh sách, 1 chỗ cố định; 44s): trận sau đọc ngay lúc giao bóng.
04:43:48 Bản đồ trận: tìm bóng trong đối tượng cầu thủ: 1396 chỗ thử (0 chung, 1397 qua con trỏ), thấy bóng (5.6s).
04:43:48 Bản đồ trận: đã thấy quả bóng (5.6s).
04:44:14 Bản đồ trận: ghi nhớ 0 chỗ game trỏ tới quả bóng (0 cố định; 2s): bóng mới sau bàn thắng được đọc ngay.
04:45:13 Bản đồ trận: đã lưu diễn biến trận Arsenal FC – Newcastle United FC.
04:45:26 Dò bộ nhớ game: 47 vùng, 1 bảng cầu thủ (8.0s).
04:45:30 Bản đồ trận: chưa thấy trạng thái trận của game (3009 chỗ có mã cầu thủ, 0 cặp, 0 đối tượng, nhóm []; 5s); game đang tải trận, dò lại ngay.
04:45:37 Bản đồ trận: chưa thấy trạng thái trận của game (3002 chỗ có mã cầu thủ, 0 cặp, 0 đối tượng, nhóm []; 6s); game đang tải trận, dò lại ngay.
04:45:43 Bản đồ trận: chưa thấy trạng thái trận của game (3021 chỗ có mã cầu thủ, 0 cặp, 0 đối tượng, nhóm []; 5s); game đang tải trận, dò lại ngay.
04:45:49 Bản đồ trận: chưa thấy trạng thái trận của game (3084 chỗ có mã cầu thủ, 0 cặp, 0 đối tượng, nhóm []; 5s); game đang tải trận, dò lại ngay.
04:45:56 Bản đồ trận: chưa thấy trạng thái trận của game (3024 chỗ có mã cầu thủ, 0 cặp, 0 đối tượng, nhóm []; 5s); game đang tải trận, dò lại ngay.
04:46:01 Bản đồ trận: chưa thấy trạng thái trận của game (3020 chỗ có mã cầu thủ, 0 cặp, 0 đối tượng, nhóm []; 5s); game đang tải trận, dò lại ngay.
04:46:08 Bản đồ trận: chưa thấy trạng thái trận của game (3023 chỗ có mã cầu thủ, 0 cặp, 0 đối tượng, nhóm []; 5s); game đang tải trận, dò lại ngay.
04:46:14 Bản đồ trận: chưa thấy trạng thái trận của game (2990 chỗ có mã cầu thủ, 0 cặp, 0 đối tượng, nhóm []; 6s); game đang tải trận, dò lại ngay.
04:46:20 Bản đồ trận: chưa thấy trạng thái trận của game (2924 chỗ có mã cầu thủ, 0 cặp, 0 đối tượng, nhóm []; 5s); game đang tải trận, dò lại ngay.
04:46:26 Bản đồ trận: chưa thấy trạng thái trận của game (3578 chỗ có mã cầu thủ, 0 cặp, 0 đối tượng, nhóm []; 5s); game đang tải trận, dò lại ngay.
04:46:32 Bản đồ trận: chưa thấy trạng thái trận của game (3577 chỗ có mã cầu thủ, 0 cặp, 0 đối tượng, nhóm []; 5s); game đang tải trận, dò lại ngay.
04:46:40 Bản đồ trận: chưa thấy trạng thái trận của game (3813 chỗ có mã cầu thủ, 0 cặp, 0 đối tượng, nhóm []; 7s); game đang tải trận, dò lại ngay.
04:46:47 Bản đồ trận: chưa thấy trạng thái trận của game (3893 chỗ có mã cầu thủ, 0 cặp, 0 đối tượng, nhóm []; 5s); game đang tải trận, dò lại ngay.
04:46:48 Bản đồ trận: thấy trạng thái trận của game ngay từ danh sách của game: 22/22 cầu thủ (0.0s, lúc game đang tải trận).
04:46:48 Bản đồ trận: đọc trực tiếp trạng thái trận của game: số áo, vị trí từng cầu thủ, thay người nhận ngay (từ cảnh ra sân).
04:46:48 Bản đồ trận: ghi dữ liệu trận vào 20261002-044207_2026-09-26_17_101_106 (tiếp tục bản ghi cũ).
04:47:01 Bản đồ trận: tìm bóng trong đối tượng cầu thủ: 1265 chỗ thử (0 chung, 1265 qua con trỏ), thấy bóng (5.6s).
04:47:01 Bản đồ trận: đã thấy quả bóng (5.6s).
04:47:09 Bản đồ trận: quả bóng đang đọc nhảy vị trí hoặc dính một cầu thủ: không phải quả bóng thật, dò lại.
04:47:14 Bản đồ trận: tìm bóng trong đối tượng cầu thủ: 0 chỗ thử (0 chung, 0 qua con trỏ), chưa thấy.
04:47:26 Bản đồ trận: ghi nhớ danh sách cầu thủ của game (235 con trỏ, 14 danh sách, 2 chỗ cố định; 13s): trận sau đọc ngay lúc giao bóng.
D:\FL26\SiderAddons\Dugout\.venv\Lib\site-packages\numpy\_core\fromnumeric.py:54: RuntimeWarning: overflow encountered in multiply
  return bound(*args, **kwds)
04:47:34 Bản đồ trận: tìm bóng trong đối tượng cầu thủ: 1309 chỗ thử (0 chung, 1309 qua con trỏ), chưa thấy.
04:48:15 Bản đồ trận: đã thấy quả bóng (41.1s).
04:48:38 Bản đồ trận: ghi nhớ 10 chỗ game trỏ tới quả bóng (0 cố định; 4s): bóng mới sau bàn thắng được đọc ngay.
04:49:04 Bản đồ trận: quả bóng đang đọc dính theo một cầu thủ suốt 30 giây: không phải quả bóng thật, dò lại.
04:49:13 Bản đồ trận: tìm bóng trong đối tượng cầu thủ: 952 chỗ thử (0 chung, 953 qua con trỏ), chưa thấy.
04:49:51 Bản đồ trận: đã thấy quả bóng (38.1s).
04:50:21 Bản đồ trận: quả bóng đang đọc đứng yên trong khi bóng đang lăn: không phải quả bóng thật, dò lại.
04:50:31 Bản đồ trận: tìm bóng trong đối tượng cầu thủ: 500 chỗ thử (0 chung, 500 qua con trỏ), chưa thấy.
04:51:07 Bản đồ trận: đã thấy quả bóng (36.6s).
04:51:13 Bản đồ trận: quả bóng đang đọc nhảy vị trí hoặc dính một cầu thủ: không phải quả bóng thật, dò lại.
04:51:22 Bản đồ trận: tìm bóng trong đối tượng cầu thủ: 1042 chỗ thử (0 chung, 1044 qua con trỏ), thấy bóng (5.6s).
04:51:22 Bản đồ trận: đã thấy quả bóng (5.6s).
FL26 Dugout đang chạy tại http://127.0.0.1:8770/
04:51:44 Kết nối điện thoại qua Internet: https://transparency-chef-there-visual.trycloudflare.com
04:51:56 Bản đồ trận: thấy trạng thái trận của game ngay từ danh sách của game: 22/22 cầu thủ (0.0s).
04:51:56 Bản đồ trận: đọc trực tiếp trạng thái trận của game: số áo, vị trí từng cầu thủ, thay người nhận ngay.
04:51:57 Bản đồ trận: ghi dữ liệu trận vào 20261002-044207_2026-09-26_17_101_106 (tiếp tục bản ghi cũ).
04:51:59 Đồng bộ xong: Arsenal FC, ngày 26/9/2026 (15.0s).
D:\FL26\SiderAddons\Dugout\.venv\Lib\site-packages\numpy\_core\fromnumeric.py:54: RuntimeWarning: overflow encountered in multiply
  return bound(*args, **kwds)
04:52:02 Bản đồ trận: đã thấy quả bóng (5.2s, ở chỗ đã biết).
04:52:12 Bản đồ trận: quả bóng đang đọc là quả bóng cũ (game vừa tạo quả bóng mới): không phải quả bóng thật, dò lại.
04:52:21 Bản đồ trận: tìm bóng trong đối tượng cầu thủ: 1379 chỗ thử (0 chung, 1380 qua con trỏ), chưa thấy.
04:52:46 Bản đồ trận: tìm bóng trong đối tượng cầu thủ: 1509 chỗ thử (0 chung, 1510 qua con trỏ), thấy bóng (5.6s).
04:52:46 Bản đồ trận: đã thấy quả bóng (5.6s).
04:53:08 Bản đồ trận: ghi nhớ danh sách cầu thủ của game (226 con trỏ, 8 danh sách, 2 chỗ cố định; 56s): trận sau đọc ngay lúc giao bóng.
04:53:29 Bản đồ trận: tìm bóng trong đối tượng cầu thủ: 349 chỗ thử (0 chung, 349 qua con trỏ), chưa thấy.
04:53:31 Bản đồ trận: ghi nhớ 26 chỗ game trỏ tới quả bóng (0 cố định; 22s): bóng mới sau bàn thắng được đọc ngay.
D:\FL26\SiderAddons\Dugout\dugout\matchlive.py:1292: RuntimeWarning: All-NaN slice encountered
  good = ok & (ground >= 0.3) & (path >= 2.0) & (np.nanmax(speed, 0) <= 45)
04:54:00 Bản đồ trận: đã thấy quả bóng (31.6s).
04:54:45 Bản đồ trận: quả bóng đang đọc cách xa mọi cầu thủ quá lâu: không phải quả bóng thật, dò lại.
04:54:55 Bản đồ trận: tìm bóng trong đối tượng cầu thủ: 730 chỗ thử (0 chung, 731 qua con trỏ), chưa thấy.
04:54:55 Bản đồ trận: Đối thủ thay người 53': Yoane Wissa vào, Nick Woltemade ra.
04:55:33 Bản đồ trận: đã thấy quả bóng (38.7s).
04:56:35 Bản đồ trận: Đối thủ thay người 67': Matt Targett vào, Lewis Hall ra.
04:56:43 Bản đồ trận: tìm bóng trong đối tượng cầu thủ: 1064 chỗ thử (0 chung, 1064 qua con trỏ), chưa thấy.
04:57:18 Bản đồ trận: đã thấy quả bóng (34.9s).
04:57:31 Bản đồ trận: quả bóng đang đọc là quả bóng cũ (game vừa tạo quả bóng mới): không phải quả bóng thật, dò lại.
04:57:41 Bản đồ trận: tìm bóng trong đối tượng cầu thủ: 1324 chỗ thử (0 chung, 1324 qua con trỏ), thấy bóng (5.6s).
04:57:41 Bản đồ trận: đã thấy quả bóng (5.6s).
04:57:45 Bản đồ trận: quả bóng đang đọc đứng yên, không ai ở gần, trong khi bóng đang lăn: không phải quả bóng thật, dò lại.
04:57:54 Bản đồ trận: tìm bóng trong đối tượng cầu thủ: 1512 chỗ thử (0 chung, 1513 qua con trỏ), thấy bóng (5.6s).
04:57:54 Bản đồ trận: đã thấy quả bóng (5.6s).
04:59:44 Bản đồ trận: tìm bóng trong đối tượng cầu thủ: 901 chỗ thử (0 chung, 901 qua con trỏ), chưa thấy.
04:59:56 Bản đồ trận: Đối thủ thay người 89': Malick Thiaw vào, Tino Livramento ra.
04:59:56 Bản đồ trận: Đối thủ thay người 89': Jacob Murphy vào, Anthony Elanga ra.
05:00:10 Bản đồ trận: tìm bóng trong đối tượng cầu thủ: 1001 chỗ thử (0 chung, 1002 qua con trỏ), chưa thấy.
05:00:26 Bản đồ trận: đã thấy quả bóng (15.3s).
05:00:48 Bản đồ trận: ghi nhớ 32 chỗ game trỏ tới quả bóng (6 cố định; 3s): bóng mới sau bàn thắng được đọc ngay.
05:11:27 Bản đồ trận: đã lưu diễn biến trận Arsenal FC – Newcastle United FC.
05:11:42 Dò bộ nhớ game: 44 vùng, 1 bảng cầu thủ (7.8s).
05:11:54 Bản đồ trận: chưa thấy trạng thái trận của game (3369 chỗ có mã cầu thủ, 0 cặp, 0 đối tượng, nhóm []; 14s); game đang tải trận, dò lại ngay.
05:11:54 Lưu trữ thêm 322 trận trên thế giới vào dữ liệu của AI.
05:11:57 Đồng bộ xong: Arsenal FC, ngày 3/10/2026 (14.5s).
05:12:02 Bản đồ trận: chưa thấy trạng thái trận của game (3379 chỗ có mã cầu thủ, 0 cặp, 0 đối tượng, nhóm []; 7s); game đang tải trận, dò lại ngay.
05:12:09 Bản đồ trận: chưa thấy trạng thái trận của game (3369 chỗ có mã cầu thủ, 0 cặp, 0 đối tượng, nhóm []; 5s); game đang tải trận, dò lại ngay.
05:12:16 Bản đồ trận: chưa thấy trạng thái trận của game (3368 chỗ có mã cầu thủ, 0 cặp, 0 đối tượng, nhóm []; 6s); game đang tải trận, dò lại ngay.
05:12:23 Bản đồ trận: chưa thấy trạng thái trận của game (3368 chỗ có mã cầu thủ, 0 cặp, 0 đối tượng, nhóm []; 6s); game đang tải trận, dò lại ngay.
05:12:28 Bản đồ trận: chưa thấy trạng thái trận của game (3368 chỗ có mã cầu thủ, 0 cặp, 0 đối tượng, nhóm []; 4s); game đang tải trận, dò lại ngay.
05:12:34 Bản đồ trận: chưa thấy trạng thái trận của game (3398 chỗ có mã cầu thủ, 0 cặp, 0 đối tượng, nhóm []; 5s); game đang tải trận, dò lại ngay.
05:12:40 Bản đồ trận: chưa thấy trạng thái trận của game (3398 chỗ có mã cầu thủ, 0 cặp, 0 đối tượng, nhóm []; 4s); game đang tải trận, dò lại ngay.
05:12:46 Bản đồ trận: chưa thấy trạng thái trận của game (3400 chỗ có mã cầu thủ, 0 cặp, 0 đối tượng, nhóm []; 5s); game đang tải trận, dò lại ngay.
05:12:51 Bản đồ trận: chưa thấy trạng thái trận của game (3398 chỗ có mã cầu thủ, 0 cặp, 0 đối tượng, nhóm []; 4s); game đang tải trận, dò lại ngay.
05:12:58 Bản đồ trận: chưa thấy trạng thái trận của game (3399 chỗ có mã cầu thủ, 0 cặp, 0 đối tượng, nhóm []; 6s); game đang tải trận, dò lại ngay.
05:13:04 Bản đồ trận: chưa thấy trạng thái trận của game (3398 chỗ có mã cầu thủ, 0 cặp, 0 đối tượng, nhóm []; 4s); game đang tải trận, dò lại ngay.
05:13:11 Bản đồ trận: chưa thấy trạng thái trận của game (3398 chỗ có mã cầu thủ, 0 cặp, 0 đối tượng, nhóm []; 6s); game đang tải trận, dò lại ngay.
05:13:17 Bản đồ trận: chưa thấy trạng thái trận của game (3398 chỗ có mã cầu thủ, 0 cặp, 0 đối tượng, nhóm []; 4s); game đang tải trận, dò lại ngay.
05:13:25 Bản đồ trận: chưa thấy trạng thái trận của game (3398 chỗ có mã cầu thủ, 0 cặp, 0 đối tượng, nhóm []; 7s); game đang tải trận, dò lại ngay.
FL26 Dugout đang chạy tại http://127.0.0.1:8770/
05:13:44 Kết nối điện thoại qua Internet: https://boulevard-tiny-opt-rendered.trycloudflare.com
05:14:00 Đồng bộ xong: Arsenal FC, ngày 3/10/2026 (16.4s).
05:14:05 Bản đồ trận: chưa thấy trạng thái trận của game (3398 chỗ có mã cầu thủ, 0 cặp, 0 đối tượng, nhóm []; 8s); game đang tải trận, dò lại ngay.
05:14:12 Bản đồ trận: chưa thấy trạng thái trận của game (3398 chỗ có mã cầu thủ, 0 cặp, 0 đối tượng, nhóm []; 6s); game đang tải trận, dò lại ngay.
05:14:19 Bản đồ trận: chưa thấy trạng thái trận của game (3398 chỗ có mã cầu thủ, 0 cặp, 0 đối tượng, nhóm []; 6s); game đang tải trận, dò lại ngay.
05:14:26 Bản đồ trận: chưa thấy trạng thái trận của game (3396 chỗ có mã cầu thủ, 0 cặp, 0 đối tượng, nhóm []; 5s); game đang tải trận, dò lại ngay.
05:14:33 Bản đồ trận: chưa thấy trạng thái trận của game (3396 chỗ có mã cầu thủ, 0 cặp, 0 đối tượng, nhóm []; 6s); game đang tải trận, dò lại ngay.
05:14:42 Bản đồ trận: chưa thấy trạng thái trận của game (3395 chỗ có mã cầu thủ, 0 cặp, 0 đối tượng, nhóm []; 7s); game đang tải trận, dò lại ngay.
05:14:50 Bản đồ trận: chưa thấy trạng thái trận của game (3395 chỗ có mã cầu thủ, 0 cặp, 0 đối tượng, nhóm []; 7s); game đang tải trận, dò lại ngay.
05:14:57 Bản đồ trận: chưa thấy trạng thái trận của game (3396 chỗ có mã cầu thủ, 0 cặp, 0 đối tượng, nhóm []; 6s); game đang tải trận, dò lại ngay.
05:15:03 Bản đồ trận: chưa thấy trạng thái trận của game (3395 chỗ có mã cầu thủ, 0 cặp, 0 đối tượng, nhóm []; 5s); game đang tải trận, dò lại ngay.
05:15:10 Bản đồ trận: chưa thấy trạng thái trận của game (3396 chỗ có mã cầu thủ, 0 cặp, 0 đối tượng, nhóm []; 5s); game đang tải trận, dò lại ngay.
05:15:17 Bản đồ trận: chưa thấy trạng thái trận của game (3396 chỗ có mã cầu thủ, 0 cặp, 0 đối tượng, nhóm []; 6s); game đang tải trận, dò lại ngay.
05:15:23 Bản đồ trận: chưa thấy trạng thái trận của game (3395 chỗ có mã cầu thủ, 0 cặp, 0 đối tượng, nhóm []; 5s); game đang tải trận, dò lại ngay.
05:15:31 Bản đồ trận: chưa thấy trạng thái trận của game (3395 chỗ có mã cầu thủ, 0 cặp, 0 đối tượng, nhóm []; 6s); game đang tải trận, dò lại ngay.
05:15:38 Bản đồ trận: chưa thấy trạng thái trận của game (3395 chỗ có mã cầu thủ, 0 cặp, 0 đối tượng, nhóm []; 6s); game đang tải trận, dò lại ngay.
05:15:46 Bản đồ trận: chưa thấy trạng thái trận của game (3395 chỗ có mã cầu thủ, 0 cặp, 0 đối tượng, nhóm []; 6s); game đang tải trận, dò lại ngay.
05:15:53 Bản đồ trận: chưa thấy trạng thái trận của game (3395 chỗ có mã cầu thủ, 0 cặp, 0 đối tượng, nhóm []; 5s); game đang tải trận, dò lại ngay.
05:15:59 Bản đồ trận: chưa thấy trạng thái trận của game (3395 chỗ có mã cầu thủ, 0 cặp, 0 đối tượng, nhóm []; 5s); game đang tải trận, dò lại ngay.
05:16:05 Bản đồ trận: chưa thấy trạng thái trận của game (3395 chỗ có mã cầu thủ, 0 cặp, 0 đối tượng, nhóm []; 5s); game đang tải trận, dò lại ngay.
05:16:12 Bản đồ trận: chưa thấy trạng thái trận của game (3395 chỗ có mã cầu thủ, 0 cặp, 0 đối tượng, nhóm []; 5s); game đang tải trận, dò lại ngay.
05:16:17 Bản đồ trận: chưa thấy trạng thái trận của game (3395 chỗ có mã cầu thủ, 0 cặp, 0 đối tượng, nhóm []; 4s); game đang tải trận, dò lại ngay.
05:16:33 Bản đồ trận: chưa thấy trạng thái trận của game (3394 chỗ có mã cầu thủ, 0 cặp, 0 đối tượng, nhóm []; 6s); game đang tải trận, dò lại ngay.
05:16:48 Bản đồ trận: chưa thấy trạng thái trận của game (3394 chỗ có mã cầu thủ, 0 cặp, 0 đối tượng, nhóm []; 5s); game đang tải trận, dò lại ngay.
05:17:04 Bản đồ trận: chưa thấy trạng thái trận của game (3394 chỗ có mã cầu thủ, 0 cặp, 0 đối tượng, nhóm []; 5s); game đang tải trận, dò lại ngay.
05:17:19 Bản đồ trận: chưa thấy trạng thái trận của game (3394 chỗ có mã cầu thủ, 0 cặp, 0 đối tượng, nhóm []; 5s); game đang tải trận, dò lại ngay.
05:17:34 Bản đồ trận: chưa thấy trạng thái trận của game (3394 chỗ có mã cầu thủ, 0 cặp, 0 đối tượng, nhóm []; 5s); game đang tải trận, dò lại ngay.
05:17:49 Bản đồ trận: chưa thấy trạng thái trận của game (3394 chỗ có mã cầu thủ, 0 cặp, 0 đối tượng, nhóm []; 5s); game đang tải trận, dò lại ngay.
05:18:05 Bản đồ trận: chưa thấy trạng thái trận của game (3394 chỗ có mã cầu thủ, 0 cặp, 0 đối tượng, nhóm []; 6s); game đang tải trận, dò lại ngay.
05:18:20 Bản đồ trận: chưa thấy trạng thái trận của game (3394 chỗ có mã cầu thủ, 0 cặp, 0 đối tượng, nhóm []; 4s); game đang tải trận, dò lại ngay.
05:18:36 Bản đồ trận: chưa thấy trạng thái trận của game (3394 chỗ có mã cầu thủ, 0 cặp, 0 đối tượng, nhóm []; 6s); game đang tải trận, dò lại ngay.
05:18:51 Bản đồ trận: chưa thấy trạng thái trận của game (3394 chỗ có mã cầu thủ, 0 cặp, 0 đối tượng, nhóm []; 5s); game đang tải trận, dò lại ngay.
05:19:05 Bản đồ trận: chưa thấy trạng thái trận của game (3393 chỗ có mã cầu thủ, 0 cặp, 0 đối tượng, nhóm []; 5s); game đang tải trận, dò lại ngay.
05:19:21 Bản đồ trận: chưa thấy trạng thái trận của game (3393 chỗ có mã cầu thủ, 0 cặp, 0 đối tượng, nhóm []; 6s); game đang tải trận, dò lại ngay.
05:19:36 Bản đồ trận: chưa thấy trạng thái trận của game (3393 chỗ có mã cầu thủ, 0 cặp, 0 đối tượng, nhóm []; 4s); game đang tải trận, dò lại ngay.
05:19:52 Bản đồ trận: chưa thấy trạng thái trận của game (3393 chỗ có mã cầu thủ, 0 cặp, 0 đối tượng, nhóm []; 6s); game đang tải trận, dò lại ngay.
05:20:08 Bản đồ trận: chưa thấy trạng thái trận của game (3393 chỗ có mã cầu thủ, 0 cặp, 0 đối tượng, nhóm []; 5s); game đang tải trận, dò lại ngay.
05:20:22 Bản đồ trận: chưa thấy trạng thái trận của game (3393 chỗ có mã cầu thủ, 0 cặp, 0 đối tượng, nhóm []; 4s); game đang tải trận, dò lại ngay.
05:20:38 Bản đồ trận: chưa thấy trạng thái trận của game (3393 chỗ có mã cầu thủ, 0 cặp, 0 đối tượng, nhóm []; 5s); game đang tải trận, dò lại ngay.
05:20:53 Bản đồ trận: chưa thấy trạng thái trận của game (3393 chỗ có mã cầu thủ, 0 cặp, 0 đối tượng, nhóm []; 5s); game đang tải trận, dò lại ngay.
05:21:09 Bản đồ trận: chưa thấy trạng thái trận của game (3393 chỗ có mã cầu thủ, 0 cặp, 0 đối tượng, nhóm []; 5s); game đang tải trận, dò lại ngay.
05:21:24 Bản đồ trận: chưa thấy trạng thái trận của game (3393 chỗ có mã cầu thủ, 0 cặp, 0 đối tượng, nhóm []; 5s); game đang tải trận, dò lại ngay.
05:21:39 Bản đồ trận: chưa thấy trạng thái trận của game (3393 chỗ có mã cầu thủ, 0 cặp, 0 đối tượng, nhóm []; 5s); game đang tải trận, dò lại ngay.
05:21:55 Bản đồ trận: chưa thấy trạng thái trận của game (3393 chỗ có mã cầu thủ, 0 cặp, 0 đối tượng, nhóm []; 5s); game đang tải trận, dò lại ngay.
05:22:10 Bản đồ trận: chưa thấy trạng thái trận của game (3393 chỗ có mã cầu thủ, 0 cặp, 0 đối tượng, nhóm []; 5s); game đang tải trận, dò lại ngay.
05:22:25 Bản đồ trận: chưa thấy trạng thái trận của game (3393 chỗ có mã cầu thủ, 0 cặp, 0 đối tượng, nhóm []; 5s); game đang tải trận, dò lại ngay.
05:22:41 Bản đồ trận: chưa thấy trạng thái trận của game (3393 chỗ có mã cầu thủ, 0 cặp, 0 đối tượng, nhóm []; 5s); game đang tải trận, dò lại ngay.
05:22:55 Bản đồ trận: chưa thấy trạng thái trận của game (3393 chỗ có mã cầu thủ, 0 cặp, 0 đối tượng, nhóm []; 4s); game đang tải trận, dò lại ngay.
05:23:09 Bản đồ trận: chưa thấy trạng thái trận của game (3393 chỗ có mã cầu thủ, 0 cặp, 0 đối tượng, nhóm []; 4s); game đang tải trận, dò lại ngay.
05:23:26 Bản đồ trận: chưa thấy trạng thái trận của game (3393 chỗ có mã cầu thủ, 0 cặp, 0 đối tượng, nhóm []; 6s); game đang tải trận, dò lại ngay.
05:23:41 Bản đồ trận: chưa thấy trạng thái trận của game (3393 chỗ có mã cầu thủ, 0 cặp, 0 đối tượng, nhóm []; 5s); game đang tải trận, dò lại ngay.
05:23:56 Bản đồ trận: chưa thấy trạng thái trận của game (3393 chỗ có mã cầu thủ, 0 cặp, 0 đối tượng, nhóm []; 5s); game đang tải trận, dò lại ngay.
05:24:11 Bản đồ trận: chưa thấy trạng thái trận của game (3393 chỗ có mã cầu thủ, 0 cặp, 0 đối tượng, nhóm []; 4s); game đang tải trận, dò lại ngay.
05:24:25 Bản đồ trận: chưa thấy trạng thái trận của game (3393 chỗ có mã cầu thủ, 0 cặp, 0 đối tượng, nhóm []; 4s); game đang tải trận, dò lại ngay.
05:24:41 Bản đồ trận: chưa thấy trạng thái trận của game (3393 chỗ có mã cầu thủ, 0 cặp, 0 đối tượng, nhóm []; 5s); game đang tải trận, dò lại ngay.
05:24:56 Bản đồ trận: chưa thấy trạng thái trận của game (3393 chỗ có mã cầu thủ, 0 cặp, 0 đối tượng, nhóm []; 5s); game đang tải trận, dò lại ngay.
05:25:10 Bản đồ trận: chưa thấy trạng thái trận của game (3393 chỗ có mã cầu thủ, 0 cặp, 0 đối tượng, nhóm []; 4s); game đang tải trận, dò lại ngay.
05:25:26 Bản đồ trận: chưa thấy trạng thái trận của game (3392 chỗ có mã cầu thủ, 0 cặp, 0 đối tượng, nhóm []; 5s); game đang tải trận, dò lại ngay.
05:25:41 Bản đồ trận: chưa thấy trạng thái trận của game (3392 chỗ có mã cầu thủ, 0 cặp, 0 đối tượng, nhóm []; 5s); game đang tải trận, dò lại ngay.
05:25:56 Bản đồ trận: chưa thấy trạng thái trận của game (3392 chỗ có mã cầu thủ, 0 cặp, 0 đối tượng, nhóm []; 5s); game đang tải trận, dò lại ngay.
05:26:11 Bản đồ trận: chưa thấy trạng thái trận của game (3392 chỗ có mã cầu thủ, 0 cặp, 0 đối tượng, nhóm []; 5s); game đang tải trận, dò lại ngay.
05:26:25 Bản đồ trận: chưa thấy trạng thái trận của game (3391 chỗ có mã cầu thủ, 0 cặp, 0 đối tượng, nhóm []; 5s); game đang tải trận, dò lại ngay.
05:26:41 Bản đồ trận: chưa thấy trạng thái trận của game (3391 chỗ có mã cầu thủ, 0 cặp, 0 đối tượng, nhóm []; 5s); game đang tải trận, dò lại ngay.
05:26:57 Dò bộ nhớ game: 43 vùng, 1 bảng cầu thủ (7.4s).
FL26 Dugout đang chạy tại http://127.0.0.1:8770/
05:31:24 Kết nối điện thoại qua Internet: https://furniture-devel-norm-charges.trycloudflare.com
05:31:38 Đồng bộ xong: Arsenal FC, ngày 3/10/2026 (14.0s).
05:32:17 Dò bộ nhớ game: 43 vùng, 1 bảng cầu thủ (7.2s).
05:43:45 Bản đồ trận: thấy trạng thái trận của game ngay từ danh sách của game: 22/22 cầu thủ (0.0s).
05:43:45 Bản đồ trận: chưa thấy cầu thủ ở chỗ cũ (97 chuỗi, 21 bộ xương, 11 cửa sổ thử).
05:43:45 Bản đồ trận: đọc trực tiếp trạng thái trận của game: số áo, vị trí từng cầu thủ, thay người nhận ngay.
05:43:45 Bản đồ trận: ghi dữ liệu trận vào 20261002-054345_2026-10-03_17_105_101.
05:43:51 Bản đồ trận: đã thấy quả bóng (6.1s, trong vùng nhớ của bóng).
05:44:49 Bản đồ trận: quả bóng đang đọc đứng yên, không ai ở gần, trong khi bóng đang lăn: không phải quả bóng thật, dò lại.
05:44:55 Bản đồ trận: đã thấy quả bóng (5.7s, trong vùng nhớ của bóng).
05:45:13 Điểm cầu thủ: thấy dòng trận này trong bộ nhớ game (18s): hết trận Dugout đổi điểm sang thang 10.
05:45:24 Bản đồ trận: quả bóng đang đọc dính theo một cầu thủ suốt 15 giây: không phải quả bóng thật, dò lại.
05:45:30 Bản đồ trận: đã thấy quả bóng (6.0s, trong vùng nhớ của bóng).
05:45:38 Bản đồ trận: quả bóng đang đọc cách xa mọi cầu thủ quá lâu: không phải quả bóng thật, dò lại.
05:45:46 Bản đồ trận: ghi nhớ danh sách cầu thủ của game (246 con trỏ, 12 danh sách, 2 chỗ cố định; 51s): trận sau đọc ngay lúc giao bóng.
05:45:56 Bản đồ trận: đã thấy quả bóng (5.9s, trong vùng nhớ của bóng).
05:47:09 Bản đồ trận: quả bóng đang đọc là quả bóng cũ (game vừa tạo quả bóng mới): không phải quả bóng thật, dò lại.
05:47:26 Bản đồ trận: đã thấy quả bóng (5.8s, trong vùng nhớ của bóng).
05:49:08 Bản đồ trận: quả bóng đang đọc là quả bóng cũ (game vừa tạo quả bóng mới): không phải quả bóng thật, dò lại.
05:49:42 Bản đồ trận: đã thấy quả bóng (15.8s).
05:49:50 Bản đồ trận: quả bóng đang đọc cách xa mọi cầu thủ quá lâu: không phải quả bóng thật, dò lại.
05:49:57 Bản đồ trận: Đối thủ thay người 46': James Ward-Prowse vào, Edson Álvarez ra.
05:50:13 Bản đồ trận: đã thấy quả bóng (5.7s, trong vùng nhớ của bóng).
05:51:06 Bản đồ trận: quả bóng đang đọc cách xa mọi cầu thủ quá lâu: không phải quả bóng thật, dò lại.
D:\FL26\SiderAddons\Dugout\dugout\matchlive.py:1292: RuntimeWarning: All-NaN slice encountered
  top = np.nanmax(speed, 0)
05:52:28 Bản đồ trận: đã thấy quả bóng (5.9s, trong vùng nhớ của bóng).
05:52:39 Bản đồ trận: quả bóng đang đọc cách xa mọi cầu thủ quá lâu: không phải quả bóng thật, dò lại.
05:52:44 Bản đồ trận: đã thấy quả bóng (5.9s, qua đối tượng cầu thủ).
05:52:51 Bản đồ trận: quả bóng đang đọc là quả bóng cũ (game vừa tạo quả bóng mới): không phải quả bóng thật, dò lại.
05:52:51 Bản đồ trận: Đối thủ thay người 63': Taty Castellanos vào, Callum Wilson ra.
05:53:02 Bản đồ trận: đã thấy quả bóng (5.8s, trong vùng nhớ của bóng).
05:55:22 Bản đồ trận: quả bóng đang đọc là quả bóng cũ (game vừa tạo quả bóng mới): không phải quả bóng thật, dò lại.
05:56:24 Bản đồ trận: đã thấy quả bóng (5.8s, ở chỗ đã biết).
05:56:44 Bản đồ trận: quả bóng đang đọc cách xa mọi cầu thủ quá lâu: không phải quả bóng thật, dò lại.
05:57:42 Bản đồ trận: đã lưu diễn biến trận West Ham United FC – Arsenal FC.
05:58:13 Tìm thấy bảng giá trị cầu thủ trong bộ nhớ game (223 dòng, 26.7s).
05:58:24 Lưu trữ thêm 271 trận trên thế giới vào dữ liệu của AI.
05:58:27 Đồng bộ xong: Arsenal FC, ngày 17/10/2026 (20.4s).
05:58:28 Bản đồ trận: chưa thấy trạng thái trận của game (3209 chỗ có mã cầu thủ, 0 cặp, 0 đối tượng, nhóm []; 22s); game đang tải trận, dò lại ngay.
05:58:30 Điểm cầu thủ: thấy dòng trận này trong bộ nhớ game (25s): hết trận Dugout đổi điểm sang thang 10.
05:58:35 Bản đồ trận: chưa thấy trạng thái trận của game (3105 chỗ có mã cầu thủ, 0 cặp, 0 đối tượng, nhóm []; 6s); game đang tải trận, dò lại ngay.
05:58:42 Bản đồ trận: chưa thấy trạng thái trận của game (2856 chỗ có mã cầu thủ, 0 cặp, 0 đối tượng, nhóm []; 5s); game đang tải trận, dò lại ngay.
05:58:49 Bản đồ trận: chưa thấy trạng thái trận của game (2883 chỗ có mã cầu thủ, 0 cặp, 0 đối tượng, nhóm []; 6s); game đang tải trận, dò lại ngay.
05:58:57 Bản đồ trận: chưa thấy trạng thái trận của game (2887 chỗ có mã cầu thủ, 0 cặp, 0 đối tượng, nhóm []; 6s); game đang tải trận, dò lại ngay.
05:59:03 Bản đồ trận: chưa thấy trạng thái trận của game (2887 chỗ có mã cầu thủ, 0 cặp, 0 đối tượng, nhóm []; 5s); game đang tải trận, dò lại ngay.
05:59:11 Bản đồ trận: chưa thấy trạng thái trận của game (2887 chỗ có mã cầu thủ, 0 cặp, 0 đối tượng, nhóm []; 6s); game đang tải trận, dò lại ngay.
05:59:17 Bản đồ trận: chưa thấy trạng thái trận của game (2887 chỗ có mã cầu thủ, 0 cặp, 0 đối tượng, nhóm []; 5s); game đang tải trận, dò lại ngay.
05:59:24 Bản đồ trận: chưa thấy trạng thái trận của game (2887 chỗ có mã cầu thủ, 0 cặp, 0 đối tượng, nhóm []; 5s); game đang tải trận, dò lại ngay.
05:59:31 Bản đồ trận: chưa thấy trạng thái trận của game (2887 chỗ có mã cầu thủ, 0 cặp, 0 đối tượng, nhóm []; 6s); game đang tải trận, dò lại ngay.
05:59:37 Bản đồ trận: chưa thấy trạng thái trận của game (2887 chỗ có mã cầu thủ, 0 cặp, 0 đối tượng, nhóm []; 5s); game đang tải trận, dò lại ngay.
05:59:44 Bản đồ trận: chưa thấy trạng thái trận của game (2888 chỗ có mã cầu thủ, 0 cặp, 0 đối tượng, nhóm []; 6s); game đang tải trận, dò lại ngay.
05:59:51 Bản đồ trận: chưa thấy trạng thái trận của game (2887 chỗ có mã cầu thủ, 0 cặp, 0 đối tượng, nhóm []; 5s); game đang tải trận, dò lại ngay.
05:59:57 Bản đồ trận: chưa thấy trạng thái trận của game (2887 chỗ có mã cầu thủ, 0 cặp, 0 đối tượng, nhóm []; 5s); game đang tải trận, dò lại ngay.
06:00:04 Bản đồ trận: chưa thấy trạng thái trận của game (2887 chỗ có mã cầu thủ, 0 cặp, 0 đối tượng, nhóm []; 6s); game đang tải trận, dò lại ngay.
06:00:10 Bản đồ trận: chưa thấy trạng thái trận của game (2891 chỗ có mã cầu thủ, 0 cặp, 0 đối tượng, nhóm []; 5s); game đang tải trận, dò lại ngay.
06:00:17 Bản đồ trận: chưa thấy trạng thái trận của game (2846 chỗ có mã cầu thủ, 0 cặp, 0 đối tượng, nhóm []; 6s); game đang tải trận, dò lại ngay.
06:00:25 Bản đồ trận: chưa thấy trạng thái trận của game (2859 chỗ có mã cầu thủ, 0 cặp, 0 đối tượng, nhóm []; 6s); game đang tải trận, dò lại ngay.
FL26 Dugout đang chạy tại http://127.0.0.1:8770/
06:00:44 Kết nối điện thoại qua Internet: https://waters-meet-reviewing-comes.trycloudflare.com
06:00:58 Điểm cầu thủ: thấy dòng trận này trong bộ nhớ game (20s): hết trận Dugout đổi điểm sang thang 10.
06:01:01 Đồng bộ xong: Arsenal FC, ngày 17/10/2026 (16.7s).
06:01:06 Bản đồ trận: chưa thấy trạng thái trận của game (2877 chỗ có mã cầu thủ, 0 cặp, 0 đối tượng, nhóm []; 8s); game đang tải trận, dò lại ngay.
06:01:14 Bản đồ trận: chưa thấy trạng thái trận của game (2882 chỗ có mã cầu thủ, 0 cặp, 0 đối tượng, nhóm []; 6s); game đang tải trận, dò lại ngay.
06:01:20 Bản đồ trận: chưa thấy trạng thái trận của game (2874 chỗ có mã cầu thủ, 0 cặp, 0 đối tượng, nhóm []; 5s); game đang tải trận, dò lại ngay.
06:01:27 Bản đồ trận: chưa thấy trạng thái trận của game (2813 chỗ có mã cầu thủ, 0 cặp, 0 đối tượng, nhóm []; 6s); game đang tải trận, dò lại ngay.
06:01:34 Bản đồ trận: chưa thấy trạng thái trận của game (3517 chỗ có mã cầu thủ, 0 cặp, 0 đối tượng, nhóm []; 6s); game đang tải trận, dò lại ngay.
06:01:39 Bản đồ trận: chưa thấy trạng thái trận của game (3542 chỗ có mã cầu thủ, 0 cặp, 0 đối tượng, nhóm []; 3s); game đang tải trận, dò lại ngay.
06:01:46 Bản đồ trận: chưa thấy trạng thái trận của game (3542 chỗ có mã cầu thủ, 0 cặp, 0 đối tượng, nhóm []; 7s); game đang tải trận, dò lại ngay.
06:01:53 Bản đồ trận: chưa thấy trạng thái trận của game (3659 chỗ có mã cầu thủ, 0 cặp, 0 đối tượng, nhóm []; 6s); game đang tải trận, dò lại ngay.
06:01:54 Bản đồ trận: thấy trạng thái trận của game ngay từ danh sách của game: 22/22 cầu thủ (0.0s, lúc game đang tải trận).
06:01:55 Bản đồ trận: đọc trực tiếp trạng thái trận của game: số áo, vị trí từng cầu thủ, thay người nhận ngay (từ cảnh ra sân).
06:01:55 Bản đồ trận: ghi dữ liệu trận vào 20261002-060155_2026-10-17_23_395_101.
06:01:55 Bản đồ trận: đọc quả bóng thẳng từ chỗ cố định của game (không cần dò).
06:03:42 Bản đồ trận: ghi nhớ danh sách cầu thủ của game (370 con trỏ, 10 danh sách, 2 chỗ cố định; 64s): trận sau đọc ngay lúc giao bóng.
06:04:01 Bản đồ trận: ghi nhớ 32 chỗ game trỏ tới quả bóng (6 cố định; 19s): bóng mới sau bàn thắng được đọc ngay.
06:04:48 Bản đồ trận: đã thấy quả bóng (46.2s).
06:08:22 Bản đồ trận: Đối thủ thay người 46': Lewis Baker vào, Djibril Soumaré ra.
D:\FL26\SiderAddons\Dugout\dugout\matchlive.py:1292: RuntimeWarning: All-NaN slice encountered
  top = np.nanmax(speed, 0)
06:11:41 Bản đồ trận: đã thấy quả bóng (43.1s).
06:12:02 Bản đồ trận: Bạn thay người 72': Omar El Hilali vào, Elias Baum ra.
06:13:11 Bản đồ trận: Bạn thay người 79': Myles Lewis-Skelly vào, Álex Valle ra.
06:13:36 Bản đồ trận: Đối thủ thay người 82': Ato Ampah vào, Sorba Thomas ra.
06:14:12 Bản đồ trận: Đối thủ thay người 84': Denilho Cleonise vào, Million Manhoef ra.
06:14:12 Bản đồ trận: Bạn thay người 84': Antonio Nusa vào, Cristiano Ronaldo Júnior ra.
06:15:37 Bản đồ trận: Đối thủ thay người 92': Olabade Aluko vào, Eric-Junior Bocat ra.
06:18:27 Bản đồ trận: đã lưu diễn biến trận Stoke City FC – Arsenal FC.
06:18:41 Dò bộ nhớ game: 44 vùng, 1 bảng cầu thủ (7.3s).
06:19:05 Lưu trữ thêm 299 trận trên thế giới vào dữ liệu của AI.
06:19:06 Đồng bộ xong: Arsenal FC, ngày 24/10/2026 (9.4s).
14:22:45 Dò bộ nhớ game: 50 vùng, 0 bảng cầu thủ (11.3s).
14:24:15 Bản đồ trận: chưa thấy trạng thái trận của game (2541 chỗ có mã cầu thủ, 0 cặp, 0 đối tượng, nhóm []; 11s); game đang tải trận, dò lại ngay.
14:24:16 Điểm cầu thủ: thấy dòng trận này trong bộ nhớ game (13s): hết trận Dugout đổi điểm sang thang 10.
14:24:24 Bản đồ trận: chưa thấy trạng thái trận của game (2527 chỗ có mã cầu thủ, 0 cặp, 0 đối tượng, nhóm []; 8s); game đang tải trận, dò lại ngay.
14:24:33 Bản đồ trận: chưa thấy trạng thái trận của game (2474 chỗ có mã cầu thủ, 0 cặp, 0 đối tượng, nhóm []; 8s); game đang tải trận, dò lại ngay.
14:24:42 Bản đồ trận: chưa thấy trạng thái trận của game (2518 chỗ có mã cầu thủ, 0 cặp, 0 đối tượng, nhóm []; 7s); game đang tải trận, dò lại ngay.
14:24:51 Bản đồ trận: chưa thấy trạng thái trận của game (2487 chỗ có mã cầu thủ, 0 cặp, 0 đối tượng, nhóm []; 8s); game đang tải trận, dò lại ngay.
14:24:59 Bản đồ trận: chưa thấy trạng thái trận của game (2496 chỗ có mã cầu thủ, 0 cặp, 0 đối tượng, nhóm []; 7s); game đang tải trận, dò lại ngay.
14:25:07 Bản đồ trận: chưa thấy trạng thái trận của game (2481 chỗ có mã cầu thủ, 0 cặp, 0 đối tượng, nhóm []; 7s); game đang tải trận, dò lại ngay.
14:25:16 Bản đồ trận: chưa thấy trạng thái trận của game (2431 chỗ có mã cầu thủ, 0 cặp, 0 đối tượng, nhóm []; 7s); game đang tải trận, dò lại ngay.
14:25:24 Bản đồ trận: chưa thấy trạng thái trận của game (3419 chỗ có mã cầu thủ, 0 cặp, 0 đối tượng, nhóm []; 7s); game đang tải trận, dò lại ngay.
14:25:30 Bản đồ trận: chưa thấy trạng thái trận của game (3593 chỗ có mã cầu thủ, 0 cặp, 0 đối tượng, nhóm []; 5s); game đang tải trận, dò lại ngay.
14:25:37 Bản đồ trận: chưa thấy trạng thái trận của game (3561 chỗ có mã cầu thủ, 0 cặp, 0 đối tượng, nhóm []; 5s); game đang tải trận, dò lại ngay.
14:25:47 Bản đồ trận: chưa thấy trạng thái trận của game (3861 chỗ có mã cầu thủ, 0 cặp, 0 đối tượng, nhóm []; 9s); game đang tải trận, dò lại ngay.
14:25:57 Bản đồ trận: chưa thấy trạng thái trận của game (4110 chỗ có mã cầu thủ, 0 cặp, 0 đối tượng, nhóm []; 9s); game đang tải trận, dò lại ngay.
14:25:59 Bản đồ trận: thấy trạng thái trận của game ngay từ danh sách của game: 22/22 cầu thủ (0.0s, lúc game đang tải trận).
14:25:59 Bản đồ trận: đọc trực tiếp trạng thái trận của game: số áo, vị trí từng cầu thủ, thay người nhận ngay (từ cảnh ra sân).
14:25:59 Bản đồ trận: ghi dữ liệu trận vào 20261002-142559_2026-10-24_17_101_178.
D:\FL26\SiderAddons\Dugout\dugout\matchlive.py:1292: RuntimeWarning: All-NaN slice encountered
  top = np.nanmax(speed, 0)
14:30:15 Bản đồ trận: đã thấy quả bóng (50.5s).
14:30:16 Bản đồ trận: ghi nhớ danh sách cầu thủ của game (204 con trỏ, 13 danh sách, 2 chỗ cố định; 55s): trận sau đọc ngay lúc giao bóng.
14:30:50 Bản đồ trận: ghi nhớ 35 chỗ game trỏ tới quả bóng (6 cố định; 34s): bóng mới sau bàn thắng được đọc ngay.
14:37:51 Bản đồ trận: Bạn thay người 80': Elias Baum vào, Omar El Hilali ra.
14:37:51 Bản đồ trận: Bạn thay người 80': Álex Valle vào, Myles Lewis-Skelly ra.
14:37:51 Bản đồ trận: Bạn thay người 80': Cristiano Ronaldo Júnior vào, Antonio Nusa ra.
14:37:51 Bản đồ trận: Bạn thay người 80': Roger Fernandes vào, Franco Mastantuono ra.
14:37:51 Bản đồ trận: Bạn thay người 80': Rodrigo Mora vào, Lennart Karl ra.
14:37:51 Bản đồ trận: Đối thủ thay người 80': Kevin vào, Rodrigo Muniz ra.
14:41:50 Bản đồ trận: đã lưu diễn biến trận Arsenal FC – Fulham FC.
14:42:06 Dò bộ nhớ game: 47 vùng, 1 bảng cầu thủ (11.0s).
FL26 Dugout đang chạy tại http://127.0.0.1:8770/
14:42:25 Kết nối điện thoại qua Internet: https://southampton-array-companies-warm.trycloudflare.com
14:42:44 Điểm cầu thủ: thấy dòng trận này trong bộ nhớ game (23s): hết trận Dugout đổi điểm sang thang 10.
14:42:50 Lưu trữ thêm 175 trận trên thế giới vào dữ liệu của AI.
14:42:53 Đồng bộ xong: Arsenal FC, ngày 28/10/2026 (25.1s).
14:43:00 Bản đồ trận: chưa thấy trạng thái trận của game (2859 chỗ có mã cầu thủ, 1 cặp, 1 đối tượng, nhóm []; 10s); game đang tải trận, dò lại ngay.
14:43:09 Bản đồ trận: chưa thấy trạng thái trận của game (2859 chỗ có mã cầu thủ, 1 cặp, 1 đối tượng, nhóm []; 8s); game đang tải trận, dò lại ngay.
14:43:18 Bản đồ trận: chưa thấy trạng thái trận của game (2859 chỗ có mã cầu thủ, 1 cặp, 1 đối tượng, nhóm []; 7s); game đang tải trận, dò lại ngay.
14:43:27 Bản đồ trận: chưa thấy trạng thái trận của game (2859 chỗ có mã cầu thủ, 1 cặp, 1 đối tượng, nhóm []; 8s); game đang tải trận, dò lại ngay.
14:43:37 Bản đồ trận: chưa thấy trạng thái trận của game (2857 chỗ có mã cầu thủ, 1 cặp, 1 đối tượng, nhóm []; 8s); game đang tải trận, dò lại ngay.
14:43:47 Bản đồ trận: chưa thấy trạng thái trận của game (2811 chỗ có mã cầu thủ, 1 cặp, 1 đối tượng, nhóm []; 9s); game đang tải trận, dò lại ngay.
14:43:58 Bản đồ trận: chưa thấy trạng thái trận của game (2829 chỗ có mã cầu thủ, 1 cặp, 1 đối tượng, nhóm []; 9s); game đang tải trận, dò lại ngay.
14:44:07 Bản đồ trận: chưa thấy trạng thái trận của game (2827 chỗ có mã cầu thủ, 1 cặp, 1 đối tượng, nhóm []; 8s); game đang tải trận, dò lại ngay.
14:44:17 Bản đồ trận: chưa thấy trạng thái trận của game (2818 chỗ có mã cầu thủ, 1 cặp, 1 đối tượng, nhóm []; 8s); game đang tải trận, dò lại ngay.
14:44:26 Bản đồ trận: chưa thấy trạng thái trận của game (2818 chỗ có mã cầu thủ, 1 cặp, 1 đối tượng, nhóm []; 8s); game đang tải trận, dò lại ngay.
14:44:35 Bản đồ trận: chưa thấy trạng thái trận của game (2797 chỗ có mã cầu thủ, 1 cặp, 1 đối tượng, nhóm []; 8s); game đang tải trận, dò lại ngay.
14:44:45 Bản đồ trận: chưa thấy trạng thái trận của game (2855 chỗ có mã cầu thủ, 1 cặp, 1 đối tượng, nhóm []; 9s); game đang tải trận, dò lại ngay.
14:44:54 Bản đồ trận: chưa thấy trạng thái trận của game (2853 chỗ có mã cầu thủ, 1 cặp, 1 đối tượng, nhóm []; 8s); game đang tải trận, dò lại ngay.
14:45:04 Bản đồ trận: chưa thấy trạng thái trận của game (2853 chỗ có mã cầu thủ, 1 cặp, 1 đối tượng, nhóm []; 8s); game đang tải trận, dò lại ngay.
14:45:13 Bản đồ trận: chưa thấy trạng thái trận của game (2853 chỗ có mã cầu thủ, 1 cặp, 1 đối tượng, nhóm []; 8s); game đang tải trận, dò lại ngay.
14:45:22 Bản đồ trận: chưa thấy trạng thái trận của game (2853 chỗ có mã cầu thủ, 1 cặp, 1 đối tượng, nhóm []; 7s); game đang tải trận, dò lại ngay.
14:45:31 Bản đồ trận: chưa thấy trạng thái trận của game (2853 chỗ có mã cầu thủ, 1 cặp, 1 đối tượng, nhóm []; 8s); game đang tải trận, dò lại ngay.
14:45:41 Bản đồ trận: chưa thấy trạng thái trận của game (2853 chỗ có mã cầu thủ, 1 cặp, 1 đối tượng, nhóm []; 8s); game đang tải trận, dò lại ngay.
14:45:51 Bản đồ trận: chưa thấy trạng thái trận của game (2853 chỗ có mã cầu thủ, 1 cặp, 1 đối tượng, nhóm []; 9s); game đang tải trận, dò lại ngay.
FL26 Dugout đang chạy tại http://127.0.0.1:8770/
14:46:05 Kết nối điện thoại qua Internet: https://consist-rocks-magazine-promptly.trycloudflare.com
14:46:25 Điểm cầu thủ: thấy dòng trận này trong bộ nhớ game (24s): hết trận Dugout đổi điểm sang thang 10.
14:46:32 Đồng bộ xong: Arsenal FC, ngày 28/10/2026 (26.7s).
14:46:40 Bản đồ trận: chưa thấy trạng thái trận của game (2854 chỗ có mã cầu thủ, 1 cặp, 1 đối tượng, nhóm []; 11s); game đang tải trận, dò lại ngay.
14:46:49 Bản đồ trận: chưa thấy trạng thái trận của game (2854 chỗ có mã cầu thủ, 1 cặp, 1 đối tượng, nhóm []; 8s); game đang tải trận, dò lại ngay.
14:46:58 Bản đồ trận: chưa thấy trạng thái trận của game (2854 chỗ có mã cầu thủ, 1 cặp, 1 đối tượng, nhóm []; 8s); game đang tải trận, dò lại ngay.
14:47:07 Bản đồ trận: chưa thấy trạng thái trận của game (2854 chỗ có mã cầu thủ, 1 cặp, 1 đối tượng, nhóm []; 8s); game đang tải trận, dò lại ngay.
14:47:17 Bản đồ trận: chưa thấy trạng thái trận của game (2854 chỗ có mã cầu thủ, 1 cặp, 1 đối tượng, nhóm []; 8s); game đang tải trận, dò lại ngay.
14:47:26 Bản đồ trận: chưa thấy trạng thái trận của game (2854 chỗ có mã cầu thủ, 1 cặp, 1 đối tượng, nhóm []; 8s); game đang tải trận, dò lại ngay.
14:47:36 Bản đồ trận: chưa thấy trạng thái trận của game (2854 chỗ có mã cầu thủ, 1 cặp, 1 đối tượng, nhóm []; 8s); game đang tải trận, dò lại ngay.
14:47:44 Bản đồ trận: chưa thấy trạng thái trận của game (2854 chỗ có mã cầu thủ, 1 cặp, 1 đối tượng, nhóm []; 8s); game đang tải trận, dò lại ngay.
14:47:53 Bản đồ trận: chưa thấy trạng thái trận của game (2853 chỗ có mã cầu thủ, 1 cặp, 1 đối tượng, nhóm []; 7s); game đang tải trận, dò lại ngay.
14:48:02 Bản đồ trận: chưa thấy trạng thái trận của game (2853 chỗ có mã cầu thủ, 1 cặp, 1 đối tượng, nhóm []; 7s); game đang tải trận, dò lại ngay.
14:48:10 Bản đồ trận: chưa thấy trạng thái trận của game (2853 chỗ có mã cầu thủ, 1 cặp, 1 đối tượng, nhóm []; 7s); game đang tải trận, dò lại ngay.
14:48:19 Bản đồ trận: chưa thấy trạng thái trận của game (2853 chỗ có mã cầu thủ, 1 cặp, 1 đối tượng, nhóm []; 7s); game đang tải trận, dò lại ngay.
14:48:27 Bản đồ trận: chưa thấy trạng thái trận của game (2853 chỗ có mã cầu thủ, 1 cặp, 1 đối tượng, nhóm []; 7s); game đang tải trận, dò lại ngay.
14:48:36 Bản đồ trận: chưa thấy trạng thái trận của game (2853 chỗ có mã cầu thủ, 1 cặp, 1 đối tượng, nhóm []; 7s); game đang tải trận, dò lại ngay.
14:48:44 Bản đồ trận: chưa thấy trạng thái trận của game (2853 chỗ có mã cầu thủ, 1 cặp, 1 đối tượng, nhóm []; 7s); game đang tải trận, dò lại ngay.
14:48:54 Bản đồ trận: chưa thấy trạng thái trận của game (2854 chỗ có mã cầu thủ, 1 cặp, 1 đối tượng, nhóm []; 8s); game đang tải trận, dò lại ngay.
14:49:03 Bản đồ trận: chưa thấy trạng thái trận của game (2853 chỗ có mã cầu thủ, 1 cặp, 1 đối tượng, nhóm []; 8s); game đang tải trận, dò lại ngay.
14:49:12 Bản đồ trận: chưa thấy trạng thái trận của game (2853 chỗ có mã cầu thủ, 1 cặp, 1 đối tượng, nhóm []; 8s); game đang tải trận, dò lại ngay.
14:49:21 Bản đồ trận: chưa thấy trạng thái trận của game (2803 chỗ có mã cầu thủ, 1 cặp, 1 đối tượng, nhóm []; 9s); game đang tải trận, dò lại ngay.
14:49:31 Bản đồ trận: chưa thấy trạng thái trận của game (2807 chỗ có mã cầu thủ, 1 cặp, 1 đối tượng, nhóm []; 8s); game đang tải trận, dò lại ngay.
14:49:50 Bản đồ trận: chưa thấy trạng thái trận của game (2850 chỗ có mã cầu thủ, 1 cặp, 1 đối tượng, nhóm []; 9s); game đang tải trận, dò lại ngay.
14:50:09 Bản đồ trận: chưa thấy trạng thái trận của game (3629 chỗ có mã cầu thủ, 1 cặp, 0 đối tượng, nhóm []; 8s); game đang tải trận, dò lại ngay.
14:50:28 Bản đồ trận: chưa thấy trạng thái trận của game (3854 chỗ có mã cầu thủ, 7 cặp, 0 đối tượng, nhóm []; 9s); game đang tải trận, dò lại ngay.
14:50:37 Bản đồ trận: chưa thấy cầu thủ ở chỗ cũ (147 chuỗi, 21 bộ xương, 10 cửa sổ thử).
14:50:39 Bản đồ trận: thấy trạng thái trận của game ngay từ danh sách của game: 22/22 cầu thủ (0.0s).
14:50:39 Bản đồ trận: đọc trực tiếp trạng thái trận của game: số áo, vị trí từng cầu thủ, thay người nhận ngay.
14:50:39 Bản đồ trận: ghi dữ liệu trận vào 20261002-145039_2026-10-28_17_208_101.
14:50:39 Bản đồ trận: đọc quả bóng thẳng từ chỗ cố định của game (không cần dò).
14:51:49 Bản đồ trận: ghi nhớ danh sách cầu thủ của game (223 con trỏ, 15 danh sách, 2 chỗ cố định; 44s): trận sau đọc ngay lúc giao bóng.
15:01:41 Bản đồ trận: Bạn thay người 79': Joaquin Seys vào, Myles Lewis-Skelly ra.
15:02:53 Bản đồ trận: Bạn thay người 86': Omar El Hilali vào, Elias Baum ra.
15:02:53 Bản đồ trận: Bạn thay người 86': Antonio Nusa vào, Cristiano Ronaldo Júnior ra.
15:02:53 Bản đồ trận: Bạn thay người 86': Rodrigo Mora vào, Nico Paz ra.
15:02:53 Bản đồ trận: Bạn thay người 86': Rasmus Højlund vào, Francesco Pio Esposito ra.
15:03:47 Bản đồ trận: Đối thủ thay người 92': Kieran Trippier vào, Jackson Tchatchoua ra.
15:04:33 Bản đồ trận: đã lưu diễn biến trận Wolverhampton Wanderers FC – Arsenal FC.
15:04:35 Điểm cầu thủ: đã đổi sang thang 10 trong trận vừa đá (vào save khi bạn lưu): Pau Cubarsí 6.0→6.5, Estevão Willian 6.0→6.5, Myles Lewis-Skelly 6.0→6.5, Declan Rice 6.0→6.5, Nico Paz 6.0→6.5, Youri Baas 6.5→7.1 …
15:04:50 Dò bộ nhớ game: 46 vùng, 1 bảng cầu thủ (10.7s).
15:05:25 Lưu trữ thêm 162 trận trên thế giới vào dữ liệu của AI.
15:05:28 Đồng bộ xong: Arsenal FC, ngày 30/10/2026 (36.8s).
15:06:44 Bản đồ trận: chưa thấy trạng thái trận của game (3025 chỗ có mã cầu thủ, 0 cặp, 0 đối tượng, nhóm []; 9s); game đang tải trận, dò lại ngay.
15:06:47 Điểm cầu thủ: thấy dòng trận này trong bộ nhớ game (13s): hết trận Dugout đổi điểm sang thang 10.
15:06:52 Bản đồ trận: chưa thấy trạng thái trận của game (3029 chỗ có mã cầu thủ, 0 cặp, 0 đối tượng, nhóm []; 8s); game đang tải trận, dò lại ngay.
15:07:00 Bản đồ trận: chưa thấy trạng thái trận của game (3005 chỗ có mã cầu thủ, 0 cặp, 0 đối tượng, nhóm []; 7s); game đang tải trận, dò lại ngay.
15:07:17 Đồng bộ xong: Arsenal FC, ngày 31/10/2026 (14.8s).
15:07:18 Bản đồ trận: chưa thấy trạng thái trận của game (3236 chỗ có mã cầu thủ, 0 cặp, 0 đối tượng, nhóm []; 16s); game đang tải trận, dò lại ngay.
15:07:27 Bản đồ trận: chưa thấy trạng thái trận của game (2913 chỗ có mã cầu thủ, 0 cặp, 0 đối tượng, nhóm []; 8s); game đang tải trận, dò lại ngay.
15:07:36 Bản đồ trận: chưa thấy trạng thái trận của game (2970 chỗ có mã cầu thủ, 0 cặp, 0 đối tượng, nhóm []; 8s); game đang tải trận, dò lại ngay.
15:07:45 Bản đồ trận: chưa thấy trạng thái trận của game (3040 chỗ có mã cầu thủ, 0 cặp, 0 đối tượng, nhóm []; 8s); game đang tải trận, dò lại ngay.
15:07:54 Bản đồ trận: chưa thấy trạng thái trận của game (2955 chỗ có mã cầu thủ, 0 cặp, 0 đối tượng, nhóm []; 8s); game đang tải trận, dò lại ngay.
15:08:03 Bản đồ trận: chưa thấy trạng thái trận của game (2978 chỗ có mã cầu thủ, 0 cặp, 0 đối tượng, nhóm []; 8s); game đang tải trận, dò lại ngay.
15:08:12 Bản đồ trận: chưa thấy trạng thái trận của game (2978 chỗ có mã cầu thủ, 0 cặp, 0 đối tượng, nhóm []; 8s); game đang tải trận, dò lại ngay.
15:08:21 Bản đồ trận: chưa thấy trạng thái trận của game (2978 chỗ có mã cầu thủ, 0 cặp, 0 đối tượng, nhóm []; 8s); game đang tải trận, dò lại ngay.
15:08:30 Bản đồ trận: chưa thấy trạng thái trận của game (2978 chỗ có mã cầu thủ, 0 cặp, 0 đối tượng, nhóm []; 8s); game đang tải trận, dò lại ngay.
15:08:39 Bản đồ trận: chưa thấy trạng thái trận của game (2980 chỗ có mã cầu thủ, 0 cặp, 0 đối tượng, nhóm []; 8s); game đang tải trận, dò lại ngay.
15:08:48 Bản đồ trận: chưa thấy trạng thái trận của game (2978 chỗ có mã cầu thủ, 0 cặp, 0 đối tượng, nhóm []; 8s); game đang tải trận, dò lại ngay.
15:08:57 Bản đồ trận: chưa thấy trạng thái trận của game (2978 chỗ có mã cầu thủ, 0 cặp, 0 đối tượng, nhóm []; 8s); game đang tải trận, dò lại ngay.
15:09:06 Bản đồ trận: chưa thấy trạng thái trận của game (2978 chỗ có mã cầu thủ, 0 cặp, 0 đối tượng, nhóm []; 8s); game đang tải trận, dò lại ngay.
15:09:15 Bản đồ trận: chưa thấy trạng thái trận của game (2978 chỗ có mã cầu thủ, 0 cặp, 0 đối tượng, nhóm []; 8s); game đang tải trận, dò lại ngay.
15:09:25 Bản đồ trận: chưa thấy trạng thái trận của game (2978 chỗ có mã cầu thủ, 0 cặp, 0 đối tượng, nhóm []; 8s); game đang tải trận, dò lại ngay.
15:09:34 Bản đồ trận: chưa thấy trạng thái trận của game (2978 chỗ có mã cầu thủ, 0 cặp, 0 đối tượng, nhóm []; 8s); game đang tải trận, dò lại ngay.
15:09:44 Bản đồ trận: chưa thấy trạng thái trận của game (2976 chỗ có mã cầu thủ, 0 cặp, 0 đối tượng, nhóm []; 8s); game đang tải trận, dò lại ngay.
15:10:02 Bản đồ trận: chưa thấy trạng thái trận của game (2976 chỗ có mã cầu thủ, 0 cặp, 0 đối tượng, nhóm []; 8s); game đang tải trận, dò lại ngay.
15:10:21 Bản đồ trận: chưa thấy trạng thái trận của game (2976 chỗ có mã cầu thủ, 0 cặp, 0 đối tượng, nhóm []; 8s); game đang tải trận, dò lại ngay.
15:10:39 Bản đồ trận: chưa thấy trạng thái trận của game (2976 chỗ có mã cầu thủ, 0 cặp, 0 đối tượng, nhóm []; 8s); game đang tải trận, dò lại ngay.
15:10:57 Bản đồ trận: chưa thấy trạng thái trận của game (3000 chỗ có mã cầu thủ, 0 cặp, 0 đối tượng, nhóm []; 7s); game đang tải trận, dò lại ngay.
15:11:15 Bản đồ trận: chưa thấy trạng thái trận của game (2989 chỗ có mã cầu thủ, 0 cặp, 0 đối tượng, nhóm []; 8s); game đang tải trận, dò lại ngay.
15:11:34 Bản đồ trận: chưa thấy trạng thái trận của game (2995 chỗ có mã cầu thủ, 0 cặp, 0 đối tượng, nhóm []; 8s); game đang tải trận, dò lại ngay.
15:11:53 Bản đồ trận: chưa thấy trạng thái trận của game (3014 chỗ có mã cầu thủ, 0 cặp, 0 đối tượng, nhóm []; 8s); game đang tải trận, dò lại ngay.
15:12:11 Bản đồ trận: chưa thấy trạng thái trận của game (3013 chỗ có mã cầu thủ, 0 cặp, 0 đối tượng, nhóm []; 8s); game đang tải trận, dò lại ngay.
15:12:29 Bản đồ trận: chưa thấy trạng thái trận của game (3795 chỗ có mã cầu thủ, 0 cặp, 0 đối tượng, nhóm []; 7s); game đang tải trận, dò lại ngay.
15:12:48 Bản đồ trận: chưa thấy trạng thái trận của game (4108 chỗ có mã cầu thủ, 9 cặp, 1 đối tượng, nhóm []; 9s); game đang tải trận, dò lại ngay.
15:12:59 Bản đồ trận: thấy trạng thái trận của game ngay từ danh sách của game: 22/22 cầu thủ (0.0s).
15:12:59 Bản đồ trận: tìm thấy 34 vị trí cầu thủ (0 biết tên), chưa thấy bóng (0.5s).
15:12:59 Bản đồ trận: ghi dữ liệu trận vào 20261002-151259_2026-10-31_17_101_179.
15:12:59 Bản đồ trận: đọc trực tiếp trạng thái trận của game: số áo, vị trí từng cầu thủ, thay người nhận ngay.
15:14:53 Bản đồ trận: ghi nhớ danh sách cầu thủ của game (278 con trỏ, 12 danh sách, 1 chỗ cố định; 53s): trận sau đọc ngay lúc giao bóng.
15:21:59 Bản đồ trận: Bạn thay người 64': Omar El Hilali vào, Elias Baum ra.
15:21:59 Bản đồ trận: Bạn thay người 64': Myles Lewis-Skelly vào, Álex Valle ra.
15:24:08 Bản đồ trận: Đối thủ thay người 78': Radu Drăgușin vào, Pedro Porro ra.
15:24:08 Bản đồ trận: Đối thủ thay người 78': Yves Bissouma vào, Archie Gray ra.
15:24:08 Bản đồ trận: Đối thủ thay người 78': Conor Gallagher vào, Rodrigo Bentancur ra.
15:24:08 Bản đồ trận: Đối thủ thay người 78': Dominic Solanke vào, Richarlison ra.
15:24:40 Bản đồ trận: Bạn thay người 78': Cristiano Ronaldo Júnior vào, Ruben van Bommel ra.
15:24:40 Bản đồ trận: Bạn thay người 78': Endrick vào, Roger Fernandes ra.
15:24:40 Bản đồ trận: Bạn thay người 78': Rodrigo Mora vào, Nico Paz ra.
15:29:15 Bản đồ trận: đã lưu diễn biến trận Arsenal FC – Tottenham Hotspur FC.
15:29:17 Điểm cầu thủ: đã đổi sang thang 10 trong trận vừa đá (vào save khi bạn lưu): Pau Cubarsí 6.0→6.5, Myles Lewis-Skelly 5.0→5.2, Declan Rice 6.0→6.5, David Raya 6.0→6.5, Endrick 5.5→5.9, Rodrigo Mora 5.5→5.9 …
15:29:42 Tìm thấy bảng giá trị cầu thủ trong bộ nhớ game (506 dòng, 24.8s).
15:38:58 Lưu trữ thêm 232 trận trên thế giới vào dữ liệu của AI.
15:39:00 Đồng bộ xong: Arsenal FC, ngày 7/11/2026 (19.7s).
FL26 Dugout đang chạy tại http://127.0.0.1:8770/
15:45:41 Kết nối điện thoại qua Internet: https://helps-found-guidance-wash.trycloudflare.com
15:45:49 Đồng bộ xong: Arsenal FC, ngày 7/11/2026 (9.3s).
15:50:53 Đồng bộ xong: Arsenal FC, ngày 7/11/2026 (4.6s).
FL26 Dugout đang chạy tại http://127.0.0.1:8770/
16:21:50 Kết nối điện thoại qua Internet: https://bond-tier-powder-outer.trycloudflare.com
16:21:55 Đồng bộ xong: Arsenal FC, ngày 7/11/2026 (7.6s).
FL26 Dugout đang chạy tại http://127.0.0.1:8770/
17:00:19 Kết nối điện thoại qua Internet: https://specialist-finds-occupations-operated.trycloudflare.com
17:00:26 Đồng bộ xong: Arsenal FC, ngày 7/11/2026 (10.1s).
FL26 Dugout đang chạy tại http://127.0.0.1:8770/
17:04:46 Kết nối điện thoại qua Internet: https://betty-zen-heel-bring.trycloudflare.com
17:04:54 Đồng bộ xong: Arsenal FC, ngày 7/11/2026 (11.6s).
